﻿"統一編號","公司名稱","公司地址","實收資本額","公司狀態","產製日期"
"05010317","好聲實業有限公司","臺北市信義區莊敬路178巷1號7樓之2","null","核准設立","2022-01-01 02:42:19.947"
"05643495","尚洪工程有限公司","臺北市萬華區昆明街34號5樓之2","null","廢止","2022-01-01 02:42:19.947"
"12861019","威剛科技股份有限公司","新北市中和區連城路258號18樓","2611032860","核准設立","2022-01-01 02:42:19.947"
"12890817","瑞森國際興業有限公司","新北市三峽區中正路1段292巷18號1樓","null","核准設立","2022-01-01 02:42:19.947"
"12973318","全球整合國際網路有限公司","新北市板橋區漢生東路173號2樓之1","0","解散","2022-01-01 02:42:19.947"
"13002516","龍憶科技企業有限公司","新北市新店區北新路2段27號1樓","null","核准設立","2022-01-01 02:42:19.947"
"13035241","承峰貿易股份有限公司","屏東縣屏東市廣興里廣興81-2號","5000000","核准設立","2022-01-01 02:42:19.947"
"13056076","富霖管理顧問有限公司","臺北市中山區復興北路2號11樓之6","null","核准設立","2022-01-01 02:42:19.947"
"15319335","新東陽股份有限公司","臺北市大安區忠孝東路4段289號8樓","880000000","核准設立","2022-01-01 02:42:19.947"
"16058153","安聯企業股份有限公司","花蓮縣新城鄉順安村草林1號之25","10000000","核准設立","2022-01-01 02:42:19.947"
"16125322","松承實業有限公司","高雄市楠梓區後昌路876巷2弄109號6樓","0","核准設立","2022-01-01 02:42:19.947"
"16189845","向揚錄影網路電視有限公司","臺中市沙鹿區竹林里光華路302巷43號","0","核准設立","2022-01-01 02:42:19.947"
"16251538","力俞室內裝修科技有限公司","臺中市西屯區何仁里長安路1段46巷23之1號1樓","null","解散","2022-01-01 02:42:19.947"
"16393852","巨霆企業有限公司","屏東縣長治鄉香楊村香楊路31號1樓","0","核准設立","2022-01-01 02:42:19.947"
"16502063","緯菱國際有限公司","宜蘭縣員山鄉湖西村二湖路37號","0","核准設立，但已命令解散","2022-01-01 02:42:19.947"
"16820460","中信物業有限公司","高雄市鳳山區黃埔路62號1樓","0","核准設立","2022-01-01 02:42:19.947"
"16846927","聖祖股份有限公司","金門縣金寧鄉盤山村伯玉路2段301號","20000000","核准設立","2022-01-01 02:42:19.947"
"16871903","國鈞加油站實業有限公司","雲林縣崙背鄉東明村南昌路399號","0","核准設立","2022-01-01 02:42:19.947"
"16910151","時時樂開發事業有限公司","臺南市中西區友愛街三六三號地下壹樓","null","廢止","2022-01-01 02:42:19.947"
"22433229","欒芳企業有限公司","臺北市信義區忠孝東路5段1之5號6樓","null","核准設立","2022-01-01 02:42:19.947"
"22555003","統一超商股份有限公司","臺北市松山區東興路8號8樓","10396222550","核准設立","2022-01-01 02:42:19.947"
"22853565","來來超商股份有限公司","臺北市信義區松德路131號地下1樓","1050000000","核准設立","2022-01-01 02:42:19.947"
"22868379","金台企業股份有限公司","臺北市文山區興隆路2段244巷1號1樓","13000000","核准設立","2022-01-01 02:42:19.947"
"22980788","泉家企業有限公司","宜蘭縣礁溪鄉吳沙村礁溪路1段283號","0","核准設立","2022-01-01 02:42:19.947"
"23060248","全家便利商店股份有限公司","臺北市中山區中山北路2段61號7樓","2232200000","核准設立","2022-01-01 02:42:19.947"
"23200418","豐田加油站有限公司","屏東縣內埔鄉豐田村中正路467號","null","核准設立","2022-01-01 02:42:19.947"
"23285582","萊爾富國際股份有限公司","臺北市內湖區西湖里瑞光路502號3樓","614927450","核准設立","2022-01-01 02:42:19.947"
"23447756","台興企管顧問有限公司","臺北市中正區忠孝東路1段152號10樓之6","null","核准設立","2022-01-01 02:42:19.947"
"23494146","苑北企業股份有限公司","苗栗縣苑裡鎮苑港里中山路450號","12000000","核准設立","2022-01-01 02:42:19.947"
"23505973","中均實業有限公司","臺中市石岡區和盛里豐勢路29號","0","核准設立","2022-01-01 02:42:19.947"
"23986254","佳懿建設股份有限公司","臺北市大安區忠孝東路4段209號9樓之5","2100000000","解散","2022-01-01 02:42:19.947"
"24246813","伊化國際有限公司","臺南市永康區南灣里大灣一街30號2樓","0","核准設立","2022-01-01 02:42:19.947"
"24266465","優遊吧斯股份有限公司","嘉義縣阿里山鄉樂野村樂野127之2號","50000000","核准設立","2022-01-01 02:42:19.947"
"24275154","沃鑫工程有限公司","臺北市北投區永興路1段32巷3弄3號1樓","null","核准設立","2022-01-01 02:42:19.947"
"24285532","元塑實業有限公司","新竹縣竹北市文化里光明一路285號","null","解散","2022-01-01 02:42:19.947"
"24408627","麻豆油業有限公司","臺南市麻豆區麻口里麻豆口10之12號","0","核准設立","2022-01-01 02:42:19.947"
"24414515","崇理有限公司","臺中市南區和平里9鄰復興路二段71巷77弄71號4樓","null","廢止","2022-01-01 02:42:19.947"
"24419151","正文成國際有限公司","新北市永和區中正路283巷62號2樓","null","廢止","2022-01-01 02:42:19.947"
"24475701","醇陽貿易股份有限公司","臺北市士林區德行東路251號","2000000","解散","2022-01-01 02:42:19.947"
"24492103","就愛購股份有限公司","新北市土城區明德路1段240巷2號","60000000","核准設立","2022-01-01 02:42:19.947"
"24502290","珍藏藝品有限公司","高雄市楠梓區後昌路140號","null","解散","2022-01-01 02:42:19.947"
"24520678","虎克洛克有限公司","高雄市鼓山區大順一路947號13樓之1","0","核准設立","2022-01-01 02:42:19.947"
"24542602","昇達綠能國際有限公司","臺北市萬華區西藏路164號","null","解散","2022-01-01 02:42:19.947"
"24626139","方儀有限公司","基隆市中正區正砂里中正路442-4號5樓","0","解散","2022-01-01 02:42:19.947"
"24637451","華融國際企業有限公司","苗栗縣苗栗市上苗里7鄰社寮街59號","0","核准設立","2022-01-01 02:42:19.947"
"24666526","世運租車股份有限公司","新北市板橋區板新路92號","10000000","核准設立","2022-01-01 02:42:19.947"
"24684587","台灣名品國際企業有限公司","高雄市苓雅區自強三路3號12樓之42","0","核准設立","2022-01-01 02:42:19.947"
"24704958","燦國實業股份有限公司","新北市板橋區和平路14巷3號","30000000","核准設立","2022-01-01 02:42:19.947"
"24705008","厚億實業股份有限公司","臺中市太平區環中東路四段369號","100000000","核准設立","2022-01-01 02:42:19.947"
"24717665","海芙歐那股份有限公司","新北市新店區建國路257號5樓之2","10000000","核准設立","2022-01-01 02:42:19.947"
"24721099","育安室內裝修股份有限公司","新北市板橋區莒光路53之3號","8000000","核准設立","2022-01-01 02:42:19.947"
"24723033","好吉祥股份有限公司","新北市新店區建國路236號(1樓)","6000000","核准設立","2022-01-01 02:42:19.947"
"24749250","創顧媒合諮商有限公司","臺北市信義區信義路5段8號14樓","0","廢止","2022-01-01 02:42:19.947"
"24754886","嘉潤生醫科技股份有限公司","臺北市信義區松山路142之1號3樓","500000","核准設立","2022-01-01 02:42:19.947"
"24768299","翰躍國際有限公司","臺北市信義區市民大道6段38號","0","核准設立","2022-01-01 02:42:19.947"
"24812464","金莎堡股份有限公司","金門縣金寧鄉盤山村伯玉路2段223號2樓之4","10000000","核准設立","2022-01-01 02:42:19.947"
"24831960","五更物產有限公司","臺中市大里區塗城路33巷7號","null","解散","2022-01-01 02:42:19.947"
"24846128","全威有限公司","臺中市北區五順街30號1樓","0","核准設立","2022-01-01 02:42:19.947"
"24865089","倢宇茹實業有限公司","桃園市中壢區文化里吉利十街65號4樓","0","解散","2022-01-01 02:42:19.947"
"24885347","集市多有限公司","南投縣南投市漳和里華陽路391巷40號1樓","0","解散","2022-01-01 02:42:19.947"
"24885563","木鋤造樸企業有限公司","屏東縣枋寮鄉人和村中正大路791號","0","核准設立","2022-01-01 02:42:19.947"
"24893846","富貴極致國際有限公司","新北市鶯歌區國慶街76巷5號4樓","0","核准設立","2022-01-01 02:42:19.947"
"24963146","創意無限室內裝修設計有限公司","基隆市中正區中船路102-1號5樓","0","廢止","2022-01-01 02:42:19.947"
"24989997","芮麗生醫科技有限公司","屏東縣屏東市大同北路98號","0","廢止","2022-01-01 02:42:19.947"
"25012735","大前設計工程有限公司","屏東縣屏東市空翔里蘭州街35號","0","核准設立","2022-01-01 02:42:19.947"
"25023775","昱鼎鑫股份有限公司","臺中市北區成功路397巷11號1樓","12000000","核准設立","2022-01-01 02:42:19.947"
"25045497","廣力化學有限公司","臺中市西區精誠二十一街46號5樓之2","0","核准設立","2022-01-01 02:42:19.947"
"25073562","安泰禮儀用品有限公司","臺中市北區五順街34號1樓","0","核准設立","2022-01-01 02:42:19.947"
"25104299","基瑟思國際商輔有限公司","臺北市大同區重慶北路1段22號11樓之1","0","核准設立","2022-01-01 02:42:19.947"
"25120349","博彩交易有限公司","臺北市中正區忠孝西路1段7號6樓之1","null","解散","2022-01-01 02:42:19.947"
"25133843","鴻基生醫科技有限公司","臺北市南港區三重路19之11號3樓","0","廢止","2022-01-01 02:42:19.947"
"25148212","幸運數碼科技股份有限公司","新北市中和區板南路653號14樓","666670","解散","2022-01-01 02:42:19.947"
"25198205","准境工程有限公司","桃園市新屋區下田里中山西路二段1181巷6弄2號","0","核准設立","2022-01-01 02:42:19.947"
"27297407","源德開發有限公司","臺中市北屯區安順東七街20號1樓","null","核准設立","2022-01-01 02:42:19.947"
"27370292","誠創數位科技有限公司","基隆市安樂區樂利三街57號2樓之4","0","核准設立","2022-01-01 02:42:19.947"
"27385540","敬翔科技娛樂有限公司","臺中市北區雙十路９４號１樓","null","廢止","2022-01-01 02:42:19.947"
"27400465","上城建設股份有限公司","臺中市西區民生里自由路一段128號1，2樓地下室","60000000","核准設立","2022-01-01 02:42:19.947"
"27415397","萬通加油站有限公司","桃園市楊梅區高榮里快速路五段713號","0","核准設立","2022-01-01 02:42:19.947"
"27564889","緻金事件行銷有限公司","臺北市信義區忠孝東路5段477-1號","null","廢止","2022-01-01 02:42:19.947"
"27591350","清境娜嚕灣股份有限公司","南投縣仁愛鄉大同村仁和路207-6號1樓","10000000","核准設立","2022-01-01 02:42:19.947"
"27597447","亨億企業有限公司","屏東縣長治鄉香楊村香楊路31號2樓","0","核准設立","2022-01-01 02:42:19.947"
"27605925","愛蘭橋加油站有限公司","南投縣埔里鎮同聲里光遠一街39號1樓","0","廢止","2022-01-01 02:42:19.947"
"27617149","美食達人股份有限公司","臺中市南屯區工業區23路35號","359087270","核准設立","2022-01-01 02:42:19.947"
"27705451","亞聯國際開發股份有限公司","高雄市三民區建興路226號","3000000","解散","2022-01-01 02:42:19.947"
"27775603","均芫實業有限公司","新北市三重區光復路2段102巷25號5樓","null","核准設立","2022-01-01 02:42:19.947"
"27844806","喬鐿音響有限公司","新北市中和區中山路2段2巷45弄24之3號","null","解散","2022-01-01 02:42:19.947"
"27854281","世特奇有限公司","桃園市中壢區慈惠三街110號","null","解散","2022-01-01 02:42:19.947"
"27872719","紹坤室內裝修有限公司","臺北市萬華區雙園街109號2樓","0","核准設立，但已命令解散","2022-01-01 02:42:19.947"
"27888888","嘉巨有限公司","新北市五股區中興路1段128巷30號5樓","null","核准設立","2022-01-01 02:42:19.947"
"27942171","台灣彩券股份有限公司","臺北市南港區經貿二路188號15樓","500000000","核准設立","2022-01-01 02:42:19.947"
"28075987","億瓏加油站有限公司","桃園市桃園區中成里力行路368號","0","核准設立","2022-01-01 02:42:19.947"
"28106270","新天地管理有限公司","新北市新店區北新路3段105巷11號","null","廢止","2022-01-01 02:42:19.947"
"28129288","慶達加油站有限公司","基隆市信義區孝東路６３號１樓","null","解散","2022-01-01 02:42:19.947"
"28129674","榮光之星加油站有限公司","南投縣埔里鎮榮光路1-11號二樓","0","核准設立","2022-01-01 02:42:19.947"
"28175199","宏世通國際有限公司","臺北市內湖區民權東路6段180巷6號5樓之4","null","核准設立","2022-01-01 02:42:19.947"
"28195619","住屋生活事業股份有限公司","臺北市松山區南京東路5段202號10樓之1","2000000","解散","2022-01-01 02:42:19.947"
"28209917","洗衣王國際有限公司","新北市新莊區瓊林南路187巷34號","0","核准設立","2022-01-01 02:42:19.947"
"28330185","群登物業管理有限公司","高雄市鳳山區鳳頂路375號1樓","0","核准設立","2022-01-01 02:42:19.947"
"28341084","茂迪實業有限公司","臺中市潭子區潭秀里南門街6號1樓","null","解散","2022-01-01 02:42:19.947"
"28357634","麗陽股份有限公司","臺北市內湖區內湖路1段246號3樓","150000000","核准設立","2022-01-01 02:42:19.947"
"28401982","昶偉實業有限公司","彰化縣溪湖鎮湖西里西環路207號","null","解散","2022-01-01 02:42:19.947"
"28468821","煥睿國際有限公司","臺北市大同區環河北路2段277號","null","解散","2022-01-01 02:42:19.947"
"28530228","翔冠科技工程有限公司","花蓮縣吉安鄉建國路一段62巷2弄4號","0","核准設立","2022-01-01 02:42:19.947"
"28534364","茂虹興業股份有限公司","桃園市龍潭區高平里中豐路高平段164號1樓","5000000","解散","2022-01-01 02:42:19.947"
"28600764","迎媞企業有限公司","高雄市鼓山區河邊街115巷25號","0","廢止","2022-01-01 02:42:19.947"
"28605162","富爾達廣告行銷企劃有限公司","高雄市仁武區仁雄路11號1樓","0","核准設立","2022-01-01 02:42:19.947"
"28607582","海山國際文創影音傳媒有限公司","高雄市三民區克武路15號1樓","0","核准設立","2022-01-01 02:42:19.947"
"28622330","美味達人股份有限公司","臺中市南屯區工業區二十三路30號1樓","558930","核准設立","2022-01-01 02:42:19.947"
"28657674","美味復興有限公司","臺中市南區復興路三段388號","0","核准設立","2022-01-01 02:42:19.947"
"28705520","基礎流通事業股份有限公司","臺北市大安區忠孝東路4段333號12樓之3","101000000","解散","2022-01-01 02:42:19.947"
"28758883","安比創股份有限公司","新北市瑞芳區員山子路員山巷31號","75400000","核准設立","2022-01-01 02:42:19.947"
"28776854","運彩科技股份有限公司","臺北市中山區中山北路2段50號","97292000","解散","2022-01-01 02:42:19.947"
"28824027","貓纜股份有限公司","臺北市大安區復興南路1段204號11樓之2","1800000","核准設立","2022-01-01 02:42:19.947"
"28836797","家的服務股份有限公司","臺南市仁德區新田里新田路12號3F-2","10000000","廢止","2022-01-01 02:42:19.947"
"28862252","廣集鑫娛樂事業有限公司","臺北市中山區民生東路2段64號1樓","null","廢止","2022-01-01 02:42:19.947"
"28865693","環球可頌企業有限公司","臺北市文山區下崙路11巷31號地下之3","0","核准設立","2022-01-01 02:42:19.947"
"28877473","宝之玉有限公司","新北市三重區仁化街9號","null","解散","2022-01-01 02:42:19.947"
"28882291","山大王開發股份有限公司","南投縣埔里鎮清新里南興街222號","9000000","核准設立","2022-01-01 02:42:19.947"
"28892381","墾丁龍潭休閒農場股份有限公司","屏東縣恆春鎮山腳里恆南路1號","80000000","核准設立","2022-01-01 02:42:19.947"
"28977655","日商台灣自行車競技股份有限公司","高雄市苓雅區中正二路18號7樓","0","撤回認許","2022-01-01 02:42:19.947"
"28995788","囍莊企業股份有限公司","金門縣金湖鎮新湖里市港路1號","50000000","核准設立","2022-01-01 02:42:19.947"
"29015988","高登廣業有限公司","高雄市鳳山區中崙路662巷11號2樓","0","核准設立","2022-01-01 02:42:19.947"
"29026845","金城造船有限公司","高雄市苓雅區青年2路212號6樓之1","null","廢止","2022-01-01 02:42:19.947"
"29074655","大英國際實業有限公司","臺北市北投區東華街1段22巷4弄9號2樓","0","核准設立","2022-01-01 02:42:19.947"
"29081261","寬馳運動行銷顧問有限公司","苗栗縣後龍鎮中龍里5鄰中市街199號1樓","0","核准設立","2022-01-01 02:42:19.947"
"33115502","艾德蒙海外股份有限公司","新北市中和區中正路716號12樓之3","577506450","核准設立","2022-01-01 02:42:19.947"
"35834669","華陽國際物流股份有限公司","臺北市大安區忠孝東路4段289號8樓","85000000","核准設立","2022-01-01 02:42:19.947"
"42570657","鼎福元生命事業有限公司","新竹市北區水田里經國路二段111號6樓之12","0","解散","2022-01-01 02:42:19.947"
"42578031","阿米巴國際股份有限公司","桃園市新屋區下田里中山西路二段1181巷6弄2號3樓","800000","解散","2022-01-01 02:42:19.947"
"42582302","愛爸爸實業有限公司","宜蘭縣羅東鎮復興路一段51號1樓","0","核准設立","2022-01-01 02:42:19.947"
"42608197","海逸生活有限公司","基隆市中山區德安路116巷68號","0","核准設立","2022-01-01 02:42:19.947"
"42634625","鴻大營利事業股份有限公司","臺北市松山區南京東路5段251巷24弄22號2樓之1","3000000","核准設立","2022-01-01 02:42:19.947"
"42653404","樹星應用科技有限公司","臺北市大安區忠孝東路4段162號12樓之3","0","核准設立","2022-01-01 02:42:19.947"
"42681648","興富發上城建設有限公司","臺中市西屯區臺灣大道3段90號21樓之2","0","核准設立","2022-01-01 02:42:19.947"
"42687896","虎頭開發有限公司","臺中市西屯區臺灣大道三段90號21樓之2","0","核准設立","2022-01-01 02:42:19.947"
"42711615","畢可有限公司","新竹縣新埔鎮田新里田新六街106號","0","核准設立","2022-01-01 02:42:19.947"
"42717717","全國有限公司","新北市樹林區光興街294號","0","核准設立","2022-01-01 02:42:19.947"
"42728236","演化文有限公司","新北市板橋區雙十路2段41巷15號10樓","0","核准設立","2022-01-01 02:42:19.947"
"42736714","瑞泊斯股份有限公司","新北市板橋區重慶路35巷4及6號","6100000","核准設立","2022-01-01 02:42:19.947"
"42768638","聖地牙哥企業股份有限公司","桃園市龜山區文昌三街80號","1000000","解散","2022-01-01 02:42:19.947"
"42818010","群享科技有限公司","高雄市阿蓮區中正路656號","0","核准設立","2022-01-01 02:42:19.947"
"42845712","悠遊有限公司","臺北市中正區寧波東街3之2號","0","核准設立","2022-01-01 02:42:19.947"
"42848669","悠遊一卡通專屬停車場開發有限公司","臺北市中正區寧波東街3之3號","0","核准設立","2022-01-01 02:42:19.947"
"42865076","安昱實業有限公司","臺北市信義區東興路45號10樓","0","核准設立","2022-01-01 02:42:19.947"
"42876643","寶田企業有限公司","臺中市西屯區永福路175號1樓","0","核准設立","2022-01-01 02:42:19.947"
"42913393","愛納國際股份有限公司","高雄市三民區建國三路2之2號5樓","1000000","核准設立","2022-01-01 02:42:19.947"
"42947627","硫鑄創意有限公司","新竹市東區復興里2鄰中央路309巷30號","0","核准設立","2022-01-01 02:42:19.947"
"42975003","箱聚文創股份有限公司","金門縣金寧鄉盤山村伯玉路二段223-1號","6500000","核准設立","2022-01-01 02:42:19.947"
"43882756","賀全實業股份有限公司","高雄市三民區皓東路123號1樓","500000","核准設立","2022-01-01 02:42:19.947"
"45114675","家盛有限公司","屏東縣屏東市大武里建南路153號1樓","0","核准設立","2022-01-01 02:42:19.947"
"46123645","日出商業開發有限公司","臺北市大同區南京西路18巷6弄1號、1之1號、1之2號、1之3號","0","核准設立","2022-01-01 02:42:19.947"
"47019944","大云旺科技股份有限公司","新北市新莊區瓊林南路187巷34號","1000000","核准設立","2022-01-01 02:42:19.947"
"47085681","全國氣體有限公司","新北市樹林區光興街294號","0","核准設立","2022-01-01 02:42:19.947"
"50778645","和陽國際企業有限公司","新北市板橋區板南路498號7樓之3","0","核准設立","2022-01-01 02:42:19.947"
"50872424","樂在琪中國際有限公司","臺北市中山區新生北路2段127巷1之1號","0","核准設立","2022-01-01 02:42:19.947"
"50957393","喜德整合有限公司","桃園市龜山區文華里文化七路98號6樓","0","核准設立","2022-01-01 02:42:19.947"
"50986952","面對面國際控股股份有限公司","新北市五股區民義路1段208號5樓","5000000","核准設立","2022-01-01 02:42:19.947"
"52592292","環球天愛頤民投顧有限公司","臺北市中山區復興北路190巷35號1樓","0","核准設立","2022-01-01 02:42:19.947"
"52640560","禾世安經營管理顧問有限公司","臺北市南港區興中路28巷28號7樓之1","0","核准設立","2022-01-01 02:42:19.947"
"52677257","喜寶寶有限公司","臺北市內湖區內湖路3段87號1樓","0","解散","2022-01-01 02:42:19.947"
"53006952","源誠開發事業有限公司","金門縣金寧鄉環島西路二段81巷2-1號","0","解散","2022-01-01 02:42:19.947"
"53014735","金石開發國際股份有限公司","金門縣金寧鄉盤山村盤果路200號","500000","解散","2022-01-01 02:42:19.947"
"53040895","十大展業有限公司","澎湖縣馬公市嵵裡里77號","null","解散","2022-01-01 02:42:19.947"
"53044581","俊佑加油站有限公司","雲林縣斗南鎮阿丹里阿丹路3號","null","核准設立","2022-01-01 02:42:19.947"
"53063209","集康科技有限公司","臺南市永康區復國里復華二街33巷8號","null","解散","2022-01-01 02:42:19.947"
"53089664","昊鼎股份有限公司","新竹縣新豐鄉福興村7鄰圓山子116-2號五樓","5000000","核准設立","2022-01-01 02:42:19.947"
"53165753","中達興業股份有限公司","屏東縣屏東市義勇里廣東南路92號3樓之2","300000","核准設立","2022-01-01 02:42:19.947"
"53181965","元古實業有限公司","澎湖縣馬公市新店路472號","0","核准設立","2022-01-01 02:42:19.947"
"53198852","鴻海綠能文創事業有限公司","新北市永和區光復街30號5樓","0","核准設立","2022-01-01 02:42:19.947"
"53202053","大力金國際有限公司","新北市板橋區中正路326巷8號5樓","0","核准設立","2022-01-01 02:42:19.947"
"53205755","咪噠積股份有限公司","新北市新店區民權路95號10樓之5","10000000","核准設立","2022-01-01 02:42:19.947"
"53208599","炬久有限公司","新北市蘆洲區九芎街138巷3號5樓","null","核准設立","2022-01-01 02:42:19.947"
"53218246","勛豪貿易有限公司","新北市土城區福安街76之5號12樓","null","核准設立","2022-01-01 02:42:19.947"
"53225942","建德加油站實業股份有限公司","新北市石碇區文山路1段9號","20000000","核准設立","2022-01-01 02:42:19.947"
"53235961","蕙如企管顧問有限公司","高雄市苓雅區四維四路5號7樓之1","null","解散","2022-01-01 02:42:19.947"
"53236119","台灣多媒體國際股份有限公司","臺北市中正區忠孝西路1段4號8樓","5000000","核准設立","2022-01-01 02:42:19.947"
"53242371","壹大樂數位科技有限公司","高雄市小港區義興街21號11樓","null","解散","2022-01-01 02:42:19.947"
"53250884","心武有限公司","高雄市苓雅區明德街29號","null","核准設立","2022-01-01 02:42:19.947"
"53319223","行列有限公司","臺北市信義區永吉路278巷2弄1號","null","解散","2022-01-01 02:42:19.947"
"53323161","廬醫山本草生技股份有限公司","臺北市中正區忠孝東路2段100號5樓、5樓之1","16000000","解散","2022-01-01 02:42:19.947"
"53323937","無限創意科技工程有限公司","基隆市中正區中船路102-1號5樓","0","廢止","2022-01-01 02:42:19.947"
"53405418","聚聯發建設有限公司","臺南市東區東智里崇德路915號1樓","0","核准設立","2022-01-01 02:42:19.947"
"53424560","荃福有限公司","新北市三峽區中正路3段31號","0","解散","2022-01-01 02:42:19.947"
"53545425","予安國際有限公司","新北市三重區力行路2段161號1樓及2樓","0","核准設立","2022-01-01 02:42:19.947"
"53556581","愛仕薇特國際有限公司","臺北市內湖區民權東路6段180巷6號5樓之4","0","解散","2022-01-01 02:42:19.947"
"53570922","向華國際影視有限公司","新北市三峽區中園街225之8號","0","核准設立","2022-01-01 02:42:19.947"
"53585517","傑丹企業有限公司","高雄市小港區義興街21號11樓","0","核准設立","2022-01-01 02:42:19.947"
"53599189","天皇海水產有限公司","臺中市豐原區源豐路334巷2號2樓","0","核准設立","2022-01-01 02:42:19.947"
"53614013","歐吧馬運動事業股份有限公司","臺中市北區中達里英才路195號1樓","10000000","解散","2022-01-01 02:42:19.947"
"53624574","辰佑科技有限公司","桃園市平鎮區義興里育達路85巷38號4樓","null","解散","2022-01-01 02:42:19.947"
"53629070","寰海國際貿易有限公司","臺中市潭子區聚興里潭興路一段264號1樓","0","核准設立","2022-01-01 02:42:19.947"
"53638280","祥發國際商城股份有限公司","基隆市中正區中正路446號","10000000","核准設立","2022-01-01 02:42:19.947"
"53641356","鉦峰環保科技有限公司","臺東縣臺東市南王里更生北路559巷40號1樓","null","核准設立","2022-01-01 02:42:19.947"
"53690829","穩贏家族管理顧問有限公司","新北市八里區龍米路3段58之8號","0","解散","2022-01-01 02:42:19.947"
"53694873","齊益工程有限公司","新北市五股區四維路90號7樓","0","核准設立，但已命令解散","2022-01-01 02:42:19.947"
"53704062","誠至有限公司","新北市蘆洲區民義街35巷6號2樓之1","0","解散","2022-01-01 02:42:19.947"
"53707949","我們是一家股份有限公司","新北市五股區成泰路3段216號","500000","核准設立","2022-01-01 02:42:19.947"
"53708980","達特國際開發有限公司","新北市土城區裕民路92巷23弄7號","null","廢止","2022-01-01 02:42:19.947"
"53713267","立宏國際文教事業有限公司","花蓮縣鳳林鎮榮開路200號","0","核准設立","2022-01-01 02:42:19.947"
"53726164","精英國際管理顧問企業有限公司","新北市淡水區新市三路2段181號7樓","0","核准設立","2022-01-01 02:42:19.947"
"53734039","易明訊息股份有限公司","臺北市松山區南京東路4段152號10樓","5000000","解散","2022-01-01 02:42:19.947"
"53739739","樂特利股份有限公司","臺北市信義區信安街86號1樓","5000000","解散","2022-01-01 02:42:19.947"
"53751064","承康創意整合行銷有限公司","新北市新莊區中華路1段100號2樓","0","核准設立","2022-01-01 02:42:19.947"
"53752079","東葳科技股份有限公司","臺北市內湖區瑞光路298號5樓","10000000","廢止","2022-01-01 02:42:19.947"
"53756624","中華三亞國際有限公司","新北市林口區文化二路2段153號2樓之2","0","核准設立","2022-01-01 02:42:19.947"
"53780053","和作有限公司","臺中市北區光大里中清路一段100號13樓之5","0","廢止","2022-01-01 02:42:19.947"
"53805081","阿布丁丁國際股份有限公司","臺南市安平區安平路161號","2060000","廢止","2022-01-01 02:42:19.947"
"53810417","栢竩環保有限公司","臺中市烏日區仁德里信義街247巷75弄5號1樓","null","解散","2022-01-01 02:42:19.947"
"53838153","宅流通事業開發有限公司","臺北市信義區松智路1號11樓","null","廢止","2022-01-01 02:42:19.947"
"53869697","虛擬國際網站事業有限公司","新北市新店區太平路20號10樓","0","核准設立","2022-01-01 02:42:19.947"
"53891889","蘊嶸國際企業有限公司","高雄市楠梓區土庫路259號5樓之3","null","解散","2022-01-01 02:42:19.947"
"53894871","倫通工程有限公司","高雄市大寮區翁園路13巷83號1樓","0","核准設立","2022-01-01 02:42:19.947"
"53901991","天峰資訊有限公司","高雄市鳳山區和興街40號","0","核准設立","2022-01-01 02:42:19.947"
"53933179","澄果傳媒科技股份有限公司","臺北市信義區信義路4段415號8樓之4","50000000","核准設立","2022-01-01 02:42:19.947"
"53960055","宏汛股份有限公司","基隆市七堵區富民里明德一路34-12號","5000000","解散","2022-01-01 02:42:19.947"
"53967085","創晟環保科技有限公司","宜蘭縣羅東鎮漢民里忠孝路43號1樓","null","解散","2022-01-01 02:42:19.947"
"53968140","頌揚有限公司","新竹市北區湳中里武陵路177-3號B1","null","解散","2022-01-01 02:42:19.947"
"53985295","有和展業有限公司","臺中市中區興中街64號2樓","0","廢止","2022-01-01 02:42:19.947"
"54005452","田鑫產業有限公司","臺中市大雅區大雅里民興街57號4樓、5樓","0","核准設立","2022-01-01 02:42:19.947"
"54040541","微笑有限公司","新北市三重區頂崁街206巷14號(2樓)","null","核准設立","2022-01-01 02:42:19.947"
"54043033","台灣運動彩券股份有限公司","臺北市松山區民生東路4段133號9樓","525000000","核准設立","2022-01-01 02:42:19.947"
"54049487","馨誠國際有限公司","新北市林口區麗林里14鄰文化二路1段68巷14號6樓之1","null","解散","2022-01-01 02:42:19.947"
"54070853","汎美國際企管顧問有限公司","臺南市北區和順里公園南路330號","0","解散","2022-01-01 02:42:19.947"
"54098634","盈馨國際股份有限公司","臺中市西區民龍里臺灣大道二段186號20樓之5","1000000","核准設立","2022-01-01 02:42:19.947"
"54176820","台仕帝體育運動發展事業有限公司","臺北市大安區和平東路3段20號8樓","0","核准設立","2022-01-01 02:42:19.947"
"54274977","帕斯客國際有限公司","新北市新莊區中原東路192之1號9樓","0","核准設立","2022-01-01 02:42:19.947"
"54305161","樂富投資股份有限公司","屏東縣麟洛鄉麟蹄村5鄰中山路382之92號","20000000","核准設立","2022-01-01 02:42:19.947"
"54315132","富比士傳媒有限公司","臺北市中山區建國北路2段65號11樓","0","核准設立","2022-01-01 02:42:19.947"
"54364962","井治實業有限公司","臺北市北投區新興路72號1樓","0","核准設立","2022-01-01 02:42:19.947"
"54520859","鉅唐國際企業有限公司","彰化縣花壇鄉中口村中山路二段569號","0","核准設立","2022-01-01 02:42:19.947"
"54522625","龍杰企業有限公司","桃園市桃園區龍壽街215之10號","0","解散","2022-01-01 02:42:19.947"
"54549482","全國企業有限公司","臺南市南區建南里永成路2段587號","0","核准設立","2022-01-01 02:42:19.947"
"54582931","巨龍資產管理有限公司","臺中市北區淡溝里臺灣大道二段360號13樓之5","null","解散","2022-01-01 02:42:19.947"
"54639548","榮星有限公司","臺北市大安區忠孝東路4段169號11樓之4","0","核准設立","2022-01-01 02:42:19.947"
"54639786","亮點人才顧問有限公司","臺北市士林區德行西路36號3樓之12","0","解散","2022-01-01 02:42:19.947"
"54651697","誠盟股份有限公司","臺北市松山區復興北路57號3樓之1","250000000","核准設立","2022-01-01 02:42:19.947"
"54653739","富浴室內裝修有限公司","臺北市內湖區民善街89號3樓","0","解散","2022-01-01 02:42:19.947"
"54692830","貝網行銷股份有限公司","桃園市龜山區楓樹里楓樹一街70巷7號","3825000","解散","2022-01-01 02:42:19.947"
"54694289","厚德國際實業股份有限公司","臺中市中區建國路187號","20000000","核准設立","2022-01-01 02:42:19.947"
"54699159","一世沛國際有限公司","桃園市中壢區中園路28之17號15樓","0","核准設立，但已命令解散","2022-01-01 02:42:19.947"
"54724679","我愛購國際有限公司","新北市淡水區八勢一街46號3樓","0","解散","2022-01-01 02:42:19.947"
"54751540","毅鼎新光電有限公司","臺中市神岡區社口里民權一街63號1樓","null","核准設立","2022-01-01 02:42:19.947"
"54760920","全家不動產經紀有限公司","臺中市大雅區上雅里12鄰民生路一段191巷2號1樓","0","解散","2022-01-01 02:42:19.947"
"54782282","墾丁龍潭休閒育樂有限公司","屏東縣恆春鎮山腳里恆南路1號","0","核准設立","2022-01-01 02:42:19.947"
"54799946","正鑫國際投資顧問有限公司","南投縣草屯鎮新豐里成功路1段770-1號","0","核准設立","2022-01-01 02:42:19.947"
"54823538","福昇加油站有限公司","高雄市路竹區復興路1211號","0","核准設立","2022-01-01 02:42:19.947"
"54861737","厚信實業股份有限公司","臺中市南區正氣街36號","80000000","核准設立","2022-01-01 02:42:19.947"
"54873121","向億美食商場有限公司","新北市新店區中正路700巷73號4樓","0","核准設立","2022-01-01 02:42:19.947"
"54883459","東勢房屋土地開發有限公司","臺中市東勢區北興里豐勢路513號1樓","0","核准設立","2022-01-01 02:42:19.947"
"54957655","易豪展有限公司","金門縣金沙鎮三山里碧山49之1號","0","核准設立","2022-01-01 02:42:19.947"
"54957780","勤潔室內裝修設計工程有限公司","基隆市七堵區泰安里泰安路4巷25號","0","核准設立","2022-01-01 02:42:19.947"
"54978928","超凡有限公司","新竹縣竹北市和平街18號二樓之15","0","核准設立","2022-01-01 02:42:19.947"
"54993863","鑫祥環保有限公司","屏東縣屏東市頂柳里頂柳路450號1樓","0","核准設立","2022-01-01 02:42:19.947"
"55342001","微信中台第三方支付有限公司","臺北市大安區敦化南路1段236巷17號3樓","0","核准設立","2022-01-01 02:42:19.947"
"55622559","喬志瑪莉事業有限公司","臺北市松山區八德路4段687號10樓","0","核准設立","2022-01-01 02:42:19.947"
"55681395","寬朋企業股份有限公司","臺北市信義區松德路28號8樓","1000000","解散","2022-01-01 02:42:19.947"
"55775647","鼎九洋國際有限公司","澎湖縣馬公市石泉里石泉1-97號1樓","0","核准設立","2022-01-01 02:42:19.947"
"56634961","繼立生物醫學有限公司","臺南市南區興農里萬年七街167號","0","核准設立","2022-01-01 02:42:19.947"
"56683596","旺樂福創意行銷有限公司","宜蘭縣宜蘭市延平里東港路一段186巷12弄15號","0","核准設立","2022-01-01 02:42:19.947"
"59078117","峻美全球有限公司","新北市新莊區新北大道3段7號5樓之3","0","核准設立","2022-01-01 02:42:19.947"
"59192757","易樂購科教有限公司","高雄市仁武區鳳仁路280之12號","0","核准設立","2022-01-01 02:42:19.947"
"60223878","美信傳媒科技股份有限公司","高雄市楠梓區興西路128號6樓","1000000","核准設立","2022-01-01 02:42:19.947"
"60268494","佳益企業有限公司","臺中市神岡區溪洲里神洲路852巷68號1樓","0","核准設立","2022-01-01 02:42:19.947"
"60287112","歐雷管理顧問有限公司","臺中市北屯區水景里景賢路301號1樓","0","核准設立","2022-01-01 02:42:19.947"
"60326826","兆丰安有限公司","臺中市南屯區三和里黎明路二段359之9號8樓","0","核准設立","2022-01-01 02:42:19.947"
"61803001","沂富有限公司","臺中市北屯區平安里柳陽西街11號七樓","0","核准設立","2022-01-01 02:42:19.947"
"61873195","怡和企業有限公司","高雄市新興區渤海街6號8樓之2","0","核准設立","2022-01-01 02:42:19.947"
"64921306","金盉聯科技有限公司","臺南市永康區北灣里大同街128巷1號1樓","0","核准設立","2022-01-01 02:42:19.947"
"64971184","陸旭物產營運有限公司","臺南市東區崇成里崇道路94號7樓之2","0","核准設立","2022-01-01 02:42:19.947"
"66549346","潤海國際有限公司","新北市中和區中正路292號2樓","0","核准設立","2022-01-01 02:42:19.947"
"66614113","田韻有限公司","新北市中和區連城路99巷1號6樓","0","解散","2022-01-01 02:42:19.947"
"69418059","昌昇百貨有限公司","新北市板橋區四維路164之2號","0","核准設立","2022-01-01 02:42:19.947"
"69651631","京雅資產管理有限公司","新北市新莊區新北大道3段7號22樓之5","0","核准設立","2022-01-01 02:42:19.947"
"69710195","台灣車村機電有限公司","桃園市蘆竹區長壽里17鄰吉林路146之10號十樓","0","核准設立","2022-01-01 02:42:19.947"
"70479265","遠音聯合業務股份有限公司","臺北市文山區景文街41號3樓","5000000","核准設立","2022-01-01 02:42:19.947"
"70552477","英筑有限公司","臺北市中正區羅斯福路4段136巷3號","0","解散","2022-01-01 02:42:19.947"
"76547971","效能電腦科技股份有限公司","高雄市三民區義華路199巷6號","5000000","核准設立","2022-01-01 02:42:19.947"
"80015413","景山服飾材料有限公司","新北市三重區崇德里仁壽街四二號（一樓）","null","解散","2022-01-01 02:42:19.947"
"80036579","建麟企業有限公司","新北市三重區成功路一七三號八樓","null","廢止","2022-01-01 02:42:19.947"
"80039371","台灣宅配王股份有限公司","新北市新莊區瓊林南路187巷34號","6000000","核准設立","2022-01-01 02:42:19.947"
"80092311","整合體營運管理有限公司","臺南市北區興南里公園北路165號","null","解散","2022-01-01 02:42:19.947"
"80099068","通蔗有限公司","桃園市中壢區實踐路42號4樓","0","核准設立","2022-01-01 02:42:19.947"
"80132496","迅猛龍資訊有限公司","宜蘭縣羅東鎮東安里中山路二段二七三巷三號一樓","null","廢止","2022-01-01 02:42:19.947"
"80201107","翔億電器有限公司","臺北市信義區信義路６段９７號","null","解散","2022-01-01 02:42:19.947"
"80372093","人很多實業有限公司","臺南市永康區勝利街１巷３７號","null","廢止","2022-01-01 02:42:19.947"
"80389658","第一永恒企業有限公司","臺東縣臺東市富豐里志航路３段６３號１樓","null","解散","2022-01-01 02:42:19.947"
"80396383","冠鑫理財顧問有限公司","彰化縣溪湖鎮大竹里西環路七九號","null","解散","2022-01-01 02:42:19.947"
"80417269","開胡有限公司","新北市新店區北新路二段二五二號地下一樓之六","null","解散","2022-01-01 02:42:19.947"
"80422609","天天發有限公司","新北市汐止區新昌路十七號一樓　","null","解散","2022-01-01 02:42:19.947"
"80433752","愛迪昇燈飾有限公司","臺中市太平區中山路四段一六四號一樓","null","廢止","2022-01-01 02:42:19.947"
"80463143","藍國圖書股份有限公司","桃園市中壢區中正路89號","30000000","核准設立","2022-01-01 02:42:19.947"
"80476040","必博科技有限公司","臺北市信義區基隆路2段125號10樓及10樓之1","0","廢止","2022-01-01 02:42:19.947"
"80479736","邦比妮有限公司","新北市新店區中正路166號4樓","0","解散","2022-01-01 02:42:19.947"
"80504242","喜安生物信息有限公司","臺北市大安區大安路１段２１３號２樓","null","解散","2022-01-01 02:42:19.947"
"80509020","和樂發股份有限公司","臺北市信義區林口街38巷7號1樓","5180000","解散","2022-01-01 02:42:19.947"
"80644320","麗池科技有限公司","臺中市沙鹿區保安路55巷22號2樓","0","核准設立","2022-01-01 02:42:19.947"
"80688092","環華豐股份有限公司","臺北市大同區市民大道1段209號10樓","1659150000","核准設立","2022-01-01 02:42:19.947"
"82799720","墨企國際創新有限公司","臺北市大安區光復南路96巷2之1號1樓","0","核准設立","2022-01-01 02:42:19.947"
"82813856","玩鍋子國際事業有限公司","臺北市松山區市民大道4段159號","0","核准設立","2022-01-01 02:42:19.947"
"82862737","來就省股份有限公司","臺北市中山區長安東路1段52巷12號","39900000","核准設立","2022-01-01 02:42:19.947"
"83056009","中國文旅股份有限公司","臺北市信義區忠孝東路5段1之2號5樓","100000","核准設立","2022-01-01 02:42:19.947"
"83072991","睿璽開發資產管理顧問有限公司","臺北市中山區德惠街16號6樓","0","核准設立","2022-01-01 02:42:19.947"
"83078144","博拉福科技有限公司","高雄市鳳山區文平街186巷3號4樓","0","核准設立","2022-01-01 02:42:19.947"
"83126005","麒雲科技有限公司","臺中市豐原區南田里南田街287號","0","核准設立","2022-01-01 02:42:19.947"
"83153733","博拉福科技有限公司","高雄市鳳山區文平街186巷3號4樓","0","核准設立","2022-01-01 02:42:19.947"
"83179419","威爾力斯股份有限公司","臺北市大安區復興南路2段45號8樓","100000","核准設立","2022-01-01 02:42:19.947"
"83191413","中國文創股份有限公司","臺北市大安區忠孝東路4段71之5號6樓","100000","核准設立","2022-01-01 02:42:19.947"
"83261944","黑貓柑仔店有限公司","臺南市麻豆區中正路80-51號","0","核准設立","2022-01-01 02:42:19.947"
"83291503","台灣樂透網路有限公司","高雄市楠梓區土庫一路213號1樓","0","核准設立","2022-01-01 02:42:19.947"
"83408757","卉豐有限公司","臺中市北屯區新平里中清路二段479巷66弄7號5樓","0","核准設立","2022-01-01 02:42:19.947"
"83474186","仁倫消防有限公司","屏東縣長治鄉德成村福德街45號3樓","0","核准設立","2022-01-01 02:42:19.947"
"83492641","水花沐室內裝修設計工程有限公司","基隆市中正區中船路102號5樓","0","核准設立","2022-01-01 02:42:19.947"
"83501775","帝寶建設有限公司","臺北市中山區復興北路58號12樓","0","核准設立","2022-01-01 02:42:19.947"
"83524361","滿億不動產有限公司","桃園市桃園區中德里桃智路10號","0","核准設立","2022-01-01 02:42:19.947"
"83530363","展騰室內裝修設計工程有限公司","基隆市中正區中船路102號5樓","0","核准設立","2022-01-01 02:42:19.947"
"83536562","百全興業有限公司","臺中市豐原區朴子里國豐路三段505號","0","核准設立","2022-01-01 02:42:19.947"
"83585893","風城能控有限公司","臺中市南區復興路三段213巷3號3樓","0","核准設立","2022-01-01 02:42:19.947"
"83697222","明溢國際企業有限公司","高雄市大寮區仁德路16巷20號15樓","0","解散","2022-01-01 02:42:19.947"
"83753722","森活食堂實業股份有限公司","臺中市中區建國路191號","5000000","核准設立","2022-01-01 02:42:19.947"
"83787413","奕羿國際有限公司","高雄市苓雅區四維四路2號4樓之2","0","核准設立","2022-01-01 02:42:19.947"
"83849353","春森開發有限公司","桃園市八德區瑞興里介壽路2段252巷71弄104號(1樓)","0","核准設立","2022-01-01 02:42:19.947"
"83997733","愛鄰便利商店有限公司","臺北市信義區基隆路2段189號9樓之8","0","核准設立","2022-01-01 02:42:19.947"
"84830705","千越加油站實業股份有限公司","屏東縣潮州鎮興美里光復路一段136號","500000000","核准設立","2022-01-01 02:42:19.947"
"85037350","阿里國際物流有限公司","新北市新店區寶宏路15號","0","核准設立","2022-01-01 02:42:19.947"
"85043016","淺野草堂整合行銷有限公司","新北市中和區連城路152號4樓之3","0","核准設立","2022-01-01 02:42:19.947"
"85060794","弘百科技有限公司","臺南市新化區建國街9巷3號3樓","0","核准設立","2022-01-01 02:42:19.947"
"85094627","明其科技股份有限公司","新北市永和區秀朗路2段161巷2弄1之1號3樓","1100000","核准設立","2022-01-01 02:42:19.947"
"85098996","東緯工程顧問有限公司","臺北市中正區信義路2段15號2樓","0","核准設立","2022-01-01 02:42:19.947"
"86300884","協合鉅業股份有限公司","新北市新店區中正路680巷10號4樓","5000000","核准設立","2022-01-01 02:42:19.947"
"86302291","茂鴻能資有限公司","臺北市南港區研究院路2段35巷23弄25號3樓","null","解散","2022-01-01 02:42:19.947"
"86511662","合身國際有限公司","臺北市中山區中山北路1段126巷12之1號","0","核准設立","2022-01-01 02:42:19.947"
"86917282","旭華先進科技有限公司","高雄市左營區民族一路1040之6號1樓","0","核准設立","2022-01-01 02:42:19.947"
"89443555","鎮海海事工程有限公司","臺北市中正區忠孝西路1段41號14樓之12","0","核准設立","2022-01-01 02:42:19.947"
"89445218","珩昀工程顧問有限公司","臺北市大安區羅斯福路2段79號7樓之11","0","解散","2022-01-01 02:42:19.947"
"89633751","九度空間資訊開發有限公司","桃園市龍潭區百年二街33之1號15樓","null","核准設立","2022-01-01 02:42:19.947"
"90418273","瑞泰爾科技有限公司","新竹市北區北門里北門街153號1樓","0","核准設立","2022-01-01 02:42:19.947"
"90425443","慶隆加油站股份有限公司","彰化縣社頭鄉里仁村員集路一段431號一樓","3500000","核准設立","2022-01-01 02:42:19.947"
"90428384","吉利升實業有限公司","桃園市中壢區健行里健行路97巷16號2樓","0","核准設立","2022-01-01 02:42:19.947"
"90429813","台運彩人才有限公司","高雄市鼓山區富農路205號11樓","0","核准設立","2022-01-01 02:42:19.947"
"90494861","羽喬國際有限公司","臺中市北屯區中清路二段638號14樓","0","核准設立","2022-01-01 02:42:19.947"
"90540598","維翰健康科技股份有限公司","新竹縣竹北市縣政三街25號2樓","2000000","核准設立","2022-01-01 02:42:19.947"
"90541148","元翰智慧科技有限公司","新竹縣竹北市縣政三街25號2樓","0","核准設立","2022-01-01 02:42:19.947"
"90861486","沅霖科技有限公司","高雄市前金區自強一路20號6樓","0","核准設立","2022-01-01 02:42:19.947"
"90873384","魚智有限公司","屏東縣枋寮鄉隆山村國宅路1巷2號","0","核准設立","2022-01-01 02:42:19.947"
"90957193","一家國際有限公司","高雄市苓雅區四維四路2號4樓之2","0","核准設立","2022-01-01 02:42:19.947"
"91020624","佳新人才培訓實業有限公司","苗栗縣通霄鎮通南里7鄰南華路35巷45號","0","核准設立","2022-01-01 02:42:19.947"
"91048720","穩富發造鎮股份有限公司","臺中市南區新榮里新華街88號","3000000","核准設立","2022-01-01 02:42:19.947"
"91062530","神曲文創整合行銷有限公司","臺中市梧棲區文華街100號2樓","0","核准設立","2022-01-01 02:42:19.947"
"91097735","建翰有限公司","屏東縣屏東市新生里復興南路一段93巷42號1樓","0","核准設立","2022-01-01 02:42:19.947"
"91099017","菘宥有限公司","臺中市西屯區大鵬里文心路三段241號21樓之2","0","核准設立","2022-01-01 02:42:19.947"
"91106452","玉財有限公司","高雄市前鎮區前鎮街224號","0","核准設立","2022-01-01 02:42:19.947"
"91116445","榛豪企業有限公司","臺南市東區德高里4鄰仁和路139巷44號1樓","0","核准設立","2022-01-01 02:42:19.947"
"97025153","大正銳業有限公司","桃園市新屋區石牌里6鄰石牌嶺1之3號","0","核准設立","2022-01-01 02:42:19.947"
"97048711","承航企業有限公司","臺中市北屯區松竹里15鄰崇德五路146巷32號","null","核准設立","2022-01-01 02:42:19.947"
"97236410","威靈頓企業有限公司","新竹市東區頂竹里東南街167巷51號1樓","0","核准設立","2022-01-01 02:42:19.947"
"97349913","德臆有限公司","基隆市仁愛區華二街9號1樓","0","核准設立","2022-01-01 02:42:19.947"
"97405908","大村加油站股份有限公司","彰化縣大村鄉過溝村中正西路278號","13000000","核准設立","2022-01-01 02:42:19.947"
"97481594","莫那禮有限公司","臺東縣臺東市自強里7鄰漢口街112號","0","核准設立","2022-01-01 02:42:19.947"
