﻿"統一編號","公司名稱","公司地址","實收資本額","公司狀態","產製日期"
"12104536","家欣企業股份有限公司","臺北市中山區中山北路3段58號3樓","5000000","核准設立","2022-01-01 02:45:07.987"
"12651935","維德國際開發有限公司","臺北市信義區基隆路2段91號12樓","0","核准設立","2022-01-01 02:45:07.987"
"12729053","中茂企業管理顧問有限公司","新北市板橋區長安街七巷一二弄九號","null","解散","2022-01-01 02:45:07.987"
"12788361","欣安國際移民有限公司","新北市板橋區民權路三號一樓","null","解散","2022-01-01 02:45:07.987"
"12789782","宜恩國際有限公司","彰化縣鹿港鎮民權路一二八號一樓","null","解散","2022-01-01 02:45:07.987"
"12795882","民生國際企管顧問有限公司","新竹市東源里光復路二段九一二號二樓之二","null","廢止","2022-01-01 02:45:07.987"
"12920452","答伯吉資訊股份有限公司","新北市新莊區中華路2段9號6樓","6000000","核准設立","2022-01-01 02:45:07.987"
"12997466","弘昌移民服務有限公司","桃園市楊梅區大成路220號4樓","0","核准設立","2022-01-01 02:45:07.987"
"13030983","巧得國際顧問有限公司","臺中市西區台中港路一段一三三號十一樓之十六","null","解散","2022-01-01 02:45:07.987"
"13090200","華澳留學顧問有限公司","臺北市中正區忠孝西路1段50號12樓之16","0","核准設立","2022-01-01 02:45:07.987"
"13093972","怡達國際事務有限公司","臺北市松山區南京東路3段287號11樓","0","核准設立","2022-01-01 02:45:07.987"
"13156271","育承國際企業有限公司","高雄市鼓山區明誠里文信路326號15樓","null","核准設立","2022-01-01 02:45:07.987"
"13189717","台灣國際移民股份有限公司","高雄市苓雅區三多4路110號16樓之1","5000000","解散","2022-01-01 02:45:07.987"
"16206990","中信人力資源管理顧問有限公司","臺南市永康區中華路425號10樓之1","0","核准設立","2022-01-01 02:45:07.987"
"16304319","路比國際移民顧問有限公司","臺北市大安區仁愛路4段308號1樓","0","核准設立","2022-01-01 02:45:07.987"
"16360493","丰元國際有限公司","臺中市豐原區頂街里向陽路15號1樓","0","核准設立","2022-01-01 02:45:07.987"
"16371338","菲泰國際開發有限公司","桃園市平鎮區廣仁里延平路三段83號","0","核准設立","2022-01-01 02:45:07.987"
"16517452","順立開發有限公司","彰化縣彰化市新興里金馬路二段518號1樓","null","核准設立","2022-01-01 02:45:07.987"
"16592233","劍橋文化事業有限公司","臺北市中正區漢口街１段８５號８樓之１","null","廢止","2022-01-01 02:45:07.987"
"22863276","臺一國際投資顧問股份有限公司","臺北市中山區長安東路2段112號5樓","8000000","核准設立","2022-01-01 02:45:07.987"
"22880280","華城國際移民有限公司","臺北市松山區敦化北路214號8樓","0","核准設立","2022-01-01 02:45:07.987"
"22917842","永續企業開發顧問有限公司","新北市三重區重安街132號10樓之1","0","核准設立","2022-01-01 02:45:07.987"
"23335719","世普國際顧問有限公司","高雄市前鎮區民權二路357之1號9樓","null","解散","2022-01-01 02:45:07.987"
"23743118","歐亞移民顧問股份有限公司","臺北市中正區羅斯福路3段50號2樓","5000000","解散","2022-01-01 02:45:07.987"
"24304897","兆新管理顧問股份有限公司","臺北市中山區復興北路150號9樓","6000000","核准設立","2022-01-01 02:45:07.987"
"24329118","加大移民顧問有限公司","臺北市中山區民生東路3段36號6樓之6","0","解散","2022-01-01 02:45:07.987"
"24382210","好伴移民有限公司","新北市新莊區萬安街75號","null","核准設立","2022-01-01 02:45:07.987"
"24393928","鵲橋移民服務有限公司","臺南市南區中華西路一段332號","null","核准設立","2022-01-01 02:45:07.987"
"24436686","鴻璟國際移民有限公司","臺中市潭子區福仁里12鄰圓通南路81巷8號1F","null","核准設立","2022-01-01 02:45:07.987"
"24453586","雙都經貿股份有限公司","臺北市信義區基隆路1段394號13樓","10000000","核准設立","2022-01-01 02:45:07.987"
"24550855","寶島移民國際有限公司","臺北市中正區館前路6號4樓","0","核准設立","2022-01-01 02:45:07.987"
"24741264","啟景國際顧問有限公司","臺北市大安區敦化南路1段205號14樓","0","核准設立","2022-01-01 02:45:07.987"
"24773841","中天國際移民顧問有限公司","臺北市中山區松江路220號10樓、10樓之4、10樓之5、10樓之6及10樓之7","0","核准設立","2022-01-01 02:45:07.987"
"24850419","欣進國際商業股份有限公司","彰化縣伸港鄉汴頭村中華路670巷22號","5000000","核准設立","2022-01-01 02:45:07.987"
"24946800","台灣朗峰國際企業有限公司","臺北市中正區博愛路25號9樓之12","0","核准設立","2022-01-01 02:45:07.987"
"24964525","萬國傳承移民有限公司","臺北市大安區敦化南路2段65號4樓","0","核准設立","2022-01-01 02:45:07.987"
"25092054","金越通移民事業有限公司","高雄市鳳山區林森路297號2樓","0","核准設立","2022-01-01 02:45:07.987"
"25096517","南亞新移民服務有限公司","新北市新莊區後德里民安路35號3樓","null","核准設立","2022-01-01 02:45:07.987"
"25145756","鴻毅開發移民有限公司","臺北市中山區松江路129號5樓之5","null","核准設立","2022-01-01 02:45:07.987"
"27222336","立凡文教有限公司","高雄市新興區金門街107號3樓之5","0","核准設立","2022-01-01 02:45:07.987"
"27377915","奇異鳥企業有限公司","新北市新莊區四維路19號9樓之1","null","解散","2022-01-01 02:45:07.987"
"27425888","宏佶人力資源管理有限公司","新北市中和區景新街292之1號","0","解散","2022-01-01 02:45:07.987"
"27528929","立達國際移民顧問有限公司","臺北市松山區復興北路１６７號８樓之２","null","解散","2022-01-01 02:45:07.987"
"27585688","博安國際有限公司","雲林縣西螺鎮新安里新社119號1樓","null","解散","2022-01-01 02:45:07.987"
"27721678","北半球移民顧問有限公司","臺北市中正區衡陽路51號12樓之1","null","核准設立","2022-01-01 02:45:07.987"
"27761761","大都會國際移民事業有限公司","臺北市松山區敦化北路102號10樓","0","核准設立","2022-01-01 02:45:07.987"
"27906268","天鼎人力資源管理顧問有限公司","臺中市西屯區台中港路三段123號19樓之6","null","解散","2022-01-01 02:45:07.987"
"28011773","鑫臨股份有限公司","臺北市大安區忠孝東路４段２３５號１１樓","1000000","解散","2022-01-01 02:45:07.987"
"28176134","協誠國際顧問股份有限公司","臺北市中正區新生南路1段158號4樓","8000000","核准設立","2022-01-01 02:45:07.987"
"28188666","加瑜國際移民顧問有限公司","臺北市萬華區漢中街133號3樓","null","解散","2022-01-01 02:45:07.987"
"28203218","艾梅特澳洲留學移民有限公司","臺北市信義區基隆路1段420號3樓之1","0","核准設立","2022-01-01 02:45:07.987"
"28212119","哦思達股份有限公司","臺北市大安區仁愛路4段109號4樓","7000000","核准設立","2022-01-01 02:45:07.987"
"28450575","加達移民顧問有限公司","臺北市中山區南京西路1-1號6樓","null","解散","2022-01-01 02:45:07.987"
"28451096","美成國際事業有限公司","臺北市大安區仁愛路4段137號6樓之3","0","核准設立","2022-01-01 02:45:07.987"
"28680210","台北城堡資產管理有限公司","臺北市中正區忠孝西路1段33號7樓","0","核准設立","2022-01-01 02:45:07.987"
"28683390","鉅揚國際顧問股份有限公司","臺北市松山區八德路2段374號12樓及12樓之1","15000000","核准設立","2022-01-01 02:45:07.987"
"28712347","傑立管理顧問有限公司","臺北市信義區基隆路1段400號8樓之3","0","解散","2022-01-01 02:45:07.987"
"28787493","新美移民有限公司","臺中市西屯區何厝里台中港路二段24-16號1-4樓","null","解散","2022-01-01 02:45:07.987"
"28833258","華夏移民顧問有限公司","臺北市松山區南京東路4段197號8樓之2","0","核准設立","2022-01-01 02:45:07.987"
"29037646","遠瞻國際有限公司","臺北市松山區復興北路1號14樓之4","0","解散","2022-01-01 02:45:07.987"
"42614803","日希國際有限公司","高雄市苓雅區成功一路232號9樓之2","0","核准設立","2022-01-01 02:45:07.987"
"42653538","菲常國際有限公司","臺北市大同區民生西路177號2樓之7","0","解散","2022-01-01 02:45:07.987"
"42676390","寰宇移民顧問有限公司","臺中市南屯區溝墘里文心路一段556號7樓","0","核准設立","2022-01-01 02:45:07.987"
"42722198","貝爾國際顧問股份有限公司","臺北市中山區建國北路2段1號6樓","8000000","核准設立","2022-01-01 02:45:07.987"
"42898631","創客共好股份有限公司","臺中市西屯區惠來里市政北七路186號12樓之9","8200000","核准設立","2022-01-01 02:45:07.987"
"45127046","蘊洋管理顧問有限公司","新竹縣竹北市成功五街63號3樓之2","0","核准設立","2022-01-01 02:45:07.987"
"50767984","英美澳國際有限公司","臺北市信義區基隆路1段163號2樓之3","0","核准設立","2022-01-01 02:45:07.987"
"50897430","普瑞喜移民顧問有限公司","臺北市大安區忠孝東路4段148號3樓","0","核准設立","2022-01-01 02:45:07.987"
"50899900","馬克移民顧問有限公司","臺北市中正區金山北路1號6樓之3","0","核准設立","2022-01-01 02:45:07.987"
"50903046","起點國際顧問有限公司","新北市中和區中正路916號8樓","0","解散","2022-01-01 02:45:07.987"
"52220461","力鵬國際開發有限公司","臺北市中山區撫順街23號4樓","0","核准設立","2022-01-01 02:45:07.987"
"52444552","奧克司國際顧問有限公司","臺北市中正區許昌街42之1號10樓","0","核准設立","2022-01-01 02:45:07.987"
"52540128","亞熙移民顧問有限公司","新北市板橋區重慶路60之1號2樓","0","核准設立","2022-01-01 02:45:07.987"
"52715175","銀潤國際有限公司","臺北市中山區南京東路2段140號4樓","0","核准設立","2022-01-01 02:45:07.987"
"52780111","億比發國際股份有限公司","臺北市松山區南京東路5段188號3樓之3","8000000","核准設立","2022-01-01 02:45:07.987"
"52897891","喬順國際顧問股份有限公司","臺北市中山區南京東路3段19號8樓","8000000","核准設立","2022-01-01 02:45:07.987"
"53046119","東南亞移民有限公司","臺中市西區民生里自由路一段106之1號","0","核准設立","2022-01-01 02:45:07.987"
"53186954","立達開發企業有限公司","新北市永和區永平路81巷12號6樓之9","0","核准設立","2022-01-01 02:45:07.987"
"53285618","三貿移民顧問有限公司","彰化縣彰化市東興里東民街58號7樓","null","解散","2022-01-01 02:45:07.987"
"53345968","台灣易簽顧問有限公司","臺北市中山區明水路696號3樓之6","0","核准設立","2022-01-01 02:45:07.987"
"53359147","捷瑞移民顧問有限公司","臺北市中山區松江路122號11樓","0","核准設立","2022-01-01 02:45:07.987"
"53521182","科德企業管理顧問有限公司","臺北市中山區松江路185號11樓之1","0","核准設立","2022-01-01 02:45:07.987"
"53530302","協力國際移民顧問有限公司","臺北市大同區長安西路106號5樓之2","null","解散","2022-01-01 02:45:07.987"
"53835310","美家人力資源股份有限公司","臺中市東區三賢街166號1樓","101000000","核准設立","2022-01-01 02:45:07.987"
"53862596","順易開發有限公司","彰化縣彰化市下里長順街235巷37號1樓","0","核准設立","2022-01-01 02:45:07.987"
"53937793","全球移民顧問股份有限公司","臺北市松山區復興北路99號4樓之2","8000000","核准設立","2022-01-01 02:45:07.987"
"53957306","安培國際顧問有限公司","臺北市中山區中山北路3段53-5號8樓","0","核准設立","2022-01-01 02:45:07.987"
"54009507","創客管理顧問有限公司","臺北市大安區羅斯褔路3段29號6樓","0","核准設立","2022-01-01 02:45:07.987"
"54084060","捷仁國際開發有限公司","臺南市北區和順里西門路三段159號9樓之2","0","核准設立","2022-01-01 02:45:07.987"
"54109560","康橋國際事業股份有限公司","臺中市西區忠明里博館路117號12樓","8000000","核准設立","2022-01-01 02:45:07.987"
"54212591","新世移民有限公司","臺北市信義區忠孝東路5段412號3樓之1","0","核准設立","2022-01-01 02:45:07.987"
"54232772","鑫富錸國際有限公司","臺中市北區臺灣大道二段360號13樓之5","0","核准設立","2022-01-01 02:45:07.987"
"54604858","科法留學移民事業有限公司","臺北市內湖區堤頂大道2段181號2樓","0","核准設立","2022-01-01 02:45:07.987"
"55120388","建昇移民企業股份有限公司","臺北市松山區南京東路5段108號13樓","5020000","核准設立","2022-01-01 02:45:07.987"
"60385850","太陽花顧問有限公司","臺中市沙鹿區中清路八段498號1樓","0","核准設立","2022-01-01 02:45:07.987"
"61921963","磐石國際移民有限公司","臺中市北區三民路三段217號6樓之12","0","核准設立","2022-01-01 02:45:07.987"
"66600482","鷺鳴國際股份有限公司","臺北市中正區博愛路53號7樓","5000000","核准設立","2022-01-01 02:45:07.987"
"68203208","永永投資有限公司","新北市三重區力行路2段27號5樓","0","核准設立","2022-01-01 02:45:07.987"
"69460437","數位力文化傳媒有限公司","桃園市桃園區中正路273之1號11樓","0","核准設立","2022-01-01 02:45:07.987"
"70384660","安道爾國際開發有限公司","臺北市信義區基隆路1段109之6號2樓之1","0","核准設立","2022-01-01 02:45:07.987"
"70434232","極貿國際有限公司","臺北市大安區忠孝東路４段４９巷４弄１６號１０樓之４","null","廢止","2022-01-01 02:45:07.987"
"70617387","唐宇國際有限公司","臺南市東區德光里3鄰崇明路45號3樓","0","核准設立","2022-01-01 02:45:07.987"
"70643569","鑫糖人力資源管理顧問有限公司","嘉義縣太保市嘉朴東路一段36號1樓","null","核准設立","2022-01-01 02:45:07.987"
"70655327","喬俐亞國際顧問股份有限公司","臺中市西區台中港路一段一三三號九樓之三","5000000","解散","2022-01-01 02:45:07.987"
"80019311","奇諾人力資源有限公司","新北市新莊區中正路391號9樓","null","核准設立","2022-01-01 02:45:07.987"
"80155981","天慧企管顧問有限公司","臺北市萬華區中華路1段74號9樓","null","核准設立","2022-01-01 02:45:07.987"
"80159467","多明麗國際顧問有限公司","臺北市大安區復興南路1段103號6樓之8","null","核准設立","2022-01-01 02:45:07.987"
"80175656","永全國際開發有限公司","桃園市桃園區國強六街三○號一樓","null","解散","2022-01-01 02:45:07.987"
"80190853","勤業眾信管理顧問股份有限公司","臺北市信義區松仁路100號21樓","9000000","核准設立","2022-01-01 02:45:07.987"
"80191656","龍昇移民股份有限公司","桃園市桃園區中寧里22鄰大興西路二段6號18樓之2","5000000","解散","2022-01-01 02:45:07.987"
"80275873","世界通國際事業有限公司","新北市汐止區新台五路1段99號16樓之11","0","核准設立","2022-01-01 02:45:07.987"
"80403574","高鼎人力資源管理顧問有限公司","臺中市西屯區天水東二街29號1樓","0","核准設立","2022-01-01 02:45:07.987"
"80650602","鈞隆國際顧問有限公司","臺北市松山區八德路２段４４７號１１樓","null","解散","2022-01-01 02:45:07.987"
"80658055","九九國際管理顧問有限公司","臺北市萬華區環河南路１段１１巷１０號１樓","null","解散","2022-01-01 02:45:07.987"
"80667152","居禮國際有限公司","新北市中和區中山路2段33號10樓","0","解散","2022-01-01 02:45:07.987"
"82813173","富域禮悅國際有限公司","臺北市信義區基隆路1段141號11樓之5","0","核准設立","2022-01-01 02:45:07.987"
"82818445","亞高國際移民顧問股份有限公司","臺北市中山區南京東路2段101號9樓","7550000","核准設立","2022-01-01 02:45:07.987"
"82835129","心朋有限公司","臺北市大安區復興南路1段352號2樓","0","核准設立","2022-01-01 02:45:07.987"
"82887667","台灣華庫股份有限公司","臺北市大安區雲和街2之3號5樓","5000000","核准設立","2022-01-01 02:45:07.987"
"82888618","力友國際事務有限公司","臺南市永康區中華路478-1號","0","解散","2022-01-01 02:45:07.987"
"82908348","環球台灣諮詢顧問有限公司","臺北市信義區松高路9號27樓","0","核准設立","2022-01-01 02:45:07.987"
"82966944","亞欣企管顧問有限公司","臺北市松山區南京東路4段186號6樓之6","0","核准設立","2022-01-01 02:45:07.987"
"82967845","仕熹移民股份有限公司","臺北市大安區敦化南路2段182號9樓","5000000","核准設立","2022-01-01 02:45:07.987"
"83213486","大佳移民顧問有限公司","臺北市中山區南京東路2段148號2樓","0","核准設立","2022-01-01 02:45:07.987"
"83382433","第二家園移民顧問股份有限公司","臺北市松山區敦化北路170號3樓","5000000","核准設立","2022-01-01 02:45:07.987"
"83490215","阿里山移民顧問有限公司","桃園市桃園區中正路1071號10樓之3","0","核准設立","2022-01-01 02:45:07.987"
"83505765","力杰管理顧問股份有限公司","臺北市信義區基隆路1段400號8樓之3","8000000","核准設立","2022-01-01 02:45:07.987"
"83506862","維鐸移民顧問有限公司","臺北市中正區杭州南路1段45號13樓","0","核准設立","2022-01-01 02:45:07.987"
"83565046","理查移民股份有限公司","臺中市南屯區大業里大進街490號10樓之3","5000000","核准設立","2022-01-01 02:45:07.987"
"83695977","地天泰國際顧問有限公司","臺北市大安區忠孝東路4段290號2樓","0","核准設立","2022-01-01 02:45:07.987"
"83945406","香港商中華投資移民股份有限公司","臺中市西屯區福安路55巷3號27樓之2","0","核准登記","2022-01-01 02:45:07.987"
"83987236","安盛國際顧問有限公司","臺北市中山區民生東路1段51號4樓","0","核准設立","2022-01-01 02:45:07.987"
"84100236","聖力國際股份有限公司","臺北市大同區民族西路269號7樓","5000000","核准設立","2022-01-01 02:45:07.987"
"84144467","凱西國際顧問有限公司","臺北市中山區民權東路3段37號11樓","0","核准設立","2022-01-01 02:45:07.987"
"84329555","持志國際事業有限公司","高雄市三民區安吉里九如一路946號","null","解散","2022-01-01 02:45:07.987"
"84484964","森美加國際開發股份有限公司","臺北市大安區仁愛路4段412號12樓","8000000","解散","2022-01-01 02:45:07.987"
"84545060","天壇人力仲介有限公司","臺中市台中港路三段九七號十一樓之五","null","解散","2022-01-01 02:45:07.987"
"84551225","立順人力資源管理顧問股份有限公司","桃園市中壢區環中東路二段398號1樓","7000000","核准設立","2022-01-01 02:45:07.987"
"84611223","拓展人力資源管理顧問有限公司","臺中市西屯區大鵬里文心路三段241號6樓之6","null","解散","2022-01-01 02:45:07.987"
"84770642","韋麥楊有限公司","臺北市中山區中山北路2段99號7樓之4","null","核准設立","2022-01-01 02:45:07.987"
"84892808","加拿大商統加開發股份有限公司","臺北市中山區敬業一路１２８巷３９號３樓","0","撤回認許","2022-01-01 02:45:07.987"
"84944377","長宏人力仲介有限公司","臺北市中山區松江路317號4樓","0","核准設立","2022-01-01 02:45:07.987"
"84949675","傳寶國際企業股份有限公司","臺北市松山區北寧路66之1號5樓","5000000","核准設立","2022-01-01 02:45:07.987"
"85017495","伊始移民顧問有限公司","臺北市大同區南京西路25巷48號","0","核准設立","2022-01-01 02:45:07.987"
"85046338","泰元投資股份有限公司","臺北市中山區長春路176號10樓","10000000","核准設立","2022-01-01 02:45:07.987"
"85059620","台灣國際移民顧問有限公司","臺中市西區忠明里美村路一段22號7樓之4","0","核准設立","2022-01-01 02:45:07.987"
"85127583","智孚移民顧問有限公司","臺北市中正區忠孝東路1段85號12樓之5","0","核准設立","2022-01-01 02:45:07.987"
"86021715","聖波麗移民顧問有限公司","臺北市大安區信義路3段109之7號10樓之2","0","核准設立","2022-01-01 02:45:07.987"
"86146840","喜瑞都移民事業有限公司","臺北市大安區信義路4段248號7樓","null","核准設立","2022-01-01 02:45:07.987"
"86169293","康碩移民股份有限公司","臺北市松山區民生東路4段54號7樓之6","8000000","核准設立","2022-01-01 02:45:07.987"
"86313261","二十一世紀國際顧問有限公司","臺北市北投區行義路146巷46號14樓","0","核准設立","2022-01-01 02:45:07.987"
"86317029","喬盟國際顧問股份有限公司","臺北市大安區忠孝東路4段183號9樓之7","13500000","核准設立","2022-01-01 02:45:07.987"
"86433081","普威達國際企業股份有限公司","臺南市永康區中興里中華路198之20號","5000000","核准設立","2022-01-01 02:45:07.987"
"86616032","百晟國際企管顧問有限公司","臺中市西區康樂街11號","0","核准設立","2022-01-01 02:45:07.987"
"86722028","守信人力仲介有限公司","臺北市中山區撫順街23號3樓","0","核准設立","2022-01-01 02:45:07.987"
"86763435","亞太人力資源管理顧問有限公司","桃園市桃園區大興西路二段80巷29號(1樓)","0","核准設立","2022-01-01 02:45:07.987"
"86856166","僑大國際移民顧問有限公司","臺北市松山區南京東路４段５０號７樓","null","解散","2022-01-01 02:45:07.987"
"89322460","玉山人力資源管理顧問有限公司","桃園市中壢區五族二街168號1樓","null","核准設立","2022-01-01 02:45:07.987"
"89448382","英堡國際開發股份有限公司","桃園市桃園區中寧里中正路1017號3樓","8000000","核准設立","2022-01-01 02:45:07.987"
"89450014","海華國際開發有限公司","臺北市大安區忠孝東路3段100號9樓","0","解散","2022-01-01 02:45:07.987"
"89461384","長榮國際移民事業有限公司","臺北市中山區民生東路3段19號8樓","0","核准設立","2022-01-01 02:45:07.987"
"89471411","大師國際不動產股份有限公司","臺北市士林區中山北路5段520號9樓","188000000","核准設立","2022-01-01 02:45:07.987"
"89599515","義軒有限公司","臺北市信義區光復南路495號4樓","0","核准設立","2022-01-01 02:45:07.987"
"89608697","惠安國際開發有限公司","臺北市大安區忠孝東路4段148號11樓之8","null","核准設立","2022-01-01 02:45:07.987"
"89612432","台黎加國際開發有限公司","新北市永和區店街里12鄰中正路455號4樓之6","null","廢止","2022-01-01 02:45:07.987"
"89615613","聯暐國際有限公司","臺北市中山區民生東路3段36號3樓之5","null","核准設立","2022-01-01 02:45:07.987"
"89641020","宏泰國際人力仲介股份有限公司","嘉義縣朴子市文化里海通路112-1號","10000000","核准設立","2022-01-01 02:45:07.987"
"89757464","大揚國際有限公司","臺北市中山區南京西路5之1號10樓","null","核准設立","2022-01-01 02:45:07.987"
"89779811","鋐祥企業有限公司","桃園市桃園區縣府路332之8號9樓之1","0","核准設立","2022-01-01 02:45:07.987"
"89798388","銓得國際開發有限公司","臺中市北屯區平田里瀋陽路三段二二五號壹樓","null","解散","2022-01-01 02:45:07.987"
"89813796","加福移民事業有限公司","臺中市西區昇平里忠明南路三○三號一九樓之三","null","解散","2022-01-01 02:45:07.987"
"89891672","晉盟國際開發有限公司","桃園市平鎮區義民里環南路2段11號5樓之2","0","核准設立","2022-01-01 02:45:07.987"
"89956554","金鷹移民國際顧問股份有限公司","臺北市大安區復興南路1段293號3樓之1","78000000","核准設立","2022-01-01 02:45:07.987"
"90452573","和眾移民顧問有限公司","新北市板橋區文化路1段100號6樓","0","核准設立","2022-01-01 02:45:07.987"
"90873096","同行顧問有限公司","宜蘭縣冬山鄉香和村香南路57號一1樓","0","核准設立","2022-01-01 02:45:07.987"
"90895681","金樂移民有限公司","臺中市北屯區廍子里太原路三段1393號10樓之3","0","核准設立","2022-01-01 02:45:07.987"
"91016311","喬好移民有限公司","新竹市北區富美路2號","0","核准設立","2022-01-01 02:45:07.987"
"91036512","八達通移民顧問股份有限公司","臺北市大同區重慶北路1段30號3樓","5000000","核准設立","2022-01-01 02:45:07.987"
"96924065","喬頓克特國際顧問股份有限公司","臺北市中正區新生南路１段１４８號９樓之１","5000000","解散","2022-01-01 02:45:07.987"
"96976020","加成移民顧問有限公司","臺北市中山區中山北路2段102號12樓","null","解散","2022-01-01 02:45:07.987"
"97156400","飛達富國際顧問有限公司","高雄市前金區中正四路211號9樓之6","0","核准設立","2022-01-01 02:45:07.987"
"97293170","楓葉國際顧問有限公司","臺北市大安區敦化南路1段205號7樓","0","核准設立","2022-01-01 02:45:07.987"
"97326849","漣樺企業有限公司","臺北市中山區中山北路3段30號6樓之1","null","核准設立","2022-01-01 02:45:07.987"
"97328797","世界華人服務股份有限公司","臺北市松山區復興北路369號7樓之3","10000000","核准設立","2022-01-01 02:45:07.987"
