﻿"統一編號","公司名稱","公司地址","實收資本額","公司狀態","產製日期"
"04406559","長榮國際儲運股份有限公司","桃園市桃園區經國路899號","10671410940","核准設立","2022-01-01 02:44:56.807"
"07277918","美樂家客運有限公司","新竹縣新埔鎮下寮里義民路3段628巷51號1樓","null","核准設立","2022-01-01 02:44:56.807"
"11011623","大南汽車股份有限公司","臺北市士林區承德路4段274號","290427550","核准設立","2022-01-01 02:44:56.807"
"16613119","亞通汽車客運股份有限公司","桃園市大溪區仁武里仁善一街102號(2樓)","80000000","核准設立","2022-01-01 02:44:56.807"
"16811906","總達客運股份有限公司","臺中市中區雙十路一段13號1樓","80000000","核准設立","2022-01-01 02:44:56.807"
"16899037","全航汽車客運股份有限公司","臺中市東區富仁里雙十路一段4之33號6樓之2","135000000","核准設立","2022-01-01 02:44:56.807"
"18598304","中興大業巴士股份有限公司","臺北市士林區中正路499號1樓","557000000","核准設立","2022-01-01 02:44:56.807"
"18739212","欣欣客運股份有限公司","臺北市中正區汀州路3段56號4樓之3","519002790","核准設立","2022-01-01 02:44:56.807"
"23471299","統聯汽車客運股份有限公司","新北市三重區光復路2段73號","2346489740","核准設立","2022-01-01 02:44:56.807"
"24613795","太魯閣客運股份有限公司","花蓮縣花蓮市中美路148號5樓之2","121908140","核准設立","2022-01-01 02:44:56.807"
"24635165","台灣真好小客車租賃有限公司","桃園市中壢區中原里9鄰文化路57號(1樓)","0","核准設立","2022-01-01 02:44:56.807"
"24884332","南島汽車客運股份有限公司","臺東縣臺東市興國里復興路184號2樓","10600000","解散","2022-01-01 02:44:56.807"
"24897358","四方股份有限公司","桃園市桃園區新埔里天祥五街85號","100000000","核准設立","2022-01-01 02:44:56.807"
"27043501","指南汽車客運股份有限公司","新北市淡水區中正東路2段27之8號3樓","611007490","核准設立","2022-01-01 02:44:56.807"
"28070701","葛瑪蘭汽車客運股份有限公司","宜蘭縣羅東鎮光榮路342-2號2樓","207900000","核准設立","2022-01-01 02:44:56.807"
"28387449","中鹿汽車客運股份有限公司","臺中市南屯區大業路241號3樓之1","100000000","核准設立","2022-01-01 02:44:56.807"
"28609619","南台灣汽車客運股份有限公司","高雄市仁武區高楠公路95號","100000000","核准設立","2022-01-01 02:44:56.807"
"29521465","光華巴士股份有限公司","臺北市士林區中正路499號1樓","426900000","核准設立","2022-01-01 02:44:56.807"
"33785185","淡水汽車客運股份有限公司","新北市淡水區中正東路2段27之8號3樓","300000000","核准設立","2022-01-01 02:44:56.807"
"33846205","新店客運股份有限公司","新北市新店區松林路9號","180000000","核准設立","2022-01-01 02:44:56.807"
"33884805","新北汽車客運股份有限公司","臺北市士林區中正路499號","227000000","核准設立","2022-01-01 02:44:56.807"
"34049262","首都客運股份有限公司","新北市三重區重新路2段78號8樓","530000000","核准設立","2022-01-01 02:44:56.807"
"35025506","三重汽車客運股份有限公司","新北市三重區三和路3段109號2樓之1","290000000","核准設立","2022-01-01 02:44:56.807"
"35505603","臺北汽車客運股份有限公司","新北市三重區重新路2段78號8樓","390000000","核准設立","2022-01-01 02:44:56.807"
"39136103","基隆汽車客運股份有限公司","新北市淡水區中正東路2段27之8號3樓","300000000","核准設立","2022-01-01 02:44:56.807"
"42608181","新通客運有限公司","新竹市東區復興里中央路344號1樓","0","核准設立","2022-01-01 02:44:56.807"
"42666647","雲林客運股份有限公司","臺中市西屯區至善里臺灣大道三段658號10樓之1","92000000","核准設立","2022-01-01 02:44:56.807"
"42666652","捷順交通股份有限公司","臺中市西屯區至善里臺灣大道三段660號10樓之1","340000000","核准設立","2022-01-01 02:44:56.807"
"43266009","桃園汽車客運股份有限公司","桃園市桃園區延平路28號3樓","977138520","核准設立","2022-01-01 02:44:56.807"
"50143806","苗栗汽車客運股份有限公司","苗栗縣頭份市中正路206號","27809000","核准設立","2022-01-01 02:44:56.807"
"53047378","義大汽車客運股份有限公司","高雄市大樹區學城路一段63號2~3樓","108000000","核准設立","2022-01-01 02:44:56.807"
"53400069","金牌客運有限公司","新竹縣竹北市斗崙里縣政三街122號2樓之2","0","核准設立","2022-01-01 02:44:56.807"
"53988504","中台灣客運股份有限公司","臺中市西屯區臺灣大道4段637號","110000000","核准設立","2022-01-01 02:44:56.807"
"53994745","臺中快捷巴士股份有限公司","臺中市西區民權路101號1樓","200000000","解散","2022-01-01 02:44:56.807"
"54077201","府城汽車客運股份有限公司","臺南市安平區華平路672巷2號","310000000","核准設立","2022-01-01 02:44:56.807"
"54207176","港都汽車客運股份有限公司","高雄市楠梓區外環西路111號","113488930","核准設立","2022-01-01 02:44:56.807"
"54218645","漢程汽車客運股份有限公司","高雄市三民區鼎力路123號","100000000","核准設立","2022-01-01 02:44:56.807"
"54815256","普悠瑪客運股份有限公司","臺東縣臺東市更生路1199號","50000000","核准設立","2022-01-01 02:44:56.807"
"55397201","豐原汽車客運股份有限公司","臺中市豐原區三民路46號","392369940","核准設立","2022-01-01 02:44:56.807"
"55680591","巨業交通股份有限公司","臺中市沙鹿區臺灣大道七段950號","100000000","核准設立","2022-01-01 02:44:56.807"
"58616601","彰化汽車客運股份有限公司","彰化縣彰化市陽明里建國南路177號","253440000","核准設立","2022-01-01 02:44:56.807"
"59667206","員林汽車客運股份有限公司","彰化縣員林市和平里中正路585號3樓","141440000","核准設立","2022-01-01 02:44:56.807"
"60284966","阿里山客運股份有限公司","臺中市西屯區至善里臺灣大道三段660號10樓之1","73000000","核准設立","2022-01-01 02:44:56.807"
"61268818","豐榮汽車客運股份有限公司","臺中市南屯區寶山里工業區十八路31-1號2樓","130000000","核准設立","2022-01-01 02:44:56.807"
"62119008","南投汽車客運股份有限公司","南投縣埔里鎮中正四路18之1號","100800000","核准設立","2022-01-01 02:44:56.807"
"65849204","嘉義汽車客運股份有限公司","嘉義市中山路503號","119548000","核准設立","2022-01-01 02:44:56.807"
"69004804","興南汽車客運股份有限公司","臺南市南區彰南里新樂路72號","60000000","核准設立","2022-01-01 02:44:56.807"
"70498299","科技之星交通股份有限公司","新竹市水田里經國路二段56號5樓之1","100000000","核准設立","2022-01-01 02:44:56.807"
"70747419","阿羅哈客運股份有限公司","高雄市三民區建國二路261號1樓","252000000","核准設立","2022-01-01 02:44:56.807"
"70755825","和欣汽車客運股份有限公司","臺南市佳里區文化路305號","499990000","核准設立","2022-01-01 02:44:56.807"
"70810572","國光汽車客運股份有限公司","新北市三重區重陽路4段53號1樓","1000000000","核准設立","2022-01-01 02:44:56.807"
"80336169","東南汽車客運股份有限公司","臺北市中山區建國北路3段169號","200000000","核准設立","2022-01-01 02:44:56.807"
"80653426","大都會汽車客運股份有限公司","臺北市內湖區港墘路3號1樓","740000000","核准設立","2022-01-01 02:44:56.807"
"85248708","高雄汽車客運股份有限公司","高雄市鳳山區成功里中山路138號","1027000000","核准設立","2022-01-01 02:44:56.807"
"90724553","屏東汽車客運股份有限公司","屏東縣屏東市橋南里工業路4號","124800000","核准設立","2022-01-01 02:44:56.807"
"93083027","鼎東汽車客運股份有限公司","臺東縣臺東市興國里復興路185號","104490000","核准設立","2022-01-01 02:44:56.807"
"96973993","建明汽車客運股份有限公司","臺中市中區雙十路一段35之5號","228000000","核准設立","2022-01-01 02:44:56.807"
"97275356","華聯遊覽車客運股份有限公司","花蓮縣花蓮市國裕里富陽路18號","60000000","核准設立","2022-01-01 02:44:56.807"
"97446339","金台通運企業有限公司","新竹縣竹北市縣政二路89號2樓","0","核准設立","2022-01-01 02:44:56.807"
