﻿"統一編號","公司名稱","公司地址","實收資本額","公司狀態","產製日期"
"12611961","亞諾美斯股份有限公司","新北市新莊區豐年街二０巷一三號","8000000","廢止","2022-01-01 02:44:55.997"
"12761686","佳園貿易有限公司","彰化縣鹿港鎮頂厝里新生街60巷12號","0","核准設立","2022-01-01 02:44:55.997"
"12791008","丁泉實業有限公司","臺南市安平區育平里郡平路二七四巷三十號","0","廢止","2022-01-01 02:44:55.997"
"13186269","恰恰寵物有限公司","高雄市三民區民族一路710號","null","解散","2022-01-01 02:44:55.997"
"16001808","永慶實業股份有限公司","臺中市北區中清路一段629號2樓","51100000","核准設立","2022-01-01 02:44:55.997"
"16467925","勝元科技有限公司","嘉義市美源里杭州3街25號1樓","0","解散","2022-01-01 02:44:55.997"
"16706566","鴻鑫國際有限公司","臺中市西區土庫里五權三街409號一樓","null","核准設立","2022-01-01 02:44:55.997"
"16784014","奇楓有限公司","臺北市萬華區和平西路３段３２之４號","null","廢止","2022-01-01 02:44:55.997"
"22662550","家福股份有限公司","臺北市中山區樂群三路218號2樓","7444823000","核准設立","2022-01-01 02:44:55.997"
"24203194","玖隆寵物生活有限公司","新北市淡水區淡金路3段296號1樓","null","核准設立","2022-01-01 02:44:55.997"
"24299698","德睿國際有限公司","新北市淡水區中正東路2段121之3號","0","核准設立","2022-01-01 02:44:55.997"
"24332140","冠誠生活股份有限公司","新北市板橋區縣民大道2段7號地下1樓、1樓、2樓、24樓、25樓","200000000","核准設立","2022-01-01 02:44:55.997"
"24342935","愛狗園有限公司","臺北市大安區基隆路2段124號","null","核准設立","2022-01-01 02:44:55.997"
"24436546","開懷大蔣有限公司","臺中市南屯區楓樹里楓樹西街147號1樓","null","解散","2022-01-01 02:44:55.997"
"24530964","新魚水族寵物有限公司","新北市新莊區中正路476號及478號","0","解散","2022-01-01 02:44:55.997"
"24666906","御台國際有限公司","高雄市鳳山區建國路3段501號","null","核准設立","2022-01-01 02:44:55.997"
"24699239","岱民國際開發有限公司","新北市三芝區中山路1段18號(1樓)","0","解散","2022-01-01 02:44:55.997"
"24713990","唯勤國際有限公司","臺北市士林區中山北路6段419巷19號5樓","0","核准設立","2022-01-01 02:44:55.997"
"25044700","富利勝股份有限公司","新北市土城區中華路1段94號1樓","1000000","核准設立","2022-01-01 02:44:55.997"
"25064732","好運狗寵物用品有限公司","新北市中和區景平路404號","0","解散","2022-01-01 02:44:55.997"
"25170966","開懷小顏有限公司","臺中市南屯區向心里永春東路612號1樓","null","解散","2022-01-01 02:44:55.997"
"25177004","大同寵物用品有限公司","屏東縣屏東市崇蘭里自由路629號","0","核准設立","2022-01-01 02:44:55.997"
"25179066","富閎海有限公司","桃園市平鎮區復旦里民族路二段271號","null","解散","2022-01-01 02:44:55.997"
"25190132","慶福水族有限公司","臺中市南屯區文心路一段372號","0","核准設立","2022-01-01 02:44:55.997"
"27275500","班強寵物有限公司","新北市淡水區中正東路77號1樓","null","解散","2022-01-01 02:44:55.997"
"27315849","勝豐寵物有限公司","臺北市文山區羅斯福路5段144號1樓","null","解散","2022-01-01 02:44:55.997"
"27394597","光華寵物城有限公司","新竹市東區復興里自由路九七號一樓","null","廢止","2022-01-01 02:44:55.997"
"27411744","平成寵物有限公司","新北市汐止區新台五路二段四一巷二四號","0","解散","2022-01-01 02:44:55.997"
"27421980","逸捷有限公司","新北市樹林區中華路6之3號","0","核准設立","2022-01-01 02:44:55.997"
"27433579","台灣寵物世界股份有限公司","臺南市南區西門路一段473號4樓","45000000","核准設立","2022-01-01 02:44:55.997"
"27433986","移動國際貿易有限公司","臺中市神岡區社南里民生路16號1樓","null","解散","2022-01-01 02:44:55.997"
"27469203","薇美寵物用品有限公司","新北市板橋區四川路一段389號1樓","null","廢止","2022-01-01 02:44:55.997"
"27472642","裕毛寶名犬有限公司","臺中市西屯區何厝里西屯路二段63之2號1樓","null","解散","2022-01-01 02:44:55.997"
"27500350","馬汀動物科技有限公司","臺中市大里區中興路二段386之4號1樓","0","核准設立","2022-01-01 02:44:55.997"
"27502110","喵汪精品貿易有限公司","桃園市桃園區武陵里民生路五六號","null","廢止","2022-01-01 02:44:55.997"
"27538004","武祐有限公司","臺北市中山區長春路１０６號","null","廢止","2022-01-01 02:44:55.997"
"27561341","冠霖寵物有限公司","臺北市士林區基河路１７號１樓","null","解散","2022-01-01 02:44:55.997"
"27603068","玄晶寵物水族有限公司","彰化縣彰化市崙平里一二鄰建和街１６巷４號１樓","null","廢止","2022-01-01 02:44:55.997"
"27607819","旭海水族寵物有限公司","臺中市北屯區瀋陽北路8號2樓","0","解散","2022-01-01 02:44:55.997"
"27631677","優霈寵物百貨有限公司","彰化縣彰化市復興里中山路3段１４４號","null","解散","2022-01-01 02:44:55.997"
"27642604","原始叢林有限公司","臺中市南屯區田心里五權西路２段３８０號１樓","null","解散","2022-01-01 02:44:55.997"
"27647489","隆碁有限公司","基隆市仁愛區仁二路206號1樓","0","核准設立","2022-01-01 02:44:55.997"
"27649043","喜市多寵物有限公司","新北市中和區中山路２段２８０、２８２號","null","解散","2022-01-01 02:44:55.997"
"27651336","宏杉有限公司","臺中市大里區塗城路３４９之３號１樓","null","廢止","2022-01-01 02:44:55.997"
"27784390","霆驊企業有限公司","新北市土城區員仁里中央路2段382號","0","解散","2022-01-01 02:44:55.997"
"27809060","靚鱻館股份有限公司","臺中市西區博館路117號6樓之2","2500000","廢止","2022-01-01 02:44:55.997"
"27852967","中圓寵物股份有限公司","桃園市桃園區同安里中正路836號","50000000","核准設立","2022-01-01 02:44:55.997"
"27865132","陽印國際有限公司","嘉義市東區豐年里吳鳳南路6號1樓","null","解散","2022-01-01 02:44:55.997"
"27883883","品泰鳥業有限公司","臺中市南區福平里美村路二段106巷21弄7號1樓","0","核准設立","2022-01-01 02:44:55.997"
"27884742","昱碩國際事業股份有限公司","新北市汐止區福德一路342巷1弄33號","29000000","核准設立","2022-01-01 02:44:55.997"
"28019374","柏林生活休閒事業有限公司","臺中市南屯區春社里中台路688號","null","解散","2022-01-01 02:44:55.997"
"28032881","金冠霖寵物有限公司","桃園市蘆竹區錦中里南崁路一段24號1樓","0","核准設立","2022-01-01 02:44:55.997"
"28038175","勝凱成有限公司","臺中市南屯區文心路1段186號13樓之4","null","廢止","2022-01-01 02:44:55.997"
"28122623","北區水族寵物有限公司","新北市新莊區中正路５１３號","null","廢止","2022-01-01 02:44:55.997"
"28147595","詳虎實業股份有限公司","臺中市南屯區五權西路２段１３１號、１３１號２樓","10000000","解散","2022-01-01 02:44:55.997"
"28151598","金吉利寵物精品生活館有限公司","新北市板橋區文化路2段239號","0","核准設立","2022-01-01 02:44:55.997"
"28160442","納斯特實業有限公司","基隆市信義區仁義里信一路111號1樓及夾層","null","廢止","2022-01-01 02:44:55.997"
"28314805","葳旺有限公司","桃園市桃園區建國里15鄰大林路20-1、20-2號","0","核准設立","2022-01-01 02:44:55.997"
"28322848","伊努的世界寵物精品館有限公司","桃園市桃園區同安里中正路726號1樓","null","廢止","2022-01-01 02:44:55.997"
"28339051","晟翔實業有限公司","臺中市南屯區文心路1段159號1樓","null","解散","2022-01-01 02:44:55.997"
"28343169","欣吉利寵物精品休閒館有限公司","新北市新莊區全安里中正路363、365號","null","解散","2022-01-01 02:44:55.997"
"28449536","宇宙爬叢貿易有限公司","臺北市大同區延平北路1段22號2樓之4","null","解散","2022-01-01 02:44:55.997"
"28503405","臣信事業有限公司","臺中市南屯區同心里五權西路2段203號1樓","null","解散","2022-01-01 02:44:55.997"
"28533787","宏悅國際有限公司","新北市三重區重新路四段136號1樓","null","解散","2022-01-01 02:44:55.997"
"28561410","嘉鴻寵物用品有限公司","新北市板橋區南雅東路8號、之1、之2（一樓）","null","解散","2022-01-01 02:44:55.997"
"28603988","奧斯卡寵物股份有限公司","高雄市楠梓區藍昌路425號","60915000","核准設立","2022-01-01 02:44:55.997"
"28624668","玩家寵物用品開發有限公司","新北市新店區黎明路64巷6號","0","核准設立","2022-01-01 02:44:55.997"
"28789773","寶羅國際寵物美容股份有限公司","臺中市北區中清路一段633號2樓","5000000","核准設立","2022-01-01 02:44:55.997"
"28885240","樂活之屋寵物生活館股份有限公司","臺中市北屯區平德里崇德路２段４９號１樓","10000000","解散","2022-01-01 02:44:55.997"
"28940692","魚中魚水族寵物有限公司","新北市中和區中正路211巷13弄7號1樓","0","核准設立","2022-01-01 02:44:55.997"
"29022637","日優盛寵物精品有限公司","高雄市苓雅區中山2路461號7樓之1","0","核准設立","2022-01-01 02:44:55.997"
"29064431","德鎰制國際藝能有限公司","臺北市松山區八德路2段429號2樓、3樓、4樓","0","核准設立","2022-01-01 02:44:55.997"
"29069816","噶瑪軒股份有限公司","臺北市松山區南京東路4段93號3樓","500000","核准設立","2022-01-01 02:44:55.997"
"29150695","晉宏寵物有限公司","新北市板橋區文化路2段501、503號1樓及505巷1、3號1樓","null","解散","2022-01-01 02:44:55.997"
"42573958","奇異貿易有限公司","南投縣草屯鎮北勢里玉屏路65號1樓","0","解散","2022-01-01 02:44:55.997"
"42617506","貓博士有限公司","臺北市大安區基隆路2段114號","0","核准設立","2022-01-01 02:44:55.997"
"42670972","超級寵美顧問有限公司","臺中市北區梅川里漢口路四段365號","0","核准設立","2022-01-01 02:44:55.997"
"42680417","倍倍寵物有限公司","臺中市龍井區中央路三段188巷8弄1號1樓","0","核准設立","2022-01-01 02:44:55.997"
"42785209","億昇昌有限公司","桃園市楊梅區永平里永美路490、492、494號","0","核准設立","2022-01-01 02:44:55.997"
"42901832","熊美有限公司","臺南市永康區中山南路106-6號1樓","0","核准設立","2022-01-01 02:44:55.997"
"42975474","親龍水族寵物有限公司","宜蘭縣宜蘭市大新里宜興路一段291號","0","核准設立","2022-01-01 02:44:55.997"
"43794326","安琪國際有限公司","臺北市內湖區民權東路6段123巷24號1樓","0","核准設立","2022-01-01 02:44:55.997"
"45104753","富利勝水族寵物有限公司","桃園市中壢區林森里環中東路二段770號","0","核准設立","2022-01-01 02:44:55.997"
"45110002","慶昇昌有限公司","桃園市平鎮區湧豐里中豐路山頂段80號1、2樓，82號1樓","0","核准設立","2022-01-01 02:44:55.997"
"45887138","五心興業有限公司","臺中市豐原區翁子里圓環東路839號1，2，3樓","0","核准設立","2022-01-01 02:44:55.997"
"45889868","甜甜寵物訓練有限公司","臺中市西區大業路5號","0","解散","2022-01-01 02:44:55.997"
"47098264","金吉兒寵物事業有限公司","新北市新店區安康路2段77號","null","核准設立","2022-01-01 02:44:55.997"
"50801836","廣興貿易股份有限公司","高雄市楠梓區後昌路811號1樓","1000000","核准設立","2022-01-01 02:44:55.997"
"50834647","寵愛水族寵物事業有限公司","臺中市北屯區水景里東山路一段156-31號","0","核准設立","2022-01-01 02:44:55.997"
"52902135","金典屋寵物有限公司","臺北市大安區基隆路2段128號","0","解散","2022-01-01 02:44:55.997"
"53125535","旺咪寶企業有限公司","臺北市中山區新生北路1段9號1樓","0","核准設立，但已命令解散","2022-01-01 02:44:55.997"
"53193110","永利昌國際有限公司","新北市林口區竹林路2號(1樓)4號(1樓)","null","核准設立","2022-01-01 02:44:55.997"
"53210217","比佛利寵物事業有限公司","新北市鶯歌區南鶯里光明街15巷5號","null","核准設立","2022-01-01 02:44:55.997"
"53332561","景揚寵物有限公司","臺北市大安區基隆路2段108號、110號","null","解散","2022-01-01 02:44:55.997"
"53411137","翔鈺寵物有限公司","新北市板橋區南雅東路8號、8之1號、8之2號(1樓)","null","解散","2022-01-01 02:44:55.997"
"53416750","萬達寵物事業股份有限公司","臺北市中山區長安東路1段23號4樓之3","321000000","核准設立","2022-01-01 02:44:55.997"
"53430107","逸友有限公司","新北市蘆洲區三民路213,215,217號","0","解散","2022-01-01 02:44:55.997"
"53435095","心肝寶貝寵物用品有限公司","新北市三重區中正北路12號1樓","null","核准設立","2022-01-01 02:44:55.997"
"53494811","狗仔隊寵物用品有限公司","嘉義市西區福全里友愛路187號","0","廢止","2022-01-01 02:44:55.997"
"53514078","寵物密碼國際開發有限公司","臺中市西屯區永安里西屯路三段168-2號1樓","null","解散","2022-01-01 02:44:55.997"
"53557322","金佰達國際有限公司","臺北市內湖區舊宗路1段2號","null","解散","2022-01-01 02:44:55.997"
"53571886","杜莉德寵物有限公司","高雄市苓雅區新光路140巷15號1樓","0","核准設立","2022-01-01 02:44:55.997"
"53702992","大元貿易股份有限公司","新北市樹林區南園里學成路701號(1樓)","3500000","解散","2022-01-01 02:44:55.997"
"53779886","晏聖寵物用品有限公司","彰化縣彰化市復興里中山路三段144號","null","核准設立","2022-01-01 02:44:55.997"
"53781460","智威喜樂國際有限公司","嘉義市西區美源里仁愛路168-2號1．2樓","null","解散","2022-01-01 02:44:55.997"
"53822429","法拉利寵物有限公司","桃園市龍潭區龍星里中正路318號","0","核准設立","2022-01-01 02:44:55.997"
"53865550","竹魚寵物有限公司","新竹市香山區經國路三段6號、6號2樓、8號、8號2樓","0","解散","2022-01-01 02:44:55.997"
"53893922","有馬寵物精品有限公司","高雄市三民區建工路441、443號1樓及2樓","null","解散","2022-01-01 02:44:55.997"
"53960978","好狗命寵物有限公司","新竹縣竹北市博愛街119號","0","核准設立","2022-01-01 02:44:55.997"
"54029187","魚多利寵物事業有限公司","新北市蘆洲區集賢路229及229之1號","null","核准設立","2022-01-01 02:44:55.997"
"54035630","親龍實業有限公司","宜蘭縣羅東鎮維揚里維揚路171、173號","0","核准設立","2022-01-01 02:44:55.997"
"54043532","城魚水族有限公司","新北市土城區金城路2段246號、246號2樓、248號、248號2樓","null","解散","2022-01-01 02:44:55.997"
"54068435","首侖企業有限公司","臺南市歸仁區武東里中正南路二段66號1樓","0","核准設立","2022-01-01 02:44:55.997"
"54074984","永魚寵物有限公司","臺南市永康區中華路707號","0","核准設立","2022-01-01 02:44:55.997"
"54128102","鴻海寵物有限公司","臺中市北屯區文心路4段319號1樓","null","解散","2022-01-01 02:44:55.997"
"54129524","長洋水族有限公司","臺中市南屯區五權西路2段80號1樓","null","解散","2022-01-01 02:44:55.997"
"54190294","寵物王朝有限公司","高雄市橋頭區成功南路148巷1號1樓","0","核准設立","2022-01-01 02:44:55.997"
"54735872","爵靈企業有限公司","臺北市大安區基隆路2段134之1號","0","核准設立","2022-01-01 02:44:55.997"
"54741353","大魚寵物有限公司","臺中市大里區永隆里國光路二段505號","0","核准設立","2022-01-01 02:44:55.997"
"54753603","魚中魚樂活有限公司","臺中市南屯區文心路一段378號27樓之6","0","核准設立","2022-01-01 02:44:55.997"
"54763638","甜甜寵物開發有限公司","臺中市北區新興里三民路三段54巷4號2樓","0","廢止","2022-01-01 02:44:55.997"
"54775016","聯邦寵物行銷事業有限公司","嘉義市西區福安里北港路313號","0","廢止","2022-01-01 02:44:55.997"
"55646623","林佳萍室內裝修工程有限公司","臺北市萬華區成都路155號4樓","0","解散","2022-01-01 02:44:55.997"
"58343004","締兒沛寵物國際有限公司","苗栗縣頭份市民權里民族路243號","0","核准設立","2022-01-01 02:44:55.997"
"59183390","華納寵物有限公司","高雄市三民區建工路796號1、2樓","0","核准設立","2022-01-01 02:44:55.997"
"59230915","法鬥家族寵物有限公司","高雄市茄萣區白砂路43號","0","核准設立","2022-01-01 02:44:55.997"
"59277185","維緹寵物有限公司","高雄市新興區五福二路128號","0","核准設立","2022-01-01 02:44:55.997"
"59311178","海王子股份有限公司","高雄市楠梓區藍昌路423號2樓","13000000","核准設立","2022-01-01 02:44:55.997"
"59318263","寵物王國股份有限公司","高雄市楠梓區高楠公路870之1號","43000000","核准設立","2022-01-01 02:44:55.997"
"65235206","逸國有限公司","新北市永和區得和路409號","0","解散","2022-01-01 02:44:55.997"
"66360259","艾荳寵物沙龍有限公司","新北市永和區永利路154號","0","廢止","2022-01-01 02:44:55.997"
"69387794","木子六企業有限公司","新北市中和區和平街17之1號","0","核准設立","2022-01-01 02:44:55.997"
"69754030","峻藝實業有限公司","臺南市南區金華里聖南街10號1樓","0","核准設立","2022-01-01 02:44:55.997"
"70446602","皇都地毯實業有限公司","臺北市士林區通河東街1段167巷16弄12號1樓","null","核准設立","2022-01-01 02:44:55.997"
"70456544","全智生物科技有限公司","臺北市文山區景興路195號3樓之3","0","核准設立","2022-01-01 02:44:55.997"
"70522925","大家的寵物網路合作股份有限公司","新北市三重區重陽路一段一一三巷一弄二一號一樓","2000000","解散","2022-01-01 02:44:55.997"
"70626908","生春有限公司","彰化縣溪湖鎮湖西里二溪路一段一四一號","null","解散","2022-01-01 02:44:55.997"
"80051557","安諾美斯股份有限公司","臺中市西屯區文心路三段一九五之一號","5000000","廢止","2022-01-01 02:44:55.997"
"80106336","泓洋國際有限公司","新竹縣竹北市竹仁里３２鄰中山路４６５號","null","解散","2022-01-01 02:44:55.997"
"80130434","巨豐國際企業股份有限公司","桃園市桃園區玉山里大同西路105號1樓","1000000","核准設立","2022-01-01 02:44:55.997"
"80296032","環球購物中心股份有限公司","臺北市大安區和平東路3段131號8樓","3810000000","核准設立","2022-01-01 02:44:55.997"
"80320146","滿貫實業有限公司","新北市新莊區天祥街九○號","null","廢止","2022-01-01 02:44:55.997"
"80526604","世界寵物有限公司","臺北市大安區光復南路７０２號１樓","null","解散","2022-01-01 02:44:55.997"
"80544976","班豪寵物有限公司","臺北市大安區忠孝東路3段98之1號1樓","null","解散","2022-01-01 02:44:55.997"
"80574339","卡哇伊寵物有限公司","新北市蘆洲區長榮路70號","null","廢止","2022-01-01 02:44:55.997"
"80611762","動物王國有限公司","新竹市水田里經國路二段19號","0","核准設立","2022-01-01 02:44:55.997"
"80633512","晉宇寵物服務股份有限公司","新北市新莊區豐年街２０巷１３號","4000000","廢止","2022-01-01 02:44:55.997"
"80694691","班福寵物有限公司","臺北市內湖區成功路3段162之1號","null","解散","2022-01-01 02:44:55.997"
"80712425","臻興貿易有限公司","桃園市平鎮區民族路二段二○五號","null","解散","2022-01-01 02:44:55.997"
"80714866","東鳳凰股份有限公司","新北市鶯歌區鶯桃路129巷21弄70號","6000000","解散","2022-01-01 02:44:55.997"
"80723181","達寶國際企業有限公司","臺中市南屯區文心路一段一五九號一樓","null","解散","2022-01-01 02:44:55.997"
"80739064","豪峻實業有限公司","嘉義市西區博愛路二段37號1樓","0","核准設立","2022-01-01 02:44:55.997"
"82770364","晴虹貓咪美容有限公司","臺中市南區福順里南陽街90號1、2樓","0","核准設立","2022-01-01 02:44:55.997"
"82793280","柏宜斯寵物國際有限公司","桃園市中壢區中園路118、120、122號（1、2樓）","0","核准設立","2022-01-01 02:44:55.997"
"83058148","萌家國際貿易有限公司","桃園市中壢區仁愛里普忠路581巷25號(2樓、3樓、4樓)","0","核准設立","2022-01-01 02:44:55.997"
"83104017","愛微笑興業有限公司","臺南市新市區港墘里中山路13巷37號","0","核准設立","2022-01-01 02:44:55.997"
"83191949","毛很多有限公司","高雄市林園區五福路258巷12號1至2樓","0","核准設立","2022-01-01 02:44:55.997"
"83228328","美寶雅水族寵物有限公司","新北市汐止區大同路1段157號、159號","0","核准設立","2022-01-01 02:44:55.997"
"83229733","金利海貿易有限公司","高雄市楠梓區大學十一街312號1樓","0","核准設立","2022-01-01 02:44:55.997"
"83232569","首寶國際有限公司","臺中市清水區槺榔里港新五路205號10樓之1","0","核准設立","2022-01-01 02:44:55.997"
"83251811","心語雁實業有限公司","桃園市中壢區少康一街12號","0","核准設立","2022-01-01 02:44:55.997"
"83273420","貓行天下寵物有限公司","桃園市桃園區光興里5鄰縣府路18號地下一樓","0","核准設立","2022-01-01 02:44:55.997"
"83426241","狗福美學館有限公司","臺中市南屯區田心里五權西路二段518之1號","0","核准設立","2022-01-01 02:44:55.997"
"83531911","頌喜商貿有限公司","高雄市三民區河北二路80號2樓之5","0","核准設立","2022-01-01 02:44:55.997"
"84089632","全有國際企業有限公司","新北市三重區重新路4段97號17樓","null","廢止","2022-01-01 02:44:55.997"
"84459775","物之坊有限公司","臺北市內湖區民權東路6段304號1樓","0","解散","2022-01-01 02:44:55.997"
"85035199","台灣皇爵貿易股份有限公司","高雄市楠梓區藍昌路421號2樓","10000000","核准設立","2022-01-01 02:44:55.997"
"85117430","朏朏有限公司","臺中市大甲區中山路一段908巷103號1樓、2樓","0","解散","2022-01-01 02:44:55.997"
"86532580","人人國際企業有限公司","宜蘭縣冬山鄉群英村冬山路三段三二四號","null","解散","2022-01-01 02:44:55.997"
"86974017","詰鎧實業有限公司","臺中市豐原區田心里中山路一九七號","0","核准設立","2022-01-01 02:44:55.997"
"89622163","金吉旺寵物有限公司","臺北市大安區基隆路2段104號","null","核准設立","2022-01-01 02:44:55.997"
"89633350","御業企業有限公司","臺北市士林區德行東路137號1樓","0","核准設立","2022-01-01 02:44:55.997"
"90441458","咪皇有限公司","臺北市內湖區文德路210巷30弄6號2樓之5","0","核准設立","2022-01-01 02:44:55.997"
"90687781","旺旺萌寵有限公司","臺中市南屯區永春路11之6號","0","核准設立","2022-01-01 02:44:55.997"
"91116445","榛豪企業有限公司","臺南市東區德高里4鄰仁和路139巷44號1樓","0","核准設立","2022-01-01 02:44:55.997"
"97430717","大江國際股份有限公司","臺北市大安區仁愛路4段109號15樓","2000000000","核准設立","2022-01-01 02:44:55.997"
"97445676","法典水族藝術有限公司","臺北市大同區民族西路１６８號１樓","null","解散","2022-01-01 02:44:55.997"
