﻿"統一編號","公司名稱","公司地址","實收資本額","公司狀態","產製日期"
"00355403","和平通運股份有限公司","臺北市中山區長春路172號4樓之5","28500000","核准設立","2022-01-01 02:44:58.013"
"00385504","鈺銓觀光汽車股份有限公司","臺北市中山區長春路172號8樓之11","21000000","核准設立","2022-01-01 02:44:58.013"
"00667031","爾雅通運有限公司","臺北市信義區忠孝東路5段1號14樓","0","核准設立","2022-01-01 02:44:58.013"
"03058568","今賓交通企業有限公司","臺北市松山區永吉路179號3樓","null","核准設立","2022-01-01 02:44:58.013"
"03077501","星光通運股份有限公司","臺南市北區中華北路1段386號","29000000","核准設立","2022-01-01 02:44:58.013"
"03098800","火炎山通運股份有限公司","苗栗縣苑裡鎮新復里1鄰新復7號1F","24500000","核准設立","2022-01-01 02:44:58.013"
"03110522","太豐觀光交通股份有限公司","臺北市中正區北平東路24號3樓之3","60000000","核准設立","2022-01-01 02:44:58.013"
"03188020","華信通運有限公司","新北市中和區中山路3段39號7樓之8","null","核准設立","2022-01-01 02:44:58.013"
"03245802","東南遊覽汽車股份有限公司","臺北市中山區中山北路2段60號11樓","58000000","核准設立","2022-01-01 02:44:58.013"
"03259811","今聯遊覽汽車股份有限公司","新北市新店區安祥路106巷131弄9號","12000000","核准設立","2022-01-01 02:44:58.013"
"03303422","英倫交通有限公司","臺北市中正區愛國東路70號2樓","0","核准設立","2022-01-01 02:44:58.013"
"03419401","華宮汽車有限公司","桃園市中壢區環西路二段247號1樓","0","核准設立","2022-01-01 02:44:58.013"
"03522101","新凱旅運股份有限公司","臺中市大里區金城里成功路63號","50000000","核准設立","2022-01-01 02:44:58.013"
"03523208","遠東遊覽汽車股份有限公司","臺北市中山區長春路172號8樓之6","27000000","核准設立","2022-01-01 02:44:58.013"
"03533402","綠野觀光汽車股份有限公司","高雄市前金區新盛一街9之13號","28000000","核准設立","2022-01-01 02:44:58.013"
"03628701","康樂遊覽汽車股份有限公司","臺中市西區林森路154號1樓","29000000","核准設立","2022-01-01 02:44:58.013"
"04210696","上仁通運有限公司","高雄市大寮區內坑里內坑路一一○之二六號一樓","0","核准設立","2022-01-01 02:44:58.013"
"04211793","長河通運有限公司","桃園市桃園區大有路556號7樓","0","核准設立","2022-01-01 02:44:58.013"
"04238076","曾美通運股份有限公司","高雄市左營區榮總路543號8樓","19000000","核准設立","2022-01-01 02:44:58.013"
"04240235","怡心通運股份有限公司","臺北市文山區景興路195號3樓","58000000","核准設立","2022-01-01 02:44:58.013"
"04240256","耐斯通運有限公司","南投縣名間鄉彰南路255之25號1樓","0","核准設立","2022-01-01 02:44:58.013"
"04279370","友連通運股份有限公司","臺中市北屯區大連路一段102號1樓","29000000","核准設立","2022-01-01 02:44:58.013"
"04406559","長榮國際儲運股份有限公司","桃園市桃園區經國路899號","10671410940","核准設立","2022-01-01 02:44:58.013"
"04415348","豐德通運有限公司","桃園市平鎮區新榮里新德街167號","0","核准設立","2022-01-01 02:44:58.013"
"04451673","政豐通運企業股份有限公司","臺北市大安區和平東路2段201號7樓之3","16000000","核准設立","2022-01-01 02:44:58.013"
"04561545","喬順通運有限公司","新北市汐止區民族2街9號(1樓)","0","核准設立","2022-01-01 02:44:58.013"
"04711093","野獅通運有限公司","臺北市士林區承德路5段54之1號1樓","0","核准設立","2022-01-01 02:44:58.013"
"04718357","狄成遊覽車股份有限公司","臺中市西區公正里公益路367號10樓之2","50000000","核准設立","2022-01-01 02:44:58.013"
"04724604","阿羅哈通運股份有限公司","新北市新莊區中山路1段10號2樓","15000000","核准設立","2022-01-01 02:44:58.013"
"04865478","利達通運股份有限公司","臺北市文山區景興路21號2樓","65700000","核准設立","2022-01-01 02:44:58.013"
"04995964","永青遊覽有限公司","臺北市中山區長春路172號11樓之3","0","核准設立","2022-01-01 02:44:58.013"
"04997230","仁豐通運有限公司","臺北市大安區忠孝東路4段297號5樓","0","核准設立","2022-01-01 02:44:58.013"
"07006606","總盈通運有限公司","臺北市中山區長春路172號8樓之9","null","核准設立","2022-01-01 02:44:58.013"
"07277918","美樂家客運有限公司","新竹縣新埔鎮下寮里義民路3段628巷51號1樓","null","核准設立","2022-01-01 02:44:58.013"
"09413621","長江通運有限公司","新北市林口區麗園一街6巷2號5樓之1","0","核准設立","2022-01-01 02:44:58.013"
"11005328","羚蓁遊覽車客運股份有限公司","嘉義市西區福安里世賢路二段33號1樓","50000000","核准設立","2022-01-01 02:44:58.013"
"11010053","豊勝交通企業股份有限公司","臺南市永康區六合里中華路425號16樓之2","30000000","核准設立","2022-01-01 02:44:58.013"
"11474406","旺旺通運股份有限公司","桃園市大溪區介壽路211巷54弄10號","20000000","核准設立","2022-01-01 02:44:58.013"
"11769106","和泰遊覽股份有限公司","臺北市北投區永興路1段39號1樓","29200000","核准設立","2022-01-01 02:44:58.013"
"12130252","日星交通事業有限公司","臺北市中山區長春路172號11樓之4","0","核准設立","2022-01-01 02:44:58.013"
"12189062","藍星通運有限公司","臺北市中山區長春路172號8樓之6","null","核准設立","2022-01-01 02:44:58.013"
"12619268","豐勝通運有限公司","臺南市永康區六合里中華路425號16樓之2","0","核准設立","2022-01-01 02:44:58.013"
"12675492","永達遊覽車客運有限公司","臺北市大安區仁愛路4段77號14樓之1","0","核准設立","2022-01-01 02:44:58.013"
"12801907","速可達通運有限公司","南投縣草屯鎮明正里成功路一段367號12樓之1","0","核准設立","2022-01-01 02:44:58.013"
"12826040","瑋鑫通運有限公司","高雄市小港區鋼平街174巷3號7樓","0","核准設立","2022-01-01 02:44:58.013"
"12857916","尚慶遊覽車客運有限公司","嘉義市西區西平里友忠路112號1樓","0","核准設立","2022-01-01 02:44:58.013"
"12865269","友惠通運有限公司","苗栗縣苗栗市金龍街155號","0","核准設立","2022-01-01 02:44:58.013"
"12878314","拓荒者通運有限公司","桃園市蘆竹區南崁里一八鄰中正路一七號一樓","null","廢止","2022-01-01 02:44:58.013"
"12937138","龍亨國際通運有限公司","花蓮縣花蓮市球崙二路220號(2樓)","0","核准設立","2022-01-01 02:44:58.013"
"12943526","連茂通運有限公司","臺北市松山區南京東路５段２３４號６樓之５","null","廢止","2022-01-01 02:44:58.013"
"12961495","阜康通運有限公司","臺中市北區北興街６９號１樓","null","核准設立","2022-01-01 02:44:58.013"
"12963938","頂呱呱通運有限公司","臺北市中山區民生東路1段42號8樓之6","0","核准設立","2022-01-01 02:44:58.013"
"12980872","鴻宇通運股份有限公司","臺北市文山區景興路21號2樓","60000000","核准設立","2022-01-01 02:44:58.013"
"13031224","萬事達通運有限公司","臺中市北屯區和平里環中東路二段103號1樓","0","核准設立","2022-01-01 02:44:58.013"
"13054372","國寶遊覽車客運有限公司","彰化縣溪州鄉溪厝村中山路二段二五二號一樓","null","解散","2022-01-01 02:44:58.013"
"13085733","現代遊覽車客運有限公司","臺北市松山區健康路182號2樓","0","核准設立","2022-01-01 02:44:58.013"
"13087818","文華客運有限公司","臺北市中山區松江路131之27號14樓","0","核准設立","2022-01-01 02:44:58.013"
"13097858","昌達通運股份有限公司","苗栗縣頭份市建國里中華路1406號","50000000","核准設立","2022-01-01 02:44:58.013"
"13135987","鼎茂通運有限公司","臺北市松山區南京東路５段２０２號８樓之５","null","廢止","2022-01-01 02:44:58.013"
"13136114","富灥通運有限公司","彰化縣北斗鎮西德里2鄰舜苑街173巷2號1樓","null","核准設立","2022-01-01 02:44:58.013"
"13142495","鈺銓通運有限公司","臺北市中山區長春路172號8樓之9","0","核准設立","2022-01-01 02:44:58.013"
"13145850","遠翔通運有限公司","桃園市楊梅區環南路225號1樓","0","核准設立","2022-01-01 02:44:58.013"
"13157911","易通通運有限公司","高雄市新興區八德一路308號4樓","null","廢止","2022-01-01 02:44:58.013"
"13158138","光達通運有限公司","基隆市七堵區泰安里明德二路1之1號3樓","0","核准設立","2022-01-01 02:44:58.013"
"13162528","上富遊覽有限公司","臺南市北區大道里旭日街96號1樓","0","核准設立","2022-01-01 02:44:58.013"
"13172434","非凡通運有限公司","臺南市新市區社內里社內50-80號","0","解散","2022-01-01 02:44:58.013"
"13176537","杭州通運有限公司","臺中市大雅區上楓里楓林街96號2樓","null","核准設立","2022-01-01 02:44:58.013"
"13187794","海洲通運有限公司","臺中市豐原區三村里大明路183號2樓","0","核准設立","2022-01-01 02:44:58.013"
"13195788","富鎮通運有限公司","新竹市境福里成功路5號1樓","null","核准設立","2022-01-01 02:44:58.013"
"14000332","三合通運股份有限公司","高雄市鳳山區八德路179號5樓","29500000","核准設立","2022-01-01 02:44:58.013"
"14002818","亞通通運有限公司","臺北市松山區民族東路767之1號1樓","0","核准設立","2022-01-01 02:44:58.013"
"14065849","橋亞通運有限公司","高雄市橋頭區仕隆南路22號","0","核准設立","2022-01-01 02:44:58.013"
"14088651","浩宇通運有限公司","屏東縣新園鄉仙吉村仙隆路49巷51號1樓","0","核准設立","2022-01-01 02:44:58.013"
"14096060","協興通運股份有限公司","高雄市苓雅區華新街17號","29600000","核准設立","2022-01-01 02:44:58.013"
"15142647","台灣聯合巴士有限公司","臺北市大同區延平北路4段173號2樓","0","核准設立","2022-01-01 02:44:58.013"
"15808381","偉太通運股份有限公司","高雄市小港區其美街29號1樓","28000000","核准設立","2022-01-01 02:44:58.013"
"16017174","亞裕遊覽車客運有限公司","南投縣草屯鎮明正里成功路一段367號12樓之1","0","核准設立","2022-01-01 02:44:58.013"
"16031182","永興觀光巴士股份有限公司","新北市永和區文化路139號","30000000","核准設立","2022-01-01 02:44:58.013"
"16067955","立達通運有限公司","桃園市桃園區中正路3號","null","核准設立","2022-01-01 02:44:58.013"
"16074626","燁昇通運有限公司","臺南市北區成德里中華北路2段146號1樓","0","核准設立","2022-01-01 02:44:58.013"
"16079972","高鼎遊覽車客運股份有限公司","雲林縣麥寮鄉橋頭村仁德路173巷65號1樓","50000000","核准設立","2022-01-01 02:44:58.013"
"16105613","大和通運有限公司","高雄市苓雅區福安路35巷1號6樓之2","0","核准設立","2022-01-01 02:44:58.013"
"16111093","統鑫通運有限公司","高雄市鳳山區長樂街63號1樓","0","核准設立","2022-01-01 02:44:58.013"
"16111930","天友通運有限公司","高雄市三民區大連街184號1樓","null","核准設立","2022-01-01 02:44:58.013"
"16118407","五福通運有限公司","臺中市西區樂群街94巷19號1樓","0","核准設立","2022-01-01 02:44:58.013"
"16119659","大雅通運有限公司","高雄市三民區灣復里鼎華路254號1樓","0","核准設立","2022-01-01 02:44:58.013"
"16120804","大榮通運有限公司","臺中市大雅區雅楓里神林南路169號1樓","0","核准設立","2022-01-01 02:44:58.013"
"16122633","全台通運有限公司","新竹縣竹東鎮榮華里中和路４８號","null","核准設立","2022-01-01 02:44:58.013"
"16122681","盛美通運有限公司","臺南市南區建南里永成路2段849號1樓","null","核准設立","2022-01-01 02:44:58.013"
"16128849","國慶通運有限公司","新竹市東區高峰里高翠路159號1樓","0","核准設立","2022-01-01 02:44:58.013"
"16129930","尊達通運有限公司","高雄市三民區和順街93號14樓之2","null","廢止","2022-01-01 02:44:58.013"
"16138044","和撒那通運有限公司","臺北市中山區長春路172號7樓之8","null","核准設立","2022-01-01 02:44:58.013"
"16143200","欣東通運股份有限公司","臺北市中山區長春路172號7樓之8","38000000","核准設立","2022-01-01 02:44:58.013"
"16147016","雲翼通運有限公司","臺北市大同區承德路１段６６號１０樓","null","廢止","2022-01-01 02:44:58.013"
"16147085","龍信遊覽交通有限公司","新竹市中華路一段262號","0","核准設立","2022-01-01 02:44:58.013"
"16152663","天龍通運有限公司","臺北市中山區長春路４０號７樓之６","null","廢止","2022-01-01 02:44:58.013"
"16153305","大漢通運有限公司","臺北市中山區松江路133巷50號3樓之4","0","核准設立","2022-01-01 02:44:58.013"
"16153473","廣承泰交通事業股份有限公司","臺北市北投區東陽街425號2樓","35000000","核准設立","2022-01-01 02:44:58.013"
"16157908","一山遊覽車客運有限公司","臺北市文山區景興路21號3樓","0","核准設立","2022-01-01 02:44:58.013"
"16165695","溫得利通運事業有限公司","臺北市中正區莒光路109號","null","核准設立","2022-01-01 02:44:58.013"
"16175589","正森通運有限公司","臺北市中山區長春路172號8樓之12","null","廢止","2022-01-01 02:44:58.013"
"16179656","永豐觀光巴士有限公司","新北市板橋區三民路2段37號8樓之2","0","核准設立","2022-01-01 02:44:58.013"
"16186024","泰川遊覽車客運有限公司","雲林縣斗南鎮舊社里興國路一五五號一樓","0","核准設立","2022-01-01 02:44:58.013"
"16187712","協億遊覽車客運有限公司","臺南市仁德區二行里行大一街107號1樓","null","核准設立","2022-01-01 02:44:58.013"
"16191390","捷麗通運有限公司","臺南市南區竹溪里南門路295號1樓","null","核准設立","2022-01-01 02:44:58.013"
"16197556","瑋成通運有限公司","臺中市北屯區仁和里豐樂南一街15號1樓","0","核准設立","2022-01-01 02:44:58.013"
"16200969","瑞慶通運有限公司","高雄市鳳山區和興里三五鄰五甲一路二三五巷三十號","null","廢止","2022-01-01 02:44:58.013"
"16225482","楓葉通運有限公司","高雄市大寮區永芳里鳳林三路四七八巷九號一樓","null","廢止","2022-01-01 02:44:58.013"
"16252190","喬群遊覽車客運有限公司","彰化縣彰化市國聖里中山路518巷3號1樓","null","核准設立","2022-01-01 02:44:58.013"
"16274292","傳盛通運有限公司","臺南市佳里區塭內里塭子內66號1樓","0","核准設立","2022-01-01 02:44:58.013"
"16287613","鼎星通運有限公司","桃園市中壢區仁美里金鋒五街53號10樓","null","核准設立","2022-01-01 02:44:58.013"
"16288269","印象通運有限公司","新北市淡水區淡金路50號2樓","null","核准設立","2022-01-01 02:44:58.013"
"16302918","皇家客運有限公司","新北市金山區中山路95號","0","核准設立","2022-01-01 02:44:58.013"
"16303705","佳翔通運有限公司","桃園市平鎮區平興里20鄰興華街99巷8號","0","核准設立","2022-01-01 02:44:58.013"
"16304747","新達通運股份有限公司","桃園市中壢區三民里環西路二段247號","30000000","核准設立","2022-01-01 02:44:58.013"
"16308286","地球魚通運有限公司","新北市土城區學士路12巷12號","0","核准設立","2022-01-01 02:44:58.013"
"16310115","和翰通運有限公司","嘉義縣朴子市大葛里嘉朴路西段27號","0","核准設立","2022-01-01 02:44:58.013"
"16310706","翔盛通運有限公司","臺北市中山區吉林路461巷25號","0","核准設立","2022-01-01 02:44:58.013"
"16321838","全達遊覽車客運有限公司","新竹縣竹北市縣政二路89號2樓","0","核准設立","2022-01-01 02:44:58.013"
"16323532","大川通運有限公司","彰化縣花壇鄉彰員路三段409號1樓","0","核准設立","2022-01-01 02:44:58.013"
"16325736","全安通運有限公司","基隆市中正區北寧路三四二巷二一號五樓　","null","核准設立","2022-01-01 02:44:58.013"
"16327679","勝興通運有限公司","苗栗縣頭份市忠孝里25鄰中華路1091之3號","null","核准設立","2022-01-01 02:44:58.013"
"16328852","銀翼通運有限公司","臺北市大同區承德路１段６６號１樓","null","廢止","2022-01-01 02:44:58.013"
"16331110","凱鑫通運有限公司","高雄市鳳山區長樂街63號1樓","null","核准設立","2022-01-01 02:44:58.013"
"16349603","南美遊覽車客運有限公司","臺南市南區建南里永成路二段849號(2樓)","0","核准設立","2022-01-01 02:44:58.013"
"16351635","大自然遊覽車客運有限公司","彰化縣彰化市中庄里彰南路1段117巷1–12號","null","核准設立","2022-01-01 02:44:58.013"
"16356364","全航國際通運股份有限公司","臺南市東區自強里中華東路二段185巷42號1樓","30000000","核准設立","2022-01-01 02:44:58.013"
"16358623","元慶誠旅運有限公司","新竹市田美三街31號9樓","null","核准設立","2022-01-01 02:44:58.013"
"16368116","永悅通運有限公司","臺北市中山區南京東路1段120號9樓之3","0","核准設立","2022-01-01 02:44:58.013"
"16386162","富山遊覽車客運有限公司","臺中市霧峰區〔Ｊ　　ｕ村自強路一六四號","null","解散","2022-01-01 02:44:58.013"
"16390308","萬大遊覽車客運有限公司","彰化縣二林鎮振興里英才路77巷15號1樓","0","核准設立","2022-01-01 02:44:58.013"
"16402368","平通交通企業股份有限公司","臺南市安平區華平里平通路472號1樓","30000000","核准設立","2022-01-01 02:44:58.013"
"16408692","佳歆遊覽車客運有限公司","臺中市西屯區何南里大墩二十街112號2樓","0","核准設立","2022-01-01 02:44:58.013"
"16451114","世界聯合觀光巴士有限公司","高雄市三民區鼎義街168號1樓","null","核准設立","2022-01-01 02:44:58.013"
"16452211","立統通運有限公司","高雄市苓雅區林南街22號7樓之3","0","核准設立","2022-01-01 02:44:58.013"
"16454421","達欣通運有限公司","臺北市大安區忠孝東路4段222號3樓","0","核准設立","2022-01-01 02:44:58.013"
"16456878","盈通遊覽車客運有限公司","嘉義縣竹崎鄉灣橋村埤堂36號1樓","0","核准設立","2022-01-01 02:44:58.013"
"16457166","欣欣國際旅運有限公司","臺南市仁德區行大一街107號1樓","0","核准設立","2022-01-01 02:44:58.013"
"16459235","金富山遊覽車客運有限公司","彰化縣彰化市新興里彰新路一段49巷23號1樓","0","核准設立","2022-01-01 02:44:58.013"
"16459755","驊德遊覽客運有限公司","臺南市新市區社內里社內22之39號","null","核准設立","2022-01-01 02:44:58.013"
"16459875","金門雄獅國際通運股份有限公司","金門縣金寧鄉東坑20號","53300000","核准設立","2022-01-01 02:44:58.013"
"16460660","富隆遊覽車客運有限公司","彰化縣彰化市平和里平安街80號1樓","0","核准設立","2022-01-01 02:44:58.013"
"16460768","恒達通運有限公司","臺北市中山區長春路172號8樓之6","0","核准設立","2022-01-01 02:44:58.013"
"16461247","家佳通運有限公司","高雄市三民區通化街30巷26號1樓","0","核准設立","2022-01-01 02:44:58.013"
"16467994","新友通運有限公司","桃園市中壢區志欣路40號","null","廢止","2022-01-01 02:44:58.013"
"16469374","大墩遊覽車通運有限公司","臺中市南屯區三和里大墩十二街680號1樓","0","核准設立","2022-01-01 02:44:58.013"
"16470359","集成通運有限公司","臺南市東區和平里自由路二段181號1樓","null","廢止","2022-01-01 02:44:58.013"
"16471293","全國品保遊覽車客運股份有限公司","高雄市岡山區金興街78號1樓","30000000","核准設立","2022-01-01 02:44:58.013"
"16471884","華展遊覽有限公司","臺中市東區東信里十甲東路220號1樓","0","核准設立","2022-01-01 02:44:58.013"
"16472390","集達通運有限公司","臺北市松山區民生東路５段１６７號１６樓","null","廢止","2022-01-01 02:44:58.013"
"16472624","佳樂達通運有限公司","新北市中和區南山路127巷30弄6號","null","核准設立","2022-01-01 02:44:58.013"
"16474025","皇佳交通有限公司","新竹市東區中央路344號3樓","0","核准設立","2022-01-01 02:44:58.013"
"16474257","國盛通運有限公司","臺南市南區明亮里新都路392號1樓","0","核准設立","2022-01-01 02:44:58.013"
"16475404","隆進遊覽車有限公司","高雄市前鎮區一心一路178號1、2樓","0","核准設立","2022-01-01 02:44:58.013"
"16475761","順富遊覽有限公司","臺中市西屯區逢甲里西屯路二段上石北5巷3弄7號","0","核准設立","2022-01-01 02:44:58.013"
"16477732","金馳通運有限公司","高雄市大樹區九曲里九大路189號1樓","0","核准設立","2022-01-01 02:44:58.013"
"16479231","翔發通運有限公司","雲林縣斗六市龍潭里八德路20號1樓","0","核准設立","2022-01-01 02:44:58.013"
"16479318","天鑫通運有限公司","宜蘭縣礁溪鄉六結村礁溪路4段182號4樓","0","核准設立","2022-01-01 02:44:58.013"
"16480949","漢聲遊覽車有限公司","桃園市平鎮區廣德街202號","0","核准設立","2022-01-01 02:44:58.013"
"16490600","宇誠通運有限公司","臺中市北屯區豐樂南一街15號1樓","0","核准設立","2022-01-01 02:44:58.013"
"16495844","易翃遊覽車客運有限公司","高雄市鼓山區明誠3路706號3樓","null","核准設立","2022-01-01 02:44:58.013"
"16497884","新華通運有限公司","新竹市西門街156號","0","核准設立","2022-01-01 02:44:58.013"
"16511252","乾成遊覽車客運業有限公司","臺南市東區和平里六鄰東門路三段三○八巷五四號一樓","null","解散","2022-01-01 02:44:58.013"
"16511387","龍德通運有限公司","桃園市平鎮區金星里新光路四段四五巷二弄四十號一樓","null","廢止","2022-01-01 02:44:58.013"
"16519043","鼎峰遊覽通運有限公司","彰化縣彰化市延和里埔西街60巷29號1樓","0","核准設立","2022-01-01 02:44:58.013"
"16524411","長鴻通運遊覽有限公司","臺中市神岡區岸裡里豐社一街18號1樓","0","核准設立","2022-01-01 02:44:58.013"
"16526993","金華聯遊覽車客運股份有限公司","花蓮縣花蓮市國裕里富陽路18號","30000000","核准設立","2022-01-01 02:44:58.013"
"16532051","連益通運有限公司","臺北市中山區農安街255號4樓","null","核准設立","2022-01-01 02:44:58.013"
"16533093","樺達通運有限公司","新竹市關東里光復路1段268巷37號","0","核准設立","2022-01-01 02:44:58.013"
"16533137","運通遊覽車股份有限公司","臺中市北屯區東山路一段140巷60號1樓","60000000","核准設立","2022-01-01 02:44:58.013"
"16557101","全立通運有限公司","臺南市北區北門里北門路二段十七號一樓","null","解散","2022-01-01 02:44:58.013"
"16566853","協溢通運有限公司","新北市淡水區大仁街五一︱四號","null","解散","2022-01-01 02:44:58.013"
"16571737","鴻翔通運有限公司","桃園市中壢區中美路101號5樓","0","核准設立","2022-01-01 02:44:58.013"
"16581448","億豐通運有限公司","南投縣草屯鎮敦和里仁愛街210號1樓","0","核准設立","2022-01-01 02:44:58.013"
"16584607","宏昌通運有限公司","新北市三峽區大同路39巷20弄5號","0","核准設立","2022-01-01 02:44:58.013"
"16586387","星宇國際通運有限公司","新北市三重區重新路4段172號4樓之1","0","核准設立","2022-01-01 02:44:58.013"
"16588527","鵬翼通運有限公司","臺北市松山區南京東路５段２３４號６樓之１","null","廢止","2022-01-01 02:44:58.013"
"16590586","仙儷通運有限公司","新北市中和區華新街139號(1樓)","null","核准設立","2022-01-01 02:44:58.013"
"16591804","全宥通運有限公司","臺中市北屯區松竹北路１０９號２樓","null","核准設立","2022-01-01 02:44:58.013"
"16592584","龍族通運有限公司","臺南市歸仁區南興里文化街三段720巷36號1樓","0","核准設立","2022-01-01 02:44:58.013"
"16594062","環球遊覽通運有限公司","桃園市蘆竹區新南路一段一０九號　","null","核准設立","2022-01-01 02:44:58.013"
"16601155","捷森旅遊巴士有限公司","臺北市內湖區新湖二路367號3樓308室","null","核准設立","2022-01-01 02:44:58.013"
"16601789","華納通運有限公司","臺北市大安區忠孝東路4段112號12樓之3","null","核准設立","2022-01-01 02:44:58.013"
"16608256","詠翔通運有限公司","臺北市中山區長春路172號8樓之10","0","核准設立","2022-01-01 02:44:58.013"
"16609656","松冠通運股份有限公司","臺北市中山區長春路172號8樓之10","50000000","核准設立","2022-01-01 02:44:58.013"
"16612619","裕鑫通運有限公司","新竹縣竹東鎮東寧里光武街36巷16號","null","核准設立","2022-01-01 02:44:58.013"
"16613167","松英交通有限公司","澎湖縣馬公市新店路398號4樓","null","核准設立","2022-01-01 02:44:58.013"
"16616848","大蘭陽通運有限公司","宜蘭縣羅東鎮東安里光榮路269之12號12樓","0","核准設立","2022-01-01 02:44:58.013"
"16617136","世偉通運有限公司","臺北市中山區林森北路575號5樓之16","null","核准設立","2022-01-01 02:44:58.013"
"16620651","德星交通有限公司","嘉義市劉厝里大吉街95號1樓","0","核准設立","2022-01-01 02:44:58.013"
"16622010","元大通運有限公司","臺北市中山區新生北路3段7號10樓之1","null","核准設立","2022-01-01 02:44:58.013"
"16622449","宏都遊覽車客運有限公司","嘉義市荖藤里忠孝北街132號2樓","0","核准設立","2022-01-01 02:44:58.013"
"16622877","冠鴻通運有限公司","臺北市中山區松江路133巷50號3樓之4","null","核准設立","2022-01-01 02:44:58.013"
"16623209","聚富通運有限公司","彰化縣員林市惠來里惠明街153號","0","核准設立","2022-01-01 02:44:58.013"
"16626867","統信通運有限公司","臺中市西屯區中清路二段1422號1樓","0","核准設立","2022-01-01 02:44:58.013"
"16628387","久鼎通運股份有限公司","臺北市大安區復興南路2段290號1樓","50000000","核准設立","2022-01-01 02:44:58.013"
"16630519","協溢通運有限公司","臺北市士林區中正路499號1樓","null","核准設立","2022-01-01 02:44:58.013"
"16640214","全民遊覽車客運有限公司","新竹縣竹北市中正西路1556號1樓","0","核准設立","2022-01-01 02:44:58.013"
"16641662","怡樂達通運有限公司","新北市中和區南山路127巷30弄6號1樓","0","核准設立","2022-01-01 02:44:58.013"
"16643330","福樂交通事業有限公司","彰化縣彰化市竹巷里彰南路5段89巷61號","0","核准設立","2022-01-01 02:44:58.013"
"16643845","憲豐遊覽車客運有限公司","臺南市永康區塩行里中正北路318巷7號1樓","0","核准設立","2022-01-01 02:44:58.013"
"16653202","駿逸通運有限公司","高雄市大寮區進學路2巷14弄8號1樓","0","核准設立","2022-01-01 02:44:58.013"
"16656812","巨愛通運有限公司","新北市樹林區太平街一五○巷二七號二樓","null","撤銷","2022-01-01 02:44:58.013"
"16661266","統成遊覽車客運股份有限公司","新竹縣湖口鄉中興村鐵騎路162號","30000000","核准設立","2022-01-01 02:44:58.013"
"16666086","南杰交通事業有限公司","嘉義市東區荖藤里忠孝北街132號1樓","null","核准設立","2022-01-01 02:44:58.013"
"16674950","新泰通運有限公司","新竹市中寮里中清路103號","null","核准設立","2022-01-01 02:44:58.013"
"16689285","新欣客運有限公司","臺中市大里區金城里成功路63號","0","核准設立","2022-01-01 02:44:58.013"
"16693611","佑晟通運有限公司","臺中市太平區興隆里興隆路55之8號1樓","0","核准設立","2022-01-01 02:44:58.013"
"16694442","上揚通運有限公司","臺中市東區十甲東路二二○號一樓","null","廢止","2022-01-01 02:44:58.013"
"16699045","世通遊覽車客運股份有限公司","花蓮縣花蓮市中正路224號","50000000","核准設立","2022-01-01 02:44:58.013"
"16702885","伊翔通運有限公司","高雄市小港區高坪二十六街182號1樓","0","核准設立","2022-01-01 02:44:58.013"
"16712722","千盟通運有限公司","臺中市南區忠明南路七二四號一樓","null","解散","2022-01-01 02:44:58.013"
"16719507","亞泰遊覽通運有限公司","苗栗縣通霄鎮通西里中山路34巷9號","null","核准設立","2022-01-01 02:44:58.013"
"16724950","延笙通運有限公司","新竹市公園里光復路2段509號","0","核准設立","2022-01-01 02:44:58.013"
"16731523","寶泰通運股份有限公司","臺北市中山區復興北路58號8樓之1","30000000","核准設立","2022-01-01 02:44:58.013"
"16755600","小馬通運有限公司","臺北市北投區中央北路1段191號4樓","0","核准設立","2022-01-01 02:44:58.013"
"16756805","大弘通運有限公司","臺北市松山區南京東路5段399號12樓","0","核准設立","2022-01-01 02:44:58.013"
"16758867","萬峰通運有限公司","臺中市霧峰區舊正里光明路156巷5之1號","null","核准設立","2022-01-01 02:44:58.013"
"16761146","東盈通運股份有限公司","臺北市中山區建國北路3段99號5樓","30000000","核准設立","2022-01-01 02:44:58.013"
"16761510","星星通運有限公司","臺北市中正區愛國西路９號５樓之９","null","廢止","2022-01-01 02:44:58.013"
"16761764","君麒通運有限公司","桃園市桃園區介壽路495巷61號11樓","0","核准設立","2022-01-01 02:44:58.013"
"16766141","穩達遊覽車有限公司","屏東縣九如鄉龍子一街31號1樓","0","核准設立","2022-01-01 02:44:58.013"
"16766938","汎達交通企業有限公司","臺北市士林區通河東街2段25號1樓","0","核准設立","2022-01-01 02:44:58.013"
"16769750","乙泰通運有限公司","臺北市內湖區瑞光路76巷107號1樓","0","核准設立","2022-01-01 02:44:58.013"
"16770320","新林交通有限公司","桃園市中壢區正光三街56號","0","核准設立","2022-01-01 02:44:58.013"
"16770428","宏運遊覽有限公司","嘉義市西區松江一街1號","0","核准設立","2022-01-01 02:44:58.013"
"16776393","京硯通運有限公司","高雄市苓雅區三多四路110號9樓之4","0","核准設立","2022-01-01 02:44:58.013"
"16781121","朝順通運有限公司","新北市板橋區長安街331巷81之1號","0","核准設立","2022-01-01 02:44:58.013"
"16783916","立欣通運有限公司","桃園市平鎮區金星里新光路四段7號1樓","0","核准設立","2022-01-01 02:44:58.013"
"16784801","啟航通運有限公司","高雄市三民區和順街22號11樓之4","0","核准設立","2022-01-01 02:44:58.013"
"16790509","灰狗遊覽車客運有限公司","臺北市松山區民生東路５段１６７號１６樓","null","廢止","2022-01-01 02:44:58.013"
"16797263","大台北通運有限公司","臺北市中山區南京東路1段120號9樓之3","null","核准設立","2022-01-01 02:44:58.013"
"16800041","東穎通運有限公司","花蓮縣吉安鄉稻香路37號1樓","null","核准設立","2022-01-01 02:44:58.013"
"16800387","萬榮通運有限公司","屏東縣屏東市豐田里瑞光路二段92號1樓","null","核准設立","2022-01-01 02:44:58.013"
"16801891","國立通運有限公司","嘉義縣水上鄉下寮53-6號","0","核准設立","2022-01-01 02:44:58.013"
"16801908","大豐收遊覽通運有限公司","臺中市梧棲區頂寮里大智路2段370巷72號1樓","null","核准設立","2022-01-01 02:44:58.013"
"16802028","上展通運有限公司","臺中市霧峰區舊正里中正路79巷20號","null","廢止","2022-01-01 02:44:58.013"
"16803053","集新通運有限公司","高雄市鳳山區文學街83號3樓","0","核准設立","2022-01-01 02:44:58.013"
"16804216","永鑫通運有限公司","臺北市大同區承德路1段105號7樓之3","0","核准設立","2022-01-01 02:44:58.013"
"16805051","山姆遊覽車有限公司","南投縣名間鄉中山村頂廍巷4之30號","0","核准設立","2022-01-01 02:44:58.013"
"16805405","隆進國際旅遊巴士有限公司","高雄市苓雅區凱旋三路869號1樓","0","核准設立","2022-01-01 02:44:58.013"
"16806690","富泰旅運有限公司","臺中市霧峰區林森路980號","0","核准設立","2022-01-01 02:44:58.013"
"16806713","建興通運有限公司","臺北市中山區長春路172號8樓之9","0","核准設立","2022-01-01 02:44:58.013"
"16807712","尚達遊覽車客運有限公司","臺中市東區東英里東英六街２２號１樓","null","廢止","2022-01-01 02:44:58.013"
"16808965","金億遊覽通運有限公司","臺中市大里區永隆里爽文路七一○號一樓","null","核准設立","2022-01-01 02:44:58.013"
"16811188","上達通運有限公司","高雄市苓雅區文昌里文昌路141號1樓","null","廢止","2022-01-01 02:44:58.013"
"16811906","總達客運股份有限公司","臺中市中區雙十路一段13號1樓","80000000","核准設立","2022-01-01 02:44:58.013"
"16818014","長億通運有限公司","彰化縣彰化市彰美路一段110巷62號","0","核准設立","2022-01-01 02:44:58.013"
"16818252","貫霖通運有限公司","彰化縣二林鎮南光里照西南路95號","0","核准設立","2022-01-01 02:44:58.013"
"16818274","北投遊覽車有限公司","臺北市北投區崗山路8巷5號6樓","0","核准設立","2022-01-01 02:44:58.013"
"16818561","華通通運有限公司","高雄市苓雅區正義路148號1樓","0","廢止","2022-01-01 02:44:58.013"
"16818746","億榮通運有限公司","臺中市大雅區西寶里雅潭路三段451號1樓","0","核准設立","2022-01-01 02:44:58.013"
"16909422","鴻寶交通有限公司","新竹縣芎林鄉芎林村10鄰文福街16號","0","核准設立","2022-01-01 02:44:58.013"
"16909648","燁聖通運有限公司","臺南市北區成德里中華北路2段146號1樓","0","核准設立","2022-01-01 02:44:58.013"
"16910758","車王遊覽車客運股份有限公司","彰化縣永靖鄉永南村四維巷13號1樓","30000000","核准設立","2022-01-01 02:44:58.013"
"16917730","長田通運有限公司","桃園市桃園區中山路八一二巷二一之四號五樓","null","解散","2022-01-01 02:44:58.013"
"16927343","合正交通有限公司","新竹縣竹東鎮頭重里中興路四段936號2樓","null","核准設立","2022-01-01 02:44:58.013"
"16930873","日泰遊覽車客運有限公司","彰化縣彰化市快官里彰南路四段424號1樓","0","核准設立","2022-01-01 02:44:58.013"
"16933443","九州通運有限公司","高雄市茄萣區建民街10號1樓","0","核准設立","2022-01-01 02:44:58.013"
"16959668","弘陞交通有限公司","桃園市中壢區中正里仁美二二之一號二樓","null","解散","2022-01-01 02:44:58.013"
"18595209","新亞裕通運有限公司","臺中市南屯區永定里南屯路二段870巷23號2樓","0","核准設立","2022-01-01 02:44:58.013"
"18741408","山姆通運股份有限公司","南投縣名間鄉中山村頂廍巷4-30號","49500000","核准設立","2022-01-01 02:44:58.013"
"19114600","恒旺通運股份有限公司","臺北市松山區光復北路9號10樓之1","55000000","核准設立","2022-01-01 02:44:58.013"
"20526313","亞洲通運有限公司","高雄市前鎮區民權二路8號32樓","0","核准設立","2022-01-01 02:44:58.013"
"20557618","玉峰通運股份有限公司","臺北市士林區環河北路3段151號","25000000","核准設立","2022-01-01 02:44:58.013"
"20573119","百勝交通有限公司","屏東縣九如鄉東寧村林森路308號1樓","0","核准設立","2022-01-01 02:44:58.013"
"20742500","太一通運股份有限公司","臺南市永康區六合里中華路425號16樓之2","20000000","核准設立","2022-01-01 02:44:58.013"
"20760020","全益交通有限公司","臺北市松山區撫遠街249巷4號","0","核准設立","2022-01-01 02:44:58.013"
"20763390","九久通運有限公司","臺北市大安區和平東路2段201號7樓之3","0","核准設立","2022-01-01 02:44:58.013"
"20769795","力峰假期交通客運股份有限公司","臺北市中山區長春路172號8樓之6","29000000","核准設立","2022-01-01 02:44:58.013"
"23471299","統聯汽車客運股份有限公司","新北市三重區光復路2段73號","2346489740","核准設立","2022-01-01 02:44:58.013"
"24229482","光呈遊覽車客運有限公司","彰化縣溪州鄉溪厝村俊仁路12號1樓","0","廢止","2022-01-01 02:44:58.013"
"24348728","大視界遊覽車有限公司","臺北市中山區松江路133巷50號3樓之4","0","核准設立","2022-01-01 02:44:58.013"
"24392250","中銘遊覽車客運有限公司","雲林縣大埤鄉尚義村尚義12-6號1樓","0","核准設立","2022-01-01 02:44:58.013"
"24481788","文通遊覽車客運有限公司","臺北市中山區長春路172號11樓之3","null","核准設立","2022-01-01 02:44:58.013"
"24487586","美城遊覽車客運有限公司","宜蘭縣宜蘭市成功里成功路60巷22號1樓","0","核准設立","2022-01-01 02:44:58.013"
"24493623","金典通運有限公司","臺北市中山區長春路172號8樓之8","0","核准設立","2022-01-01 02:44:58.013"
"24516153","統聯國際遊覽汽車股份有限公司","高雄市三民區建國二路265之2號1樓","60000000","核准設立","2022-01-01 02:44:58.013"
"24697892","芳櫟通運股份有限公司","臺北市中山區松江路301號6樓之4","30000000","核准設立","2022-01-01 02:44:58.013"
"24974538","文輝通運有限公司","臺北市中山區民生東路2段157號2樓","null","核准設立","2022-01-01 02:44:58.013"
"25017990","騰迅通運有限公司","臺北市大安區和平東路2段201號7樓之3","0","核准設立","2022-01-01 02:44:58.013"
"25060150","統聯運通股份有限公司","新北市三重區光復路2段73號","60000000","核准設立","2022-01-01 02:44:58.013"
"25104410","陸境通運有限公司","臺北市中山區民生東路2段157號2樓","null","核准設立","2022-01-01 02:44:58.013"
"25112256","大洋通運有限公司","臺北市內湖區堤頂大道1段327號5樓","0","核准設立","2022-01-01 02:44:58.013"
"25113157","統聯旅運股份有限公司","臺北市大同區華陰街57號2樓","60000000","核准設立","2022-01-01 02:44:58.013"
"25113683","億興國際通運股份有限公司","嘉義縣新港鄉宮前村古民街8巷34號1樓","50000000","核准設立","2022-01-01 02:44:58.013"
"25122986","優逗遊覽有限公司","南投縣南投市內興路80巷3號(1樓)","0","核准設立","2022-01-01 02:44:58.013"
"25130352","錦揚通運有限公司","臺北市中山區松江路133巷50號3樓之4","0","核准設立","2022-01-01 02:44:58.013"
"25134667","勝境通運有限公司","臺北市中山區民生東路2段157號2樓","null","核准設立","2022-01-01 02:44:58.013"
"25135954","今冠通運有限公司","臺中市太平區宜安街57號1樓","0","核准設立","2022-01-01 02:44:58.013"
"25136412","皇冠遊覽車客運有限公司","臺北市大同區承德路1段70之1號9樓之1","0","核准設立","2022-01-01 02:44:58.013"
"25137685","慶陽通運有限公司","宜蘭縣宜蘭市中山路1段516號","null","核准設立","2022-01-01 02:44:58.013"
"25171873","仁成遊覽車客運有限公司","彰化縣溪州鄉溪厝村中山路2段258號1樓","null","核准設立","2022-01-01 02:44:58.013"
"25195116","富灥遊覽車有限公司","彰化縣北斗鎮光復里光復路310巷17號1樓","0","核准設立","2022-01-01 02:44:58.013"
"27043501","指南汽車客運股份有限公司","新北市淡水區中正東路2段27之8號3樓","611007490","核准設立","2022-01-01 02:44:58.013"
"27248618","金彩遊覽客運有限公司","金門縣金湖鎮瓊林里瓊林227之1號","null","核准設立","2022-01-01 02:44:58.013"
"27257355","馬祖交通股份有限公司","連江縣南竿鄉馬祖村67號","27000000","核准設立","2022-01-01 02:44:58.013"
"27283430","讚全通運有限公司","臺北市中山區建國北路2段66號3樓之1","null","核准設立","2022-01-01 02:44:58.013"
"27286817","打狗遊覽車客運有限公司","高雄市苓雅區福德三路117號1樓","0","核准設立","2022-01-01 02:44:58.013"
"27295695","裕翔通運有限公司","苗栗縣通霄鎮通南里12鄰南華路34號2樓","0","廢止","2022-01-01 02:44:58.013"
"27298145","哈雷國際旅運有限公司","高雄市苓雅區文橫二路2巷18號","0","核准設立","2022-01-01 02:44:58.013"
"27325375","盛世中華通運有限公司","臺北市中山區復興北路342號4樓之１","0","核准設立","2022-01-01 02:44:58.013"
"27346511","長嶸通運有限公司","臺北市南港區忠孝東路5段801號12樓","0","核准設立","2022-01-01 02:44:58.013"
"27380828","綠發遊覽車客運有限公司","彰化縣員林市莒光路798巷30號1樓","0","核准設立","2022-01-01 02:44:58.013"
"27441727","東利遊覽車客運有限公司","臺中市西區昇平里民生路466號1樓","null","核准設立","2022-01-01 02:44:58.013"
"27453194","穎欣遊覽有限公司","臺南市北區成功里北成路129號1樓","0","核准設立","2022-01-01 02:44:58.013"
"27539828","全省通運有限公司","臺中市南區建國南路二段152號","0","核准設立","2022-01-01 02:44:58.013"
"27542936","昌榮通運有限公司","臺北市中山區松江路133巷50號2樓之3","null","核准設立","2022-01-01 02:44:58.013"
"27562192","愛巴士通運有限公司","新竹縣竹東鎮東峰路67巷11弄3號","0","核准設立","2022-01-01 02:44:58.013"
"27564797","華馥遊覽車客運有限公司","新北市中和區民樂路11號5樓","0","核准設立","2022-01-01 02:44:58.013"
"27585414","金明生通運有限公司","金門縣金寧鄉盤果路21號3F","0","核准設立","2022-01-01 02:44:58.013"
"27591400","六合國際旅運有限公司","澎湖縣馬公市西文里7鄰89之2號","null","核准設立","2022-01-01 02:44:58.013"
"27649022","花東宜遊覽車客運股份有限公司","花蓮縣花蓮市中山路139號","50000000","核准設立","2022-01-01 02:44:58.013"
"27658393","晶彩遊覽車客運有限公司","臺中市大雅區學府路33號2樓","null","核准設立","2022-01-01 02:44:58.013"
"27699042","頂尖通運有限公司","新北市新店區安興路105號10樓之6","0","核准設立","2022-01-01 02:44:58.013"
"27704397","君安通運有限公司","澎湖縣馬公市光復里中華路54之2號2樓","0","核准設立","2022-01-01 02:44:58.013"
"27714114","興政龍交通事業有限公司","臺北市中山區長春路172號8樓之9","0","廢止","2022-01-01 02:44:58.013"
"27721184","世承通運有限公司","臺北市內湖區南京東路6段451巷57號10樓之3","0","核准設立","2022-01-01 02:44:58.013"
"27721516","三菱通運有限公司","臺北市中山區民生東路1段42號8樓之6","null","核准設立","2022-01-01 02:44:58.013"
"27737989","國旭遊覽車客運有限公司","新北市永和區中正路368巷18號","0","核准設立","2022-01-01 02:44:58.013"
"27742890","翊翔通運有限公司","臺北市中山區松江路133巷50號2樓之3","null","核准設立","2022-01-01 02:44:58.013"
"27743217","宏一通運股份有限公司","臺北市中山區新生北路3段7號7樓之6","60000000","核准設立","2022-01-01 02:44:58.013"
"27749107","雲山水國際通運有限公司","臺北市北投區明德路12號1樓","0","核准設立","2022-01-01 02:44:58.013"
"27760664","泰樂遊覽車客運有限公司","臺北市內湖區舊宗路2段181巷6號4樓","0","核准設立","2022-01-01 02:44:58.013"
"27798970","萬事通遊覽有限公司","臺北市士林區華齡街17巷28弄4號2樓","0","核准設立","2022-01-01 02:44:58.013"
"27855423","安康通運股份有限公司","臺北市文山區景興路21號2樓","50000000","核准設立","2022-01-01 02:44:58.013"
"27856204","逍遙遊遊覽車股份有限公司","臺南市新營區長榮路二段27號1樓","60000000","核准設立","2022-01-01 02:44:58.013"
"27878586","安捷遊覽車股份有限公司","臺北市內湖區石潭路151號5樓","50000000","核准設立","2022-01-01 02:44:58.013"
"27878713","天晨遊覽車客運有限公司","臺南市善化區成功路53巷52號1樓","null","核准設立","2022-01-01 02:44:58.013"
"27903754","辰翊通運有限公司","臺中市西屯區福安里福誠路66號1樓","0","核准設立","2022-01-01 02:44:58.013"
"27911972","海洲交通有限公司","臺中市豐原區豐東路220巷24號1樓","0","核准設立","2022-01-01 02:44:58.013"
"27994591","德豐通運有限公司","臺北市中山區長安東路2段173號11樓","0","核准設立","2022-01-01 02:44:58.013"
"27994993","北大通運有限公司","臺北市內湖區瑞光路76巷107號1樓","0","核准設立","2022-01-01 02:44:58.013"
"28010633","葛瑪蘭通運股份有限公司","新北市板橋區文化路1段135號4樓","50000000","核准設立","2022-01-01 02:44:58.013"
"28024432","百駒通運有限公司","新北市板橋區文化路２段１２４巷４號５樓","null","解散","2022-01-01 02:44:58.013"
"28024974","大夏遊覽車有限公司","高雄市左營區立大路４４２巷８號","0","核准設立","2022-01-01 02:44:58.013"
"28055429","展翔通運有限公司","臺南市安南區塭南里長和路２段１２巷２１３弄４２號２樓","null","核准設立","2022-01-01 02:44:58.013"
"28062998","享亮通運股份有限公司","彰化縣彰化市彰南路三段467號","50000000","核准設立","2022-01-01 02:44:58.013"
"28075488","振茂通運股份有限公司","臺中市霧峰區峰堤路689號","50000000","核准設立","2022-01-01 02:44:58.013"
"28107138","興東遊覽客運股份有限公司","臺東縣臺東市文化里中山路404號1樓","50000000","核准設立","2022-01-01 02:44:58.013"
"28124164","五福遊覽車客運有限公司","臺中市西屯區臺灣大道二段718號4樓","0","核准設立","2022-01-01 02:44:58.013"
"28134141","東冠遊覽車客運有限公司","雲林縣斗南鎮舊社里興國路155號1樓","0","核准設立","2022-01-01 02:44:58.013"
"28170928","泰星交通有限公司","宜蘭縣五結鄉五結村新生街51號","null","核准設立","2022-01-01 02:44:58.013"
"28172448","中瑞交通有限公司","臺北市松山區南京東路5段298號12樓之1","0","核准設立","2022-01-01 02:44:58.013"
"28183607","三洋通運有限公司","臺北市中山區民生東路1段42號8樓之6","null","核准設立","2022-01-01 02:44:58.013"
"28190261","元賀通運有限公司","臺北市大同區迪化街1段48號3樓","0","核准設立","2022-01-01 02:44:58.013"
"28228386","箱根通運有限公司","臺北市中山區長春路172號8樓之10","null","核准設立","2022-01-01 02:44:58.013"
"28295552","詠輪通運有限公司","臺南市仁德區後壁里德安路157號1樓","null","核准設立","2022-01-01 02:44:58.013"
"28301288","大東通運有限公司","高雄市新興區中山二路472號8樓之1","0","廢止","2022-01-01 02:44:58.013"
"28313593","運通旅運有限公司","臺中市北屯區東山路一段140巷60號1樓","0","核准設立","2022-01-01 02:44:58.013"
"28315781","僑輪通運有限公司","臺南市東區小東里東和路118號2樓","0","核准設立","2022-01-01 02:44:58.013"
"28315852","和瑞通運有限公司","臺南市安南區長和路二段12巷213弄42號1樓","null","核准設立","2022-01-01 02:44:58.013"
"28328532","大坤通運有限公司","臺南市北區大港里中華北路1段386號1樓","null","核准設立","2022-01-01 02:44:58.013"
"28359680","宏駿通運有限公司","臺南市東區崇明十九街22號1樓","0","核准設立","2022-01-01 02:44:58.013"
"28400203","鈞瀧遊覽車股份有限公司","臺中市南屯區大墩十二街132號1樓","50000000","核准設立","2022-01-01 02:44:58.013"
"28404236","全球遊覽車客運有限公司","彰化縣員林市南平里新生路479號1樓","0","核准設立","2022-01-01 02:44:58.013"
"28446741","騌毅通運有限公司","花蓮縣花蓮市國聯里29鄰國聯四路11號1樓","0","核准設立","2022-01-01 02:44:58.013"
"28453475","玉晨交通有限公司","臺北市中山區中山北路3段29號9樓之2","null","核准設立","2022-01-01 02:44:58.013"
"28457774","百駿通運股份有限公司","臺北市中山區南京東路2段178號9樓","50000000","核准設立","2022-01-01 02:44:58.013"
"28475365","昱境通運有限公司","臺北市中山區民生東路2段157號2樓","0","核准設立","2022-01-01 02:44:58.013"
"28481704","詮弘通運有限公司","苗栗縣頭份市建國里中華路1406號1樓","0","核准設立","2022-01-01 02:44:58.013"
"28500548","欣樂遊覽車客運有限公司","新竹縣竹東鎮二重里民族路89巷1之1號2樓","0","核准設立","2022-01-01 02:44:58.013"
"28503329","今誠通運有限公司","彰化縣花壇鄉長沙村成功街176號1樓","0","核准設立","2022-01-01 02:44:58.013"
"28548178","草湖遊覽車客運有限公司","彰化縣芳苑鄉草湖村二溪路草二段435巷79號1樓","0","核准設立","2022-01-01 02:44:58.013"
"28556795","鴻洋通運有限公司","臺南市北區大興街２３３巷２０弄７號１樓","null","核准設立","2022-01-01 02:44:58.013"
"28586427","騰龍通運有限公司","新北市板橋區中山路1段206巷89號1樓","null","核准設立","2022-01-01 02:44:58.013"
"28646797","大盈通運有限公司","臺南市北區中華北路一段386號壹樓","null","解散","2022-01-01 02:44:58.013"
"28654888","貴豪通運有限公司","新北市林口區麗園一街6巷2號5樓之1","0","核准設立","2022-01-01 02:44:58.013"
"28655084","台灣便利遊覽車有限公司","臺中市東區一心街271之3號1樓","0","核准設立","2022-01-01 02:44:58.013"
"28674218","北泰國際通運有限公司","臺北市內湖區瑞光路76巷107號1樓","0","核准設立","2022-01-01 02:44:58.013"
"28680892","金良運通運有限公司","臺北市中山區長安東路2段173號11樓","null","核准設立","2022-01-01 02:44:58.013"
"28715180","向上之星通運有限公司","花蓮縣花蓮市中華路325-5號","0","核准設立","2022-01-01 02:44:58.013"
"28728805","安得利遊覽車客運股份有限公司","臺中市南屯區三厝里黎明東街195號1樓","50000000","核准設立","2022-01-01 02:44:58.013"
"28777018","立友通運股份有限公司","臺中市霧峰區峰堤路689-12號","50000000","核准設立","2022-01-01 02:44:58.013"
"28822273","全盛通運有限公司","臺中市南區建國南路2段152號1樓","0","核准設立","2022-01-01 02:44:58.013"
"28870529","東帝遊覽車客運有限公司","臺中市龍井區東海里藝術北街133號1樓","0","核准設立","2022-01-01 02:44:58.013"
"28877847","十分幸福通運有限公司","高雄市前鎮區一心二路157號8樓之3","0","核准設立","2022-01-01 02:44:58.013"
"28953226","佑康遊覽車客運有限公司","臺中市北屯區環中東路二段103號3樓","0","核准設立","2022-01-01 02:44:58.013"
"29045532","久田通運有限公司","臺北市松山區南京東路5段70號2樓之2","null","解散","2022-01-01 02:44:58.013"
"29059394","環遊國際通運有限公司","臺北市中山區復興北路58號8樓之1","null","核准設立","2022-01-01 02:44:58.013"
"29061477","冠鼎通運有限公司","臺北市中山區長春路172號10樓之8","null","解散","2022-01-01 02:44:58.013"
"29075850","兆豐通運有限公司","臺北市中正區北平東路24號3樓之3","0","核准設立","2022-01-01 02:44:58.013"
"29078815","京華通運有限公司","臺北市中山區松江路133巷50號2樓之3","null","核准設立","2022-01-01 02:44:58.013"
"29115163","世通旅運有限公司","花蓮縣吉安鄉東昌村南濱路1段50號1樓","null","核准設立","2022-01-01 02:44:58.013"
"29118561","瑋安交通有限公司","高雄市岡山區本工西二路12號","0","核准設立","2022-01-01 02:44:58.013"
"29157108","富裕人生遊覽車客運有限公司","臺北市中山區長春路57號4樓","0","核准設立","2022-01-01 02:44:58.013"
"30011623","曜興通運股份有限公司","臺北市中正區愛國西路９號５樓之９","30000000","廢止","2022-01-01 02:44:58.013"
"30838146","九泰通運股份有限公司","臺北市大安區復興南路2段290號1樓","33000000","核准設立","2022-01-01 02:44:58.013"
"30854460","中友交通企業股份有限公司","臺北市松山區南京東路5段298號12樓之1","50000000","核准設立","2022-01-01 02:44:58.013"
"30861976","富德通運股份有限公司","臺北市大同區延平北路2段35號8樓之1","12000000","廢止","2022-01-01 02:44:58.013"
"30861981","承鴻遊覽車客運有限公司","彰化縣員林市大饒里員集路二段五五二巷一八二號二樓","null","廢止","2022-01-01 02:44:58.013"
"31250880","平安歸通運股份有限公司","臺中市豐原區萬順一街19巷51號2樓","39990000","核准設立","2022-01-01 02:44:58.013"
"31256553","騰之亞通運有限公司","臺北市大同區華陰街91號7樓之3","0","核准設立","2022-01-01 02:44:58.013"
"33066501","小馬國際通運股份有限公司","高雄市小港區沿海一路32號","45000000","核准設立","2022-01-01 02:44:58.013"
"33760240","華崗遊覽股份有限公司","新北市中和區民樂路11號5樓","20000000","核准設立","2022-01-01 02:44:58.013"
"34049262","首都客運股份有限公司","新北市三重區重新路2段78號8樓","530000000","核准設立","2022-01-01 02:44:58.013"
"34113572","寶福欣通運股份有限公司","臺北市中山區南京東路1段120號9樓之3","100000000","核准設立","2022-01-01 02:44:58.013"
"34116183","仲晨通運有限公司","臺北市中山區新生北路3段58號8樓之5","0","核准設立","2022-01-01 02:44:58.013"
"35025506","三重汽車客運股份有限公司","新北市三重區三和路3段109號2樓之1","290000000","核准設立","2022-01-01 02:44:58.013"
"35882388","大佳好遊覽車客運股份有限公司","桃園市中壢區育樂路199號","20000000","廢止","2022-01-01 02:44:58.013"
"36506572","千豐通運股份有限公司","臺北市中山區長春路15號4樓之1","33500000","核准設立","2022-01-01 02:44:58.013"
"36510323","新樺通運有限公司","臺北市中山區龍江路2之5號","0","核准設立","2022-01-01 02:44:58.013"
"36524092","華客通運有限公司","新北市新莊區西盛街323巷24號3樓","0","核准設立","2022-01-01 02:44:58.013"
"36529028","全球巴士有限公司","高雄市前鎮區天后街71號地下一層","0","核准設立","2022-01-01 02:44:58.013"
"36544610","順賓交通有限公司","臺北市南港區興中路28巷17號1樓","0","核准設立","2022-01-01 02:44:58.013"
"39136103","基隆汽車客運股份有限公司","新北市淡水區中正東路2段27之8號3樓","300000000","核准設立","2022-01-01 02:44:58.013"
"42951142","卡蹓遊覽車股份有限公司","連江縣南竿鄉馬祖村101-1號","28800000","核准設立","2022-01-01 02:44:58.013"
"43266009","桃園汽車客運股份有限公司","桃園市桃園區延平路28號3樓","977138520","核准設立","2022-01-01 02:44:58.013"
"43635329","永樂遊覽通運股份有限公司","臺中市沙鹿區興仁里光華路159巷12號1樓","20000000","核准設立","2022-01-01 02:44:58.013"
"43650518","德奇遊覽車客運股份有限公司","澎湖縣七美鄉南港村11鄰31號","18000000","核准設立","2022-01-01 02:44:58.013"
"43650637","瑞億遊覽車股份有限公司","桃園市桃園區介壽路455號","20000000","核准設立","2022-01-01 02:44:58.013"
"43700171","建鴻交通股份有限公司","桃園市中壢區中美路101號","29000000","核准設立","2022-01-01 02:44:58.013"
"43726637","漢聲通運股份有限公司","桃園市平鎮區廣德街202號1樓","29000000","核准設立","2022-01-01 02:44:58.013"
"43750349","好友交通有限公司","桃園市桃園區建國里林森路68巷1弄6號1樓","null","核准設立","2022-01-01 02:44:58.013"
"44515012","大石門交通股份有限公司","桃園市中壢區光明里中央西路二段167號1樓","50000000","核准設立","2022-01-01 02:44:58.013"
"44785015","新濱通運有限公司","桃園市中壢區東興里東昇街３號３樓","null","核准設立","2022-01-01 02:44:58.013"
"44960174","元鹿通運有限公司","基隆市信義區深美街104號","null","核准設立","2022-01-01 02:44:58.013"
"44962807","金豐通運股份有限公司","桃園市中壢區甘肅二街20號","29000000","核准設立","2022-01-01 02:44:58.013"
"44970481","東台灣遊覽車客運股份有限公司","臺東縣臺東市興國里復興路184號2樓","29000000","核准設立","2022-01-01 02:44:58.013"
"46188879","來達通運股份有限公司","新北市新店區安康路3段525巷45號","60000000","核准設立","2022-01-01 02:44:58.013"
"46310106","松展交通有限公司","新北市林口區仁愛路1段285巷51號(1樓)","0","核准設立","2022-01-01 02:44:58.013"
"46464848","新通交通有限公司","新竹市中央路344號2樓","0","核准設立","2022-01-01 02:44:58.013"
"46465749","新生交通有限公司","嘉義縣新港鄉南港村南港9號2樓","null","核准設立","2022-01-01 02:44:58.013"
"47122010","華城通運有限公司","新竹縣竹東鎮榮華里中和路48號1樓","0","核准設立","2022-01-01 02:44:58.013"
"47125728","億興交通股份有限公司","嘉義縣新港鄉大潭村大潭105號","29900000","核准設立","2022-01-01 02:44:58.013"
"47126655","金谷通運股份有限公司","新竹市竹光路6號2樓","29000000","核准設立","2022-01-01 02:44:58.013"
"47130927","仁德通運股份有限公司","苗栗縣後龍鎮南龍里中華路181號1樓","19000000","核准設立","2022-01-01 02:44:58.013"
"47131756","立信通運股份有限公司","桃園市平鎮區金星里新光路四段7號1樓","20000000","核准設立","2022-01-01 02:44:58.013"
"47131799","新信交通有限公司","新竹縣竹北市竹義里中華路401號","null","核准設立","2022-01-01 02:44:58.013"
"47287997","興達交通事業股份有限公司","臺北市大安區大安路2段132巷10號1樓","29800000","核准設立","2022-01-01 02:44:58.013"
"50143806","苗栗汽車客運股份有限公司","苗栗縣頭份市中正路206號","27809000","核准設立","2022-01-01 02:44:58.013"
"51604101","唐笛交通股份有限公司","臺南市後壁區菁豊里前菁寮108之81號1樓","29000000","廢止","2022-01-01 02:44:58.013"
"51610201","國際遊覽汽車股份有限公司","臺中市南區明德街2號","10230000","核准設立","2022-01-01 02:44:58.013"
"52205840","豐聖遊覽車股份有限公司","高雄市小港區宏偉街38號1樓","29000000","核准設立","2022-01-01 02:44:58.013"
"52255496","裕順通運股份有限公司","新北市中和區安和路161號1樓","60000000","核准設立","2022-01-01 02:44:58.013"
"52352960","興威通運股份有限公司","高雄市鳳山區八德路179號5樓","25000000","核准設立","2022-01-01 02:44:58.013"
"52392077","穎慶遊覽客運有限公司","臺南市仁德區土庫里土庫五街50號1樓","0","核准設立","2022-01-01 02:44:58.013"
"53210201","雄獅通運股份有限公司","新北市永和區永和路2段103號","165000000","核准設立","2022-01-01 02:44:58.013"
"53225318","首都通運有限公司","新北市三重區重新路2段78號8樓","0","核准設立","2022-01-01 02:44:58.013"
"53249402","勁揚通運有限公司","桃園市桃園區介壽路495巷61號11樓","0","核准設立","2022-01-01 02:44:58.013"
"53472372","鼎富通運有限公司","彰化縣員林市惠明街153號","0","核准設立","2022-01-01 02:44:58.013"
"53595796","義大遊覽車股份有限公司","高雄市大樹區學城路1段63號1樓","71000000","核准設立","2022-01-01 02:44:58.013"
"53669662","龍福遊覽車有限公司","連江縣北竿鄉塘岐村273-8號","0","核准設立","2022-01-01 02:44:58.013"
"53673814","八八交通有限公司","連江縣南竿鄉馬祖村67號","0","廢止","2022-01-01 02:44:58.013"
"53706152","世豪遊覽車有限公司","臺北市內湖區行愛路51號5樓","0","核准設立","2022-01-01 02:44:58.013"
"53720345","永茂通運有限公司","新北市永和區中正路368巷18號","null","核准設立","2022-01-01 02:44:58.013"
"53832741","統聯聯合巴士股份有限公司","臺中市西屯區臺灣大道四段637號","60000000","核准設立","2022-01-01 02:44:58.013"
"53886719","百康通運有限公司","臺南市北區大港里中華北路1段386號1樓","0","核准設立","2022-01-01 02:44:58.013"
"53901198","豐宇通運有限公司","臺北市內湖區舊宗路2段181巷6號4樓","0","核准設立","2022-01-01 02:44:58.013"
"54121059","亞捷通運有限公司","桃園市大溪區仁武里長興街二段138號(2樓)","0","核准設立","2022-01-01 02:44:58.013"
"54121522","華府通運股份有限公司","臺中市西區公益路367號10樓之2","50000000","核准設立","2022-01-01 02:44:58.013"
"54128010","尚海通運有限公司","宜蘭縣蘇澳鎮長安里光明南巷7號","0","廢止","2022-01-01 02:44:58.013"
"54130971","佳境通運有限公司","臺北市中山區民生東路2段157號2樓","0","核准設立","2022-01-01 02:44:58.013"
"54243686","澎湖灣通運有限公司","澎湖縣馬公市中興路36之1號1樓","null","核准設立","2022-01-01 02:44:58.013"
"55397201","豐原汽車客運股份有限公司","臺中市豐原區三民路46號","392369940","核准設立","2022-01-01 02:44:58.013"
"55656558","正達通運有限公司","桃園市桃園區大興西路二段273號16樓之1","0","核准設立","2022-01-01 02:44:58.013"
"55659160","鄉野通運股份有限公司","彰化縣北斗鎮斗苑路2段81號1樓","66000000","核准設立","2022-01-01 02:44:58.013"
"55662025","泰驊遊覽車有限公司","新北市蘆洲區光華路162巷8弄1號(1樓)","0","核准設立","2022-01-01 02:44:58.013"
"55680591","巨業交通股份有限公司","臺中市沙鹿區臺灣大道七段950號","100000000","核准設立","2022-01-01 02:44:58.013"
"55692956","欣昌遊覽車股份有限公司","臺中市霧峰區林森路718號1樓","29500000","核准設立","2022-01-01 02:44:58.013"
"58616601","彰化汽車客運股份有限公司","彰化縣彰化市陽明里建國南路177號","253440000","核准設立","2022-01-01 02:44:58.013"
"59036428","瑞益遊覽汽車股份有限公司","彰化縣埔鹽鄉天盛村3鄰番金路1巷8-3號","25000000","核准設立","2022-01-01 02:44:58.013"
"59040696","立國通運股份有限公司","宜蘭縣宜蘭市大新里和睦路95-1號","29000000","核准設立","2022-01-01 02:44:58.013"
"59076342","喬龍遊覽車客運有限公司","彰化縣埤頭鄉平原村稻香路336號","0","核准設立","2022-01-01 02:44:58.013"
"59083934","大慶汽車旅運有限公司","臺北市大同區承德路3段58號2樓之1","null","廢止","2022-01-01 02:44:58.013"
"59096311","國君遊覽客運有限公司","臺南市永康區埔園里永大路三段457號1樓","0","核准設立","2022-01-01 02:44:58.013"
"59212064","旺來通運股份有限公司","桃園市中壢區青埔里5鄰青埔六街161號1樓","29500000","核准設立","2022-01-01 02:44:58.013"
"59667206","員林汽車客運股份有限公司","彰化縣員林市和平里中正路585號3樓","141440000","核准設立","2022-01-01 02:44:58.013"
"60205576","金車通運有限公司","彰化縣埔心鄉芎蕉村員鹿路五段298號","0","核准設立","2022-01-01 02:44:58.013"
"60206245","中力通運有限公司","桃園市中壢區五族二街122巷15號","0","核准設立","2022-01-01 02:44:58.013"
"61268818","豐榮汽車客運股份有限公司","臺中市南屯區寶山里工業區十八路31-1號2樓","130000000","核准設立","2022-01-01 02:44:58.013"
"61779776","勝裕交通有限公司","臺中市大里區新興路35巷30號1樓","0","核准設立","2022-01-01 02:44:58.013"
"62119008","南投汽車客運股份有限公司","南投縣埔里鎮中正四路18之1號","100800000","核准設立","2022-01-01 02:44:58.013"
"63911202","聯進遊覽汽車股份有限公司","新北市板橋區民生路3段132號4樓","22000000","核准設立","2022-01-01 02:44:58.013"
"64833036","宥瀧通運有限公司","桃園市大園區圳頭里10鄰古亭83-29號1樓","0","核准設立","2022-01-01 02:44:58.013"
"64834871","大富豪通運有限公司","高雄市三民區鼎華路254號1樓","0","核准設立","2022-01-01 02:44:58.013"
"64852770","彰化遊覽車客運有限公司","彰化縣彰化市長樂里長安街68號","0","核准設立","2022-01-01 02:44:58.013"
"65187648","達新遊覽汽車股份有限公司","嘉義市西區永和里垂楊路862巷10號2樓","15000000","核准設立","2022-01-01 02:44:58.013"
"65366207","聖豐遊覽汽車股份有限公司","嘉義市西區永和里垂楊路862巷6號1樓","29500000","核准設立","2022-01-01 02:44:58.013"
"65672888","新嘉汽車交通股份有限公司","嘉義市西區永和里垂楊路862巷10號1樓","29500000","核准設立","2022-01-01 02:44:58.013"
"65849204","嘉義汽車客運股份有限公司","嘉義市中山路503號","119548000","核准設立","2022-01-01 02:44:58.013"
"66273635","南台灣通運股份有限公司","高雄市仁武區高楠公路95號","29000000","核准設立","2022-01-01 02:44:58.013"
"66341063","草嶺通運有限公司","雲林縣斗六市忠孝里中正路51號","0","核准設立","2022-01-01 02:44:58.013"
"66372086","詠將遊覽通運有限公司","臺中市南屯區大興里五權五街393號1樓","0","核准設立","2022-01-01 02:44:58.013"
"66381819","協順遊覽車客運有限公司","嘉義市西區福民里錦州三街47號1樓","0","核准設立","2022-01-01 02:44:58.013"
"66404329","馥豪通運有限公司","高雄市苓雅區建國一路74之17號1樓","0","核准設立","2022-01-01 02:44:58.013"
"66410618","怡泰然通運有限公司","嘉義縣太保市麻寮里17鄰北港路2段260號","null","核准設立","2022-01-01 02:44:58.013"
"66415613","墾丁通運有限公司","高雄市三民區十全二路7號","null","核准設立","2022-01-01 02:44:58.013"
"66423466","吉財通運股份有限公司","高雄市梓官區中正路40號","21000000","核准設立","2022-01-01 02:44:58.013"
"66446165","紳登通運有限公司","花蓮縣新城鄉嘉里村25鄰嘉里路94號1樓","0","核准設立","2022-01-01 02:44:58.013"
"67018612","佳輪遊覽交通股份有限公司","嘉義市書院里延平街441號","23600000","核准設立","2022-01-01 02:44:58.013"
"68073654","皇族通運股份有限公司","臺南市歸仁區文化街三段720巷36號1樓","25000000","核准設立","2022-01-01 02:44:58.013"
"68135531","加成交通股份有限公司","臺南市中西區赤嵌里西華南街88號1樓","60000000","核准設立","2022-01-01 02:44:58.013"
"68208626","慶驊交通股份有限公司","臺南市西港區後營里後營280之17號1樓","20000000","核准設立","2022-01-01 02:44:58.013"
"69004804","興南汽車客運股份有限公司","臺南市南區彰南里新樂路72號","60000000","核准設立","2022-01-01 02:44:58.013"
"69031669","瑋勝通運股份有限公司","臺東縣臺東市豐榮里仁和街43巷16號1樓","15000000","核准設立","2022-01-01 02:44:58.013"
"69267600","赤崁遊覽汽車有限公司","臺南市南區府南里永成路三段461巷2弄22號一樓","0","核准設立","2022-01-01 02:44:58.013"
"69392614","百航交通事業有限公司","高雄市三民區和順街22號11樓之4","0","核准設立","2022-01-01 02:44:58.013"
"69410009","鼎昇通運有限公司","嘉義市西區永和里永和街13巷12號1樓","0","核准設立","2022-01-01 02:44:58.013"
"69750935","威尼斯交通有限公司","桃園市桃園區龍壽里龍泉六街26號1樓","0","核准設立","2022-01-01 02:44:58.013"
"70350937","甲天下通運有限公司","臺北市中山區新生北路3段76號","null","核准設立","2022-01-01 02:44:58.013"
"70373538","駿勝交通有限公司","桃園市桃園區豐林里南豐街117巷1號5樓","0","核准設立","2022-01-01 02:44:58.013"
"70383971","元美通運有限公司","新竹市香山區港南里海埔路181巷191號","0","核准設立","2022-01-01 02:44:58.013"
"70406593","駿業通運有限公司","臺中市南屯區豐樂里文心南五路一段420號1樓","0","核准設立","2022-01-01 02:44:58.013"
"70418296","華晉通運有限公司","臺北市中山區長春路172號8樓之6","null","核准設立","2022-01-01 02:44:58.013"
"70460913","萬豐通運有限公司","臺北市中山區長春路172號8樓之10","0","核准設立","2022-01-01 02:44:58.013"
"70498299","科技之星交通股份有限公司","新竹市水田里經國路二段56號5樓之1","100000000","核准設立","2022-01-01 02:44:58.013"
"70555609","翊華通運有限公司","臺北市中山區復興北路58號8樓之1","null","核准設立","2022-01-01 02:44:58.013"
"70562209","太平洋通運有限公司","臺北市中山區民生東路1段42號8樓之6","0","核准設立","2022-01-01 02:44:58.013"
"70565022","吉安通運有限公司","桃園市新屋區高洲一街27號","0","核准設立","2022-01-01 02:44:58.013"
"70591422","金昌遊覽車客運有限公司","苗栗縣苗栗市福麗里11鄰至公路387號","0","核准設立","2022-01-01 02:44:58.013"
"70755825","和欣汽車客運股份有限公司","臺南市佳里區文化路305號","499990000","核准設立","2022-01-01 02:44:58.013"
"70810572","國光汽車客運股份有限公司","新北市三重區重陽路4段53號1樓","1000000000","核准設立","2022-01-01 02:44:58.013"
"70843911","興龍通運有限公司","臺北市中山區復興北路58號8樓之1","0","核准設立","2022-01-01 02:44:58.013"
"72053286","佳鑫汽車股份有限公司","臺南市佳里區忠仁里新生路69號1樓","10000000","核准設立","2022-01-01 02:44:58.013"
"75044705","大眾遊覽汽車股份有限公司","高雄市三民區大豐一路397號","15000000","核准設立","2022-01-01 02:44:58.013"
"75211490","和興通運股份有限公司","新北市板橋區民族路31號","50000000","核准設立","2022-01-01 02:44:58.013"
"75582197","仁章交通股份有限公司","高雄市三民區大港里大港街18號","5000000","核准設立","2022-01-01 02:44:58.013"
"75651807","新台灣觀光遊覽汽車股份有限公司","高雄市鳳山區鎮北里北興街100之1號1樓","20000000","核准設立","2022-01-01 02:44:58.013"
"75904438","南龍旅遊巴士股份有限公司","高雄市楠梓區海專路205巷6號","20000000","核准設立","2022-01-01 02:44:58.013"
"75915408","豐上通運股份有限公司","桃園市平鎮區新榮里新德街167號","29000000","核准設立","2022-01-01 02:44:58.013"
"75971604","花東之星通運有限公司","花蓮縣新城鄉嘉里村嘉里路159之3號","null","核准設立","2022-01-01 02:44:58.013"
"76374099","連城通運股份有限公司","臺北市中山區農安街174號4樓","30000000","核准設立","2022-01-01 02:44:58.013"
"79681402","大高雄遊覽車客運股份有限公司","高雄市鼓山區明誠三路706號3樓","25000000","核准設立","2022-01-01 02:44:58.013"
"80020247","紅龍通運有限公司","屏東縣屏東市和生路二段348之1號1樓","null","核准設立","2022-01-01 02:44:58.013"
"80053197","飛騰通運有限公司","臺北市文山區景興路195號5樓","0","核准設立","2022-01-01 02:44:58.013"
"80064639","興龍遊覽車有限公司","臺中市西區民權路185號3樓","0","廢止","2022-01-01 02:44:58.013"
"80089287","建威遊覽車有限公司","高雄市大寮區永芳路74號2樓","0","核准設立","2022-01-01 02:44:58.013"
"80105815","昇億通運有限公司","臺南市南區中華南路二段173號","0","核准設立","2022-01-01 02:44:58.013"
"80148053","萬泰通運有限公司","臺北市中山區長春路172號8樓之11","0","核准設立","2022-01-01 02:44:58.013"
"80150682","螢火蟲通運有限公司","彰化縣和美鎮竹營里美寮路2段512之2號","null","廢止","2022-01-01 02:44:58.013"
"80162054","明揚通運有限公司","臺北市內湖區行愛路51號5樓","0","核准設立","2022-01-01 02:44:58.013"
"80163292","鼎誠通運有限公司","臺南市安定區安定里安定７７號１樓","null","核准設立","2022-01-01 02:44:58.013"
"80223221","豐寶遊覽車客運股份有限公司","臺中市豐原區育才街61號3樓","75000000","核准設立","2022-01-01 02:44:58.013"
"80223989","宗群遊覽車客運有限公司","臺南市東區圍下里育樂街246號","0","核准設立","2022-01-01 02:44:58.013"
"80249735","合盛遊覽車客運有限公司","宜蘭縣冬山鄉南興村成興路47號1樓","0","核准設立","2022-01-01 02:44:58.013"
"80296743","易欣通運有限公司","桃園市中壢區民族路六段608號","0","核准設立","2022-01-01 02:44:58.013"
"80321567","飛鶯遊覽車客運有限公司","彰化縣員林市南平里新生路479號1樓","0","核准設立","2022-01-01 02:44:58.013"
"80365229","昱陽遊覽車股份有限公司","高雄市鹽埕區必忠街145號1樓","70000000","核准設立","2022-01-01 02:44:58.013"
"80374037","聯昇遊覽客運有限公司","雲林縣斗六市鎮東里內環路812號1樓","0","核准設立","2022-01-01 02:44:58.013"
"80386701","大慶遊覽客運有限公司","高雄市鳳山區瑞春街14巷42號3樓","0","核准設立","2022-01-01 02:44:58.013"
"80394250","佳皇汽車遊覽有限公司","臺南市佳里區忠仁里新生路69號","null","核准設立","2022-01-01 02:44:58.013"
"80464847","樹德通運有限公司","高雄市鳳山區誠平路138號1樓","0","核准設立","2022-01-01 02:44:58.013"
"80509014","永佳遊覽車客運有限公司","臺北市中山區松江路301號6樓之2","null","核准設立","2022-01-01 02:44:58.013"
"80514776","貴賓通運股份有限公司","臺北市中山區長安東路1段25號11樓","50000000","核准設立","2022-01-01 02:44:58.013"
"80516991","中聯通運有限公司","雲林縣斗六市虎溪里虎溪路21號1樓","null","核准設立","2022-01-01 02:44:58.013"
"80580178","翔騰通運有限公司","臺中市沙鹿區三鹿里向上路七段5號2樓","0","核准設立，但已命令解散","2022-01-01 02:44:58.013"
"80597001","今冠遊覽車客運有限公司","彰化縣溪州鄉溪州村中央路三段265號1樓","0","核准設立","2022-01-01 02:44:58.013"
"80613966","義豐遊覽車客運有限公司","臺北市北投區永興路1段39號","0","核准設立","2022-01-01 02:44:58.013"
"80633702","富野通運有限公司","臺北市北投區公舘路130巷1弄21號1樓","0","核准設立","2022-01-01 02:44:58.013"
"80639635","上億遊覽通運有限公司","雲林縣斗六市社口里大智街46號1樓","0","核准設立","2022-01-01 02:44:58.013"
"80657133","駿騵通運有限公司","臺中市西屯區市政北二路282號21樓之7","0","核准設立","2022-01-01 02:44:58.013"
"80669378","金翔亮通運有限公司","臺中市霧峰區四德里峰堤路689之6號","0","核准設立","2022-01-01 02:44:58.013"
"80669525","新鴻交通有限公司","桃園市中壢區環西路二段247號1樓","0","核准設立","2022-01-01 02:44:58.013"
"80670950","豐碩通運有限公司","臺北市內湖區瑞光路76巷107號1樓","0","核准設立","2022-01-01 02:44:58.013"
"80671135","輝煌通運有限公司","苗栗縣頭份市建國里中華路1406號1樓","0","核准設立","2022-01-01 02:44:58.013"
"80671352","星辰通運有限公司","臺北市中山區長春路172號8樓之6","null","核准設立","2022-01-01 02:44:58.013"
"80682956","文山遊覽車客運有限公司","臺北市中山區民生東路2段157號2樓","null","核准設立","2022-01-01 02:44:58.013"
"80685264","新春通運有限公司","桃園市中壢區三民里環西路二段247號(1樓)","0","核准設立","2022-01-01 02:44:58.013"
"80690077","龍泰通運有限公司","新北市五股區新五路3段32號","0","核准設立","2022-01-01 02:44:58.013"
"80719362","松鶴通運有限公司","臺中市南屯區大興里五權五街393號1樓","0","核准設立","2022-01-01 02:44:58.013"
"81031290","總督通運股份有限公司","高雄市小港區松美路27號1樓","50000000","核准設立","2022-01-01 02:44:58.013"
"81058121","金華通運企業股份有限公司","高雄市前鎮區民裕街81號2樓","18000000","核准設立","2022-01-01 02:44:58.013"
"81084211","穎裕遊覽車有限公司","臺南市北區成功里北成路129號1樓","0","核准設立","2022-01-01 02:44:58.013"
"81104976","安騎通運股份有限公司","臺北市中山區長春路172號172號8樓之6","19800000","核准設立","2022-01-01 02:44:58.013"
"82067056","國君交通股份有限公司","臺南市永康區埔園里永大路三段457號1樓","29600000","核准設立","2022-01-01 02:44:58.013"
"82964045","立友通運股份有限公司","臺中市霧峰區峰堤路689-12號","50000000","核准設立","2022-01-01 02:44:58.013"
"83142687","龍迅通運有限公司","臺北市中山區長春路172號8樓之6","0","核准設立","2022-01-01 02:44:58.013"
"83304438","喜鵲巴士股份有限公司","新北市淡水區中正東路1段135號13樓","60000000","核准設立","2022-01-01 02:44:58.013"
"83393488","恆春交通企業有限公司","高雄市鼓山區明誠3路706號3樓","null","核准設立","2022-01-01 02:44:58.013"
"83397055","信用國際通運股份有限公司","高雄市前金區中正四路211號17樓之6","50000000","核准設立","2022-01-01 02:44:58.013"
"83408166","天佑遊覽車客運有限公司","臺南市永康區復華里復華八街39巷16號1樓","0","核准設立","2022-01-01 02:44:58.013"
"83418283","南欣遊覽車客運股份有限公司","高雄市左營區文學路682號1樓","30000000","核准設立","2022-01-01 02:44:58.013"
"83432052","南半球旅遊巴士有限公司","高雄市楠梓區海專路235巷21號","0","核准設立","2022-01-01 02:44:58.013"
"83448619","大聖通運股份有限公司","高雄市新興區復興一路63號15樓之4","19000000","核准設立","2022-01-01 02:44:58.013"
"83608100","園區交通股份有限公司","新竹市東區金山里金山25街7號","28000000","核准設立","2022-01-01 02:44:58.013"
"83708311","國花通運股份有限公司","新北市永和區中正路368巷18號","29500000","核准設立","2022-01-01 02:44:58.013"
"83709310","騏運通運股份有限公司","臺南市佳里區塭內里塭子內66號1樓","18000000","核准設立","2022-01-01 02:44:58.013"
"83725260","陽光綠地巴士有限公司","高雄市鳳山區新富路586號11樓","null","核准設立","2022-01-01 02:44:58.013"
"83739948","聯大遊覽車客運股份有限公司","宜蘭縣羅東鎮成功里興東南路159號","16000000","廢止","2022-01-01 02:44:58.013"
"83743730","慶威通運股份有限公司","高雄市苓雅區五權街242號","29000000","核准設立","2022-01-01 02:44:58.013"
"84217257","上裕交通股份有限公司","臺中市東勢區延平里豐勢路125號","59780000","核准設立","2022-01-01 02:44:58.013"
"84258833","盛泰通運有限公司","新竹縣關西鎮東興里博愛路17號","null","核准設立","2022-01-01 02:44:58.013"
"84444507","金興通運股份有限公司","金門縣金湖鎮山外里下莊中興路40號","29900000","核准設立","2022-01-01 02:44:58.013"
"84444577","楓蓮通運股份有限公司","金門縣金城鎮環島西路1段101-8號","10000000","核准設立","2022-01-01 02:44:58.013"
"84445457","大華通運股份有限公司","金門縣金城鎮西門里環島北路1段32號","25000000","核准設立","2022-01-01 02:44:58.013"
"84445484","錦龍通運有限公司","金門縣金城鎮金門城3-11號","null","核准設立","2022-01-01 02:44:58.013"
"84705164","福輪通運有限公司","臺南市東區中華東路三段３９９巷２１弄８號１樓","null","核准設立","2022-01-01 02:44:58.013"
"84705636","京王遊覽車有限公司","臺南市佳里區東寧里光復路302號1樓","0","核准設立","2022-01-01 02:44:58.013"
"84706213","北安通運有限公司","臺北市中山區雙城街28巷1號12樓","null","核准設立","2022-01-01 02:44:58.013"
"84706234","全家福交通有限公司","新竹市光復路一段643號1樓","0","核准設立","2022-01-01 02:44:58.013"
"84707135","長旺通運有限公司","桃園市大園區南港里大觀路690號1樓","0","核准設立","2022-01-01 02:44:58.013"
"84707466","大元通運有限公司","臺北市中山區新生北路3段7號10樓之1","0","核准設立","2022-01-01 02:44:58.013"
"84707727","永宜遊覽汽車有限公司","雲林縣斗六市忠孝里中正路51號","0","核准設立","2022-01-01 02:44:58.013"
"84707992","佳樂遊覽車客運有限公司","屏東縣新園鄉新東村中慶巷36-1號","0","核准設立","2022-01-01 02:44:58.013"
"84709231","長城國際通運有限公司","臺北市北投區明德路12號1樓","0","核准設立","2022-01-01 02:44:58.013"
"84709696","領航遊覽車客運有限公司","新北市淡水區中正東路1段135號13樓","0","核准設立","2022-01-01 02:44:58.013"
"84711601","萬德通運有限公司","臺北市松山區光復北路9號10樓之1","0","核准設立","2022-01-01 02:44:58.013"
"84734153","和春通運有限公司","桃園市龜山區光峰路196巷5號1樓","null","核准設立","2022-01-01 02:44:58.013"
"84740583","迎家通運股份有限公司","桃園市楊梅區雙榮里民族路五段167巷1號1樓","30000000","核准設立","2022-01-01 02:44:58.013"
"84877665","大中華遊覽車客運股份有限公司","桃園市平鎮區復旦路2段117巷19號","30000000","核准設立","2022-01-01 02:44:58.013"
"84889162","京典通運股份有限公司","臺北市松山區民生東路3段130巷18弄19號1樓","30000000","核准設立","2022-01-01 02:44:58.013"
"84905536","彰友遊覽車客運股份有限公司","彰化縣埔心鄉經口村中山路一五三巷一弄三一號一樓","30000000","廢止","2022-01-01 02:44:58.013"
"84934482","新能通運有限公司","新北市樹林區八德街794號(1樓)","0","核准設立","2022-01-01 02:44:58.013"
"84937690","豪祥汽車旅運股份有限公司","臺北市中山區長春路172號8樓之9","60000000","核准設立","2022-01-01 02:44:58.013"
"84971731","偉成交通有限公司","臺南市東區和平里自由路二段181號1樓","null","廢止","2022-01-01 02:44:58.013"
"84978349","遊龍通運有限公司","新北市板橋區萬板路112巷2號1樓","null","核准設立","2022-01-01 02:44:58.013"
"85191682","勝璋通運股份有限公司","高雄市鳳山區青年路2段189號5樓","29500000","核准設立","2022-01-01 02:44:58.013"
"85248708","高雄汽車客運股份有限公司","高雄市鳳山區成功里中山路138號","1027000000","核准設立","2022-01-01 02:44:58.013"
"85727263","穎昌交通股份有限公司","臺南市北區成功里北成路129號1樓","43000000","核准設立","2022-01-01 02:44:58.013"
"85733981","皇后汽車交通股份有限公司","高雄市三民區鼎義街112號2樓","30500000","核准設立","2022-01-01 02:44:58.013"
"85763252","十二少通運股份有限公司","高雄市三民區新民路78巷18號","29000000","核准設立","2022-01-01 02:44:58.013"
"86661129","億泰通運有限公司","新北市新店區新和街57號2樓","0","核准設立","2022-01-01 02:44:58.013"
"86680483","高南交通有限公司","高雄市大寮區永芳里永芳路74號","0","核准設立","2022-01-01 02:44:58.013"
"86751846","一和興通運有限公司","新北市板橋區民族路31號","null","核准設立","2022-01-01 02:44:58.013"
"86831861","北斗遊覽車客運股份有限公司","彰化縣北斗鎮西德里新厝巷1號","30160000","核准設立","2022-01-01 02:44:58.013"
"87267005","旗峰交通股份有限公司","高雄市前鎮區二聖二路143號","20000000","核准設立","2022-01-01 02:44:58.013"
"89209586","金旺遊覽車客運有限公司","澎湖縣馬公市光明里信義路75號1樓","0","核准設立","2022-01-01 02:44:58.013"
"89226712","統安通運有限公司","嘉義市劉厝里大吉街95號1樓","0","核准設立","2022-01-01 02:44:58.013"
"89257904","大園交通有限公司","桃園市大園區文中街17號2樓","0","核准設立","2022-01-01 02:44:58.013"
"89260302","向陽大地遊覽車有限公司","高雄市三民區建安街94號5樓","0","核准設立","2022-01-01 02:44:58.013"
"89260577","玉山通運有限公司","桃園市中壢區正光三街56號(1樓)","0","核准設立","2022-01-01 02:44:58.013"
"89272525","健全通運有限公司","臺北市北投區育仁路145號3樓","0","核准設立","2022-01-01 02:44:58.013"
"89275564","明達通運有限公司","高雄市新興區中山二路472號3樓之5","0","核准設立","2022-01-01 02:44:58.013"
"89277057","天下通運有限公司","高雄市三民區灣復里鼎華路254號1樓","0","核准設立","2022-01-01 02:44:58.013"
"89290241","八達通遊覽車客運有限公司","臺北市中山區長春路172號11樓之4","0","核准設立","2022-01-01 02:44:58.013"
"89300070","大聯遊覽車有限公司","雲林縣斗六市虎溪路21號","0","核准設立","2022-01-01 02:44:58.013"
"89305624","九鳳通運股份有限公司","高雄市鳳山區中崙二路583巷2之1號1樓","42000000","核准設立","2022-01-01 02:44:58.013"
"89360359","芊華通運有限公司","高雄市大寮區鳳林三路105巷11號5樓","0","核准設立","2022-01-01 02:44:58.013"
"89363383","協弘遊覽汽車有限公司","臺中市南屯區建功路109之1號1樓","0","核准設立","2022-01-01 02:44:58.013"
"89408683","建國交通企業有限公司","高雄市大寮區永芳路74號","0","核准設立","2022-01-01 02:44:58.013"
"89428983","百鴻通運有限公司","屏東縣內埔鄉東寧村民善路46巷10號1樓","0","核准設立","2022-01-01 02:44:58.013"
"89442583","永昇通運有限公司","新北市板橋區三民路2段37號8樓之2","0","核准設立","2022-01-01 02:44:58.013"
"89450181","豐展遊覽車客運有限公司","桃園市平鎮區新榮里新德街167號2樓","null","核准設立","2022-01-01 02:44:58.013"
"89452370","丁叮通運有限公司","新北市鶯歌區鳳福路171號(1樓)","0","核准設立","2022-01-01 02:44:58.013"
"89508058","金達通運有限公司","高雄市鳳山區中泰街47巷36號2樓","0","廢止","2022-01-01 02:44:58.013"
"89531207","陽明通運有限公司","屏東縣恆春鎮山腳里恆南路73之6號","0","核准設立","2022-01-01 02:44:58.013"
"89614733","上祐通運有限公司","高雄市大寮區內坑路110之26號1樓","0","核准設立","2022-01-01 02:44:58.013"
"89625801","順境通運有限公司","臺北市中山區民生東路2段157號2樓","null","核准設立","2022-01-01 02:44:58.013"
"89626978","元盟交通有限公司","臺中市豐原區北陽里豐東路220巷26號","0","核准設立","2022-01-01 02:44:58.013"
"89662143","祐新遊覽車客運有限公司","臺南市麻豆區安業里安業145之4號1樓","0","解散","2022-01-01 02:44:58.013"
"89662798","哈雷通運有限公司","高雄市苓雅區文橫二路2巷18號1樓","0","核准設立","2022-01-01 02:44:58.013"
"89724443","明台遊覽車通運有限公司","臺中市大里區新里里上田街２２巷３９號４樓","null","廢止","2022-01-01 02:44:58.013"
"89738426","立鑫通運有限公司","桃園市平鎮區金星里新光路四段7號1樓","0","核准設立","2022-01-01 02:44:58.013"
"89738657","捷利通運有限公司","高雄市苓雅區三多四路110號9樓之4","null","核准設立","2022-01-01 02:44:58.013"
"89745968","富聖遊覽通運有限公司","臺北市中山區中山北路3段36巷14弄13號","0","廢止","2022-01-01 02:44:58.013"
"89752019","大鎮通運有限公司","高雄市三民區灣復里鼎華路254號1樓","0","核准設立","2022-01-01 02:44:58.013"
"89755819","金煌遊覽車客運有限公司","桃園市平鎮區北華里振中街100號1樓","0","核准設立","2022-01-01 02:44:58.013"
"89756330","駿耀旅運有限公司","彰化縣彰化市建國南路三四號一樓","null","廢止","2022-01-01 02:44:58.013"
"89760897","旺泰巴士有限公司","高雄市大寮區莊敬路21號","0","核准設立","2022-01-01 02:44:58.013"
"89761158","順天通運有限公司","澎湖縣七美鄉南港村31-1號","0","核准設立","2022-01-01 02:44:58.013"
"89766148","櫻花通運有限公司","高雄市仁武區新中街27號","0","核准設立","2022-01-01 02:44:58.013"
"89790040","陽明山通運有限公司","臺北市中正區信義路２段７號３樓之１","null","廢止","2022-01-01 02:44:58.013"
"89808294","立勝遊覽車客運有限公司","臺南市麻豆區安業里安業145之4號1樓","0","解散","2022-01-01 02:44:58.013"
"89819010","龍聖通運有限公司","臺南市安南區塭南里長和路二段12巷341號1樓","0","核准設立","2022-01-01 02:44:58.013"
"89819481","瑋鑫國際通運有限公司","高雄市小港區鋼平街174巷3號7樓","null","核准設立","2022-01-01 02:44:58.013"
"89864582","鼎盛通運有限公司","臺南市善化區胡厝里興農路330巷12號","0","核准設立","2022-01-01 02:44:58.013"
"89865111","金上富遊覽車客運有限公司","嘉義縣水上鄉水上村中山路二段273號2樓","0","核准設立","2022-01-01 02:44:58.013"
"89867455","一二三遊覽車客運有限公司","臺中市豐原區鎌村里鎌村路465巷104之33號","0","核准設立","2022-01-01 02:44:58.013"
"89879889","安平交通企業股份有限公司","臺南市南區田寮里新興路81號1樓","30000000","核准設立","2022-01-01 02:44:58.013"
"89888297","娜魯灣通運股份有限公司","臺東縣臺東市新生里四維路3段152之5號3樓","48000000","核准設立","2022-01-01 02:44:58.013"
"89904698","順怡通運股份有限公司","臺北市中山區復興北路62號9樓之1","30000000","核准設立","2022-01-01 02:44:58.013"
"89904727","福爾摩沙遊覽有限公司","臺南市新市區社內里社內50之80號","0","核准設立","2022-01-01 02:44:58.013"
"89911537","龍貓通運有限公司","臺北市文山區辛亥路4段256號4樓","0","核准設立","2022-01-01 02:44:58.013"
"89928185","大來交通有限公司","臺北市中山區長春路172號10樓之8","0","核准設立","2022-01-01 02:44:58.013"
"89933531","南鯤鯓遊覽車客運有限公司","臺南市鹽水區橋南里南門路80巷20弄13號","0","核准設立","2022-01-01 02:44:58.013"
"89947129","順益通運有限公司","臺北市士林區通河東街2段25號1樓","0","核准設立","2022-01-01 02:44:58.013"
"90060561","白鴿交通股份有限公司","屏東縣屏東市橋南里工業路4號","20000000","核准設立","2022-01-01 02:44:58.013"
"90219909","佳聯通運股份有限公司","桃園市八德區介壽路二段218之1號","15000000","核准設立","2022-01-01 02:44:58.013"
"90406558","宏運遊覽有限公司","嘉義市西區松江一街1號","0","核准設立","2022-01-01 02:44:58.013"
"90724553","屏東汽車客運股份有限公司","屏東縣屏東市橋南里工業路4號","124800000","核准設立","2022-01-01 02:44:58.013"
"91769352","六堆交通有限公司","屏東縣屏東市慶春里自由路171號","null","核准設立","2022-01-01 02:44:58.013"
"93083027","鼎東汽車客運股份有限公司","臺東縣臺東市興國里復興路185號","104490000","核准設立","2022-01-01 02:44:58.013"
"93188802","承揚通運股份有限公司","臺中市沙鹿區光華路113之3號1樓","16000000","核准設立","2022-01-01 02:44:58.013"
"93665760","佳進交通有限公司","臺東縣臺東市建業里知本路３段５９９巷３號","null","廢止","2022-01-01 02:44:58.013"
"94175208","花蓮汽車客運股份有限公司","花蓮縣花蓮市中山路137號2樓","150000000","核准設立","2022-01-01 02:44:58.013"
"96900438","金仕旅運有限公司","新竹縣竹北市縣政三街122號2樓之2","0","核准設立","2022-01-01 02:44:58.013"
"96936251","台灣觀光巴士有限公司","臺北市內湖區新湖三路237號3樓","0","核准設立","2022-01-01 02:44:58.013"
"96947010","放心遊通運有限公司","桃園市中壢區龍東里龍東路29巷108弄39號1樓","0","核准設立","2022-01-01 02:44:58.013"
"96976746","日統汽車客運股份有限公司","雲林縣斗六市大同路23號5樓","150000000","核准設立","2022-01-01 02:44:58.013"
"97017344","和慶遊覽車客運有限公司","彰化縣埔心鄉東門村中正路一段473號","null","核准設立","2022-01-01 02:44:58.013"
"97035504","宇豐通運有限公司","桃園市大溪區仁善里仁德十一街16號(1樓)","0","核准設立","2022-01-01 02:44:58.013"
"97048775","元發遊覽車客運有限公司","雲林縣斗六市龍潭里八德路20號1樓","0","核准設立","2022-01-01 02:44:58.013"
"97064514","全展遊覽車客運有限公司","苗栗縣頭份市東庄里22鄰華美街89巷7號1樓","0","核准設立","2022-01-01 02:44:58.013"
"97081295","京彩通運有限公司","臺北市中山區復興北路92號4樓之2","null","核准設立","2022-01-01 02:44:58.013"
"97102643","裕亨通運有限公司","金門縣金湖鎮新市里中興路25號","0","核准設立","2022-01-01 02:44:58.013"
"97114985","和悅通運有限公司","桃園市蘆竹區外社里山林路二段97之1號","0","核准設立","2022-01-01 02:44:58.013"
"97122459","亞盛通運股份有限公司","臺北市松山區民族東路767之1號1樓","100000000","核准設立","2022-01-01 02:44:58.013"
"97145919","金國豐通運有限公司","桃園市中壢區忠信路80號","0","核准設立","2022-01-01 02:44:58.013"
"97152087","海馬通運有限公司","澎湖縣馬公市光復里民福路127號","null","核准設立","2022-01-01 02:44:58.013"
"97183878","小象巴士股份有限公司","高雄市苓雅區成功1路66號","30000000","核准設立","2022-01-01 02:44:58.013"
"97184969","鉅國通運有限公司","臺中市豐原區鎌村里鎌村路465巷104之1號","0","核准設立","2022-01-01 02:44:58.013"
"97228690","建翔遊覽車有限公司","高雄市大寮區永芳路74號2樓","0","核准設立","2022-01-01 02:44:58.013"
"97231533","捷發通運有限公司","新竹市香山區香村里花園新城二街24號","null","核准設立","2022-01-01 02:44:58.013"
"97237918","新翊通運有限公司","新竹縣芎林鄉上山村文山路630號1樓","null","核准設立","2022-01-01 02:44:58.013"
"97258217","中連通運股份有限公司","臺中市北屯區水湳里大連路一段102號1樓","30000000","核准設立","2022-01-01 02:44:58.013"
"97275356","華聯遊覽車客運股份有限公司","花蓮縣花蓮市國裕里富陽路18號","60000000","核准設立","2022-01-01 02:44:58.013"
"97295992","元誠通運有限公司","新竹市公園里光復路2段509號","0","核准設立","2022-01-01 02:44:58.013"
"97300427","全奕通運有限公司","苗栗縣苗栗市勝利里38鄰金龍街155號1樓","0","核准設立","2022-01-01 02:44:58.013"
"97305197","上安通運有限公司","澎湖縣馬公市林森路22號1樓","null","核准設立","2022-01-01 02:44:58.013"
"97306442","瑞峯通運有限公司","臺北市大安區和平東路2段201號7樓之3","0","核准設立","2022-01-01 02:44:58.013"
"97312681","長泰通運股份有限公司","臺北市松山區民族東路767之1號1樓","50000000","解散","2022-01-01 02:44:58.013"
"97324413","昶興通運有限公司","基隆市中山區復興路95號","0","核准設立","2022-01-01 02:44:58.013"
"97355604","日昇通運有限公司","新北市土城區學府路1段280巷9號5樓","0","核准設立","2022-01-01 02:44:58.013"
"97383307","遠通遊覽車客運股份有限公司","臺中市北屯區東山路一段140巷60號1樓","30000000","核准設立","2022-01-01 02:44:58.013"
"97385775","凱禎通運有限公司","高雄市前金區中華三路98號6樓之1","0","核准設立","2022-01-01 02:44:58.013"
"97430126","文境通運有限公司","臺北市中山區民生東路2段157號2樓","null","核准設立","2022-01-01 02:44:58.013"
"97435109","金順旅運有限公司","臺北市中山區建國北路2段33號11樓之2","0","核准設立","2022-01-01 02:44:58.013"
"97446339","金台通運企業有限公司","新竹縣竹北市縣政二路89號2樓","0","核准設立","2022-01-01 02:44:58.013"
"97450656","高榮通運有限公司","臺北市松山區南京東路5段208號7樓之1","0","核准設立","2022-01-01 02:44:58.013"
"97471189","正昌通運有限公司","臺中市東勢區第五橫街一七號","null","核准設立","2022-01-01 02:44:58.013"
