﻿"統一編號","公司名稱","公司地址","實收資本額","公司狀態","產製日期"
"12611961","亞諾美斯股份有限公司","新北市新莊區豐年街二０巷一三號","8000000","廢止","2022-01-01 02:44:53.657"
"12773682","大盛企業有限公司","桃園市桃園區忠義里民光東路194號10樓","null","解散","2022-01-01 02:44:53.657"
"12791008","丁泉實業有限公司","臺南市安平區育平里郡平路二七四巷三十號","0","廢止","2022-01-01 02:44:53.657"
"12946410","明宸企業有限公司","臺北市士林區文林路68號1樓","0","核准設立","2022-01-01 02:44:53.657"
"16358840","克莉兒眼鏡有限公司","新北市三重區長安街56號","null","解散","2022-01-01 02:44:53.657"
"16706566","鴻鑫國際有限公司","臺中市西區土庫里五權三街409號一樓","null","核准設立","2022-01-01 02:44:53.657"
"24203194","玖隆寵物生活有限公司","新北市淡水區淡金路3段296號1樓","null","核准設立","2022-01-01 02:44:53.657"
"24299698","德睿國際有限公司","新北市淡水區中正東路2段121之3號","0","核准設立","2022-01-01 02:44:53.657"
"24332140","冠誠生活股份有限公司","新北市板橋區縣民大道2段7號地下1樓、1樓、2樓、24樓、25樓","200000000","核准設立","2022-01-01 02:44:53.657"
"24342935","愛狗園有限公司","臺北市大安區基隆路2段124號","null","核准設立","2022-01-01 02:44:53.657"
"24436546","開懷大蔣有限公司","臺中市南屯區楓樹里楓樹西街147號1樓","null","解散","2022-01-01 02:44:53.657"
"24466219","永佳寵物用品有限公司","新北市樹林區學成路497號","0","核准設立","2022-01-01 02:44:53.657"
"24530964","新魚水族寵物有限公司","新北市新莊區中正路476號及478號","0","解散","2022-01-01 02:44:53.657"
"24577539","狗窩好日子有限公司","臺北市松山區民生東路5段137巷2之5號1樓","0","核准設立","2022-01-01 02:44:53.657"
"24611797","承澤寵物有限公司","桃園市中壢區中北路80號1、2樓","0","核准設立","2022-01-01 02:44:53.657"
"24647155","帕皮搖搖有限公司","桃園市中壢區金華里九和六街10號","0","核准設立","2022-01-01 02:44:53.657"
"24666906","御台國際有限公司","高雄市鳳山區建國路3段501號","null","核准設立","2022-01-01 02:44:53.657"
"24699239","岱民國際開發有限公司","新北市三芝區中山路1段18號(1樓)","0","解散","2022-01-01 02:44:53.657"
"24713990","唯勤國際有限公司","臺北市士林區中山北路6段419巷19號5樓","0","核准設立","2022-01-01 02:44:53.657"
"24824617","希米亞寵物美容有限公司","臺中市南區和平里南平路2之19號1樓","0","核准設立","2022-01-01 02:44:53.657"
"24830717","帕皮斯寵物精品有限公司","臺中市西屯區上安里上明一街80號1樓","0","解散","2022-01-01 02:44:53.657"
"24889408","天郝有限公司","桃園市桃園區大興里大興路5號","0","核准設立","2022-01-01 02:44:53.657"
"24912409","伍勝有限公司","臺南市北區文賢路845號","0","核准設立","2022-01-01 02:44:53.657"
"24936752","愛蜜莉寵物有限公司","臺北市松山區南京東路5段393號3樓","null","解散","2022-01-01 02:44:53.657"
"24948949","豪斯寵物服務有限公司","臺北市中山區敬業一路160號","0","核准設立","2022-01-01 02:44:53.657"
"24960730","康平有限公司","臺北市大安區文昌街89號","null","核准設立","2022-01-01 02:44:53.657"
"25044700","富利勝股份有限公司","新北市土城區中華路1段94號1樓","1000000","核准設立","2022-01-01 02:44:53.657"
"25064732","好運狗寵物用品有限公司","新北市中和區景平路404號","0","解散","2022-01-01 02:44:53.657"
"25141837","好寵企業有限公司","臺北市大安區信義路3段75之1號1、2樓","0","核准設立","2022-01-01 02:44:53.657"
"25170966","開懷小顏有限公司","臺中市南屯區向心里永春東路612號1樓","null","解散","2022-01-01 02:44:53.657"
"25179066","富閎海有限公司","桃園市平鎮區復旦里民族路二段271號","null","解散","2022-01-01 02:44:53.657"
"25183532","晨晨有限公司","新竹市龍山里1鄰光復路1段562號1樓","null","解散","2022-01-01 02:44:53.657"
"25190132","慶福水族有限公司","臺中市南屯區文心路一段372號","0","核准設立","2022-01-01 02:44:53.657"
"27275500","班強寵物有限公司","新北市淡水區中正東路77號1樓","null","解散","2022-01-01 02:44:53.657"
"27315849","勝豐寵物有限公司","臺北市文山區羅斯福路5段144號1樓","null","解散","2022-01-01 02:44:53.657"
"27354791","拉布拉多實業有限公司","臺中市南屯區惠光里大光街138號3樓之3","0","解散","2022-01-01 02:44:53.657"
"27356221","佩德博斯企業有限公司","新北市中和區橋和路１０９號","null","解散","2022-01-01 02:44:53.657"
"27394597","光華寵物城有限公司","新竹市東區復興里自由路九七號一樓","null","廢止","2022-01-01 02:44:53.657"
"27411744","平成寵物有限公司","新北市汐止區新台五路二段四一巷二四號","0","解散","2022-01-01 02:44:53.657"
"27421980","逸捷有限公司","新北市樹林區中華路6之3號","0","核准設立","2022-01-01 02:44:53.657"
"27433579","台灣寵物世界股份有限公司","臺南市南區西門路一段473號4樓","45000000","核准設立","2022-01-01 02:44:53.657"
"27469203","薇美寵物用品有限公司","新北市板橋區四川路一段389號1樓","null","廢止","2022-01-01 02:44:53.657"
"27472642","裕毛寶名犬有限公司","臺中市西屯區何厝里西屯路二段63之2號1樓","null","解散","2022-01-01 02:44:53.657"
"27500350","馬汀動物科技有限公司","臺中市大里區中興路二段386之4號1樓","0","核准設立","2022-01-01 02:44:53.657"
"27561341","冠霖寵物有限公司","臺北市士林區基河路１７號１樓","null","解散","2022-01-01 02:44:53.657"
"27647489","隆碁有限公司","基隆市仁愛區仁二路206號1樓","0","核准設立","2022-01-01 02:44:53.657"
"27784390","霆驊企業有限公司","新北市土城區員仁里中央路2段382號","0","解散","2022-01-01 02:44:53.657"
"27809060","靚鱻館股份有限公司","臺中市西區博館路117號6樓之2","2500000","廢止","2022-01-01 02:44:53.657"
"27815746","崇軒科技股份有限公司","新北市汐止區中興路183巷37號5樓","10000000","廢止","2022-01-01 02:44:53.657"
"27852967","中圓寵物股份有限公司","桃園市桃園區同安里中正路836號","50000000","核准設立","2022-01-01 02:44:53.657"
"27865132","陽印國際有限公司","嘉義市東區豐年里吳鳳南路6號1樓","null","解散","2022-01-01 02:44:53.657"
"27883883","品泰鳥業有限公司","臺中市南區福平里美村路二段106巷21弄7號1樓","0","核准設立","2022-01-01 02:44:53.657"
"27884742","昱碩國際事業股份有限公司","新北市汐止區福德一路342巷1弄33號","29000000","核准設立","2022-01-01 02:44:53.657"
"28019374","柏林生活休閒事業有限公司","臺中市南屯區春社里中台路688號","null","解散","2022-01-01 02:44:53.657"
"28032881","金冠霖寵物有限公司","桃園市蘆竹區錦中里南崁路一段24號1樓","0","核准設立","2022-01-01 02:44:53.657"
"28122623","北區水族寵物有限公司","新北市新莊區中正路５１３號","null","廢止","2022-01-01 02:44:53.657"
"28151598","金吉利寵物精品生活館有限公司","新北市板橋區文化路2段239號","0","核准設立","2022-01-01 02:44:53.657"
"28220883","平方寵物有限公司","臺北市信義區基隆路2段74號1樓","0","核准設立","2022-01-01 02:44:53.657"
"28288308","豐聖生物科技有限公司","高雄市苓雅區福安路35巷2號14樓","null","解散","2022-01-01 02:44:53.657"
"28314805","葳旺有限公司","桃園市桃園區建國里15鄰大林路20-1、20-2號","0","核准設立","2022-01-01 02:44:53.657"
"28319816","佳大生貿易有限公司","彰化縣和美鎮山犁里和靖路103號1樓","0","廢止","2022-01-01 02:44:53.657"
"28322848","伊努的世界寵物精品館有限公司","桃園市桃園區同安里中正路726號1樓","null","廢止","2022-01-01 02:44:53.657"
"28339051","晟翔實業有限公司","臺中市南屯區文心路1段159號1樓","null","解散","2022-01-01 02:44:53.657"
"28343169","欣吉利寵物精品休閒館有限公司","新北市新莊區全安里中正路363、365號","null","解散","2022-01-01 02:44:53.657"
"28406641","佳和寵物用品有限公司","新北市淡水區民權路153號","null","核准設立","2022-01-01 02:44:53.657"
"28503405","臣信事業有限公司","臺中市南屯區同心里五權西路2段203號1樓","null","解散","2022-01-01 02:44:53.657"
"28533787","宏悅國際有限公司","新北市三重區重新路四段136號1樓","null","解散","2022-01-01 02:44:53.657"
"28551948","唯誠事業有限公司","新竹縣竹北市中華路２２６號１樓、２樓之１","0","核准設立","2022-01-01 02:44:53.657"
"28561410","嘉鴻寵物用品有限公司","新北市板橋區南雅東路8號、之1、之2（一樓）","null","解散","2022-01-01 02:44:53.657"
"28603988","奧斯卡寵物股份有限公司","高雄市楠梓區藍昌路425號","60915000","核准設立","2022-01-01 02:44:53.657"
"28789773","寶羅國際寵物美容股份有限公司","臺中市北區中清路一段633號2樓","5000000","核准設立","2022-01-01 02:44:53.657"
"28885240","樂活之屋寵物生活館股份有限公司","臺中市北屯區平德里崇德路２段４９號１樓","10000000","解散","2022-01-01 02:44:53.657"
"28940692","魚中魚水族寵物有限公司","新北市中和區中正路211巷13弄7號1樓","0","核准設立","2022-01-01 02:44:53.657"
"29022637","日優盛寵物精品有限公司","高雄市苓雅區中山2路461號7樓之1","0","核准設立","2022-01-01 02:44:53.657"
"29038498","貝崎股份有限公司","臺北市大安區忠孝東路4段166號10樓","6000000","解散","2022-01-01 02:44:53.657"
"29064431","德鎰制國際藝能有限公司","臺北市松山區八德路2段429號2樓、3樓、4樓","0","核准設立","2022-01-01 02:44:53.657"
"29066846","夢公園有限公司","臺北市松山區八德路4段626號地下室","0","核准設立，但已命令解散","2022-01-01 02:44:53.657"
"29069816","噶瑪軒股份有限公司","臺北市松山區南京東路4段93號3樓","500000","核准設立","2022-01-01 02:44:53.657"
"29150695","晉宏寵物有限公司","新北市板橋區文化路2段501、503號1樓及505巷1、3號1樓","null","解散","2022-01-01 02:44:53.657"
"42573958","奇異貿易有限公司","南投縣草屯鎮北勢里玉屏路65號1樓","0","解散","2022-01-01 02:44:53.657"
"42617506","貓博士有限公司","臺北市大安區基隆路2段114號","0","核准設立","2022-01-01 02:44:53.657"
"42643167","好時光寵物有限公司","臺北市內湖區民權東路6段170號","0","解散","2022-01-01 02:44:53.657"
"42667961","文文貓園有限公司","臺中市太平區宜佳里宜仁街23號1、3、4樓","0","核准設立","2022-01-01 02:44:53.657"
"42670972","超級寵美顧問有限公司","臺中市北區梅川里漢口路四段365號","0","核准設立","2022-01-01 02:44:53.657"
"42680417","倍倍寵物有限公司","臺中市龍井區中央路三段188巷8弄1號1樓","0","核准設立","2022-01-01 02:44:53.657"
"42761728","桀滈國際貿易有限公司","彰化縣北斗鎮中山路一段臨367號","0","核准設立","2022-01-01 02:44:53.657"
"42785209","億昇昌有限公司","桃園市楊梅區永平里永美路490、492、494號","0","核准設立","2022-01-01 02:44:53.657"
"42791048","佳士德國際貿易股份有限公司","桃園市桃園區文中里延壽街162號","5000000","核准設立","2022-01-01 02:44:53.657"
"42853803","大安旺旺愛犬屋有限公司","臺北市大安區復興南路1段321號6樓及6樓之2","0","核准設立","2022-01-01 02:44:53.657"
"42901832","熊美有限公司","臺南市永康區中山南路106-6號1樓","0","核准設立","2022-01-01 02:44:53.657"
"42941721","三貓一家有限公司","屏東縣屏東市復興路470號","0","核准設立","2022-01-01 02:44:53.657"
"42975474","親龍水族寵物有限公司","宜蘭縣宜蘭市大新里宜興路一段291號","0","核准設立","2022-01-01 02:44:53.657"
"43638326","貓狗同萌有限公司","臺北市中山區新生北路1段138號地下室","0","核准設立","2022-01-01 02:44:53.657"
"43673955","貓格里拉精緻旅館有限公司","臺北市大安區和平東路3段68號","0","解散","2022-01-01 02:44:53.657"
"43718783","北歐三狗有限公司","臺北市松山區八德路3段224號","0","核准設立","2022-01-01 02:44:53.657"
"43794326","安琪國際有限公司","臺北市內湖區民權東路6段123巷24號1樓","0","核准設立","2022-01-01 02:44:53.657"
"45104753","富利勝水族寵物有限公司","桃園市中壢區林森里環中東路二段770號","0","核准設立","2022-01-01 02:44:53.657"
"45110002","慶昇昌有限公司","桃園市平鎮區湧豐里中豐路山頂段80號1、2樓，82號1樓","0","核准設立","2022-01-01 02:44:53.657"
"45887138","五心興業有限公司","臺中市豐原區翁子里圓環東路839號1，2，3樓","0","核准設立","2022-01-01 02:44:53.657"
"45889868","甜甜寵物訓練有限公司","臺中市西區大業路5號","0","解散","2022-01-01 02:44:53.657"
"47086632","艾倫寵物企業有限公司","新北市五股區新城三路41、43號(1樓)","0","核准設立","2022-01-01 02:44:53.657"
"47098264","金吉兒寵物事業有限公司","新北市新店區安康路2段77號","null","核准設立","2022-01-01 02:44:53.657"
"50761089","喵喵度假趣有限公司","臺北市大安區基隆路2段117號2樓","0","核准設立","2022-01-01 02:44:53.657"
"50791529","比比庫有限公司","臺北市大安區忠孝東路3段305號6樓之2","0","核准設立","2022-01-01 02:44:53.657"
"50801836","廣興貿易股份有限公司","高雄市楠梓區後昌路811號1樓","1000000","核准設立","2022-01-01 02:44:53.657"
"50832845","昕霓實業有限公司","臺中市西屯區西墩里福科路23號","0","核准設立","2022-01-01 02:44:53.657"
"50834647","寵愛水族寵物事業有限公司","臺中市北屯區水景里東山路一段156-31號","0","核准設立","2022-01-01 02:44:53.657"
"50843173","酷毛寵物事業有限公司","新北市林口區文化三路1段555巷81號(1樓)","0","核准設立","2022-01-01 02:44:53.657"
"50852377","派特屋有限公司","新北市新店區如意街1巷8號(1樓)","0","核准設立","2022-01-01 02:44:53.657"
"50857205","亞聯網路股份有限公司","新北市三重區中正南路109號","1000000","解散","2022-01-01 02:44:53.657"
"50867724","愛貓寒舍有限公司","臺北市大安區基隆路2段110號5樓","0","核准設立","2022-01-01 02:44:53.657"
"50976693","樂恆寵物有限公司","新北市永和區中和路421巷3弄1號","0","核准設立","2022-01-01 02:44:53.657"
"52435391","樂兒國際有限公司","臺北市內湖區民權東路6段123巷34弄19號","0","核准設立","2022-01-01 02:44:53.657"
"52477080","勝康有限公司","臺北市松山區光復北路26巷3號、3號地下層","0","解散","2022-01-01 02:44:53.657"
"52539001","小客廳寵物事業有限公司","臺北市內湖區成功路4段30巷19號","0","核准設立","2022-01-01 02:44:53.657"
"52600130","騰雨寵物國際有限公司","臺北市大同區華陰街73號","0","核准設立","2022-01-01 02:44:53.657"
"52756668","歐品邁國際有限公司","臺北市中山區明水路672巷36號1樓","0","核准設立","2022-01-01 02:44:53.657"
"52806077","貓自在寵物事業有限公司","臺北市松山區八德路3段203號2樓","0","解散","2022-01-01 02:44:53.657"
"52902135","金典屋寵物有限公司","臺北市大安區基隆路2段128號","0","解散","2022-01-01 02:44:53.657"
"52916341","寵點有限公司","臺北市大安區仁愛路4段429號及地下","0","核准設立","2022-01-01 02:44:53.657"
"53124590","安安國際有限公司","臺中市南屯區豐樂里文心南五路一段307號","null","解散","2022-01-01 02:44:53.657"
"53129265","熊寶貝寵物用品股份有限公司","嘉義市西區西平里中興路740號1樓","20000000","核准設立","2022-01-01 02:44:53.657"
"53168246","台灣邦尼寵物用品有限公司","臺中市北屯區軍功里軍功路一段603號","0","核准設立","2022-01-01 02:44:53.657"
"53193110","永利昌國際有限公司","新北市林口區竹林路2號(1樓)4號(1樓)","null","核准設立","2022-01-01 02:44:53.657"
"53208084","咪妮生活館有限公司","新北市新店區中興路3段170號","0","核准設立","2022-01-01 02:44:53.657"
"53210217","比佛利寵物事業有限公司","新北市鶯歌區南鶯里光明街15巷5號","null","核准設立","2022-01-01 02:44:53.657"
"53332561","景揚寵物有限公司","臺北市大安區基隆路2段108號、110號","null","解散","2022-01-01 02:44:53.657"
"53374581","維京聯合有限公司","臺中市北區建興里崇德路一段131號1樓及2樓","0","核准設立","2022-01-01 02:44:53.657"
"53383462","盈納國際實業有限公司","臺中市南區忠明南路586、588、590號1、2樓","0","解散","2022-01-01 02:44:53.657"
"53411137","翔鈺寵物有限公司","新北市板橋區南雅東路8號、8之1號、8之2號(1樓)","null","解散","2022-01-01 02:44:53.657"
"53416750","萬達寵物事業股份有限公司","臺北市中山區長安東路1段23號4樓之3","321000000","核准設立","2022-01-01 02:44:53.657"
"53430107","逸友有限公司","新北市蘆洲區三民路213,215,217號","0","解散","2022-01-01 02:44:53.657"
"53435095","心肝寶貝寵物用品有限公司","新北市三重區中正北路12號1樓","null","核准設立","2022-01-01 02:44:53.657"
"53500222","華彩有限公司","臺中市西區公館里南屯路一段95號1-3樓","0","解散","2022-01-01 02:44:53.657"
"53514078","寵物密碼國際開發有限公司","臺中市西屯區永安里西屯路三段168-2號1樓","null","解散","2022-01-01 02:44:53.657"
"53702992","大元貿易股份有限公司","新北市樹林區南園里學成路701號(1樓)","3500000","解散","2022-01-01 02:44:53.657"
"53750136","瑞琪寵物精品股份有限公司","臺北市中山區中山北路2段77巷17之4號1樓","13000000","核准設立","2022-01-01 02:44:53.657"
"53774778","新葉國際股份有限公司","臺北市士林區忠誠路2段55號12樓","40200000","核准設立","2022-01-01 02:44:53.657"
"53781460","智威喜樂國際有限公司","嘉義市西區美源里仁愛路168-2號1．2樓","null","解散","2022-01-01 02:44:53.657"
"53822429","法拉利寵物有限公司","桃園市龍潭區龍星里中正路318號","0","核准設立","2022-01-01 02:44:53.657"
"53865550","竹魚寵物有限公司","新竹市香山區經國路三段6號、6號2樓、8號、8號2樓","0","解散","2022-01-01 02:44:53.657"
"53893922","有馬寵物精品有限公司","高雄市三民區建工路441、443號1樓及2樓","null","解散","2022-01-01 02:44:53.657"
"53918206","優異識股份有限公司","新北市林口區南勢四街48號","12500000","核准設立","2022-01-01 02:44:53.657"
"53918233","麻吉寵物用品有限公司","臺北市士林區天母東路50巷20之2號","0","解散","2022-01-01 02:44:53.657"
"53926584","印鼎公關顧問有限公司","臺北市大安區復興南路2段84號5樓之3","0","核准設立","2022-01-01 02:44:53.657"
"53954363","北歐犬舍有限公司","臺北市大安區新生南路2段60之1、60之2號1樓","0","核准設立","2022-01-01 02:44:53.657"
"53960978","好狗命寵物有限公司","新竹縣竹北市博愛街119號","0","核准設立","2022-01-01 02:44:53.657"
"53992802","開懷小蔣有限公司","臺中市南屯區楓樹里楓樹西街147號","0","核准設立","2022-01-01 02:44:53.657"
"54029187","魚多利寵物事業有限公司","新北市蘆洲區集賢路229及229之1號","null","核准設立","2022-01-01 02:44:53.657"
"54035630","親龍實業有限公司","宜蘭縣羅東鎮維揚里維揚路171、173號","0","核准設立","2022-01-01 02:44:53.657"
"54043532","城魚水族有限公司","新北市土城區金城路2段246號、246號2樓、248號、248號2樓","null","解散","2022-01-01 02:44:53.657"
"54074984","永魚寵物有限公司","臺南市永康區中華路707號","0","核准設立","2022-01-01 02:44:53.657"
"54128102","鴻海寵物有限公司","臺中市北屯區文心路4段319號1樓","null","解散","2022-01-01 02:44:53.657"
"54129524","長洋水族有限公司","臺中市南屯區五權西路2段80號1樓","null","解散","2022-01-01 02:44:53.657"
"54171607","逸康有限公司","臺北市文山區興隆路4段70之1號","0","核准設立","2022-01-01 02:44:53.657"
"54187431","逸升有限公司","臺北市中山區建國北路2段129號","0","核准設立","2022-01-01 02:44:53.657"
"54190294","寵物王朝有限公司","高雄市橋頭區成功南路148巷1號1樓","0","核准設立","2022-01-01 02:44:53.657"
"54316478","堤柇有限公司","新北市板橋區文聖街194號","0","核准設立","2022-01-01 02:44:53.657"
"54675852","逸洤有限公司","臺北市士林區天母東路13號","0","核准設立","2022-01-01 02:44:53.657"
"54718509","寵夢家優質生活有限公司","新北市蘆洲區長榮路778號","0","解散","2022-01-01 02:44:53.657"
"54735872","爵靈企業有限公司","臺北市大安區基隆路2段134之1號","0","核准設立","2022-01-01 02:44:53.657"
"54736767","尼克豪斯國際有限公司","新北市三重區五谷王北街58巷30號","0","核准設立","2022-01-01 02:44:53.657"
"54741353","大魚寵物有限公司","臺中市大里區永隆里國光路二段505號","0","核准設立","2022-01-01 02:44:53.657"
"54753603","魚中魚樂活有限公司","臺中市南屯區文心路一段378號27樓之6","0","核准設立","2022-01-01 02:44:53.657"
"54763638","甜甜寵物開發有限公司","臺中市北區新興里三民路三段54巷4號2樓","0","廢止","2022-01-01 02:44:53.657"
"54787940","唯信國際有限公司","苗栗縣竹南鎮博愛街297號1樓","0","核准設立","2022-01-01 02:44:53.657"
"54817016","萌萌家有限公司","桃園市桃園區北門里中興里民安路100之2號","0","核准設立","2022-01-01 02:44:53.657"
"54893554","狗仔衫寵物用品有限公司","臺中市北屯區后庄里后庄北路11號","0","解散","2022-01-01 02:44:53.657"
"54905708","愛美狗寵物有限公司","臺中市西屯區何明里漢口路一段22至24號1樓","0","解散","2022-01-01 02:44:53.657"
"54909465","野小孩寵物有限公司","臺中市烏日區長春街271號1、2樓","0","解散","2022-01-01 02:44:53.657"
"54924141","毛逗寵物有限公司","桃園市中壢區新生路300號","0","解散","2022-01-01 02:44:53.657"
"54948869","夜行喵有限公司","桃園市中壢區龍慈路247號","0","核准設立","2022-01-01 02:44:53.657"
"54986764","來地喵喵文旅創意有限公司","新竹縣竹北市東興里東興路一段420號","0","核准設立","2022-01-01 02:44:53.657"
"55833978","大爺股份有限公司","臺北市內湖區民權東路6段170號1之2樓","1500000","核准設立","2022-01-01 02:44:53.657"
"55977215","維珍股份有限公司","臺中市霧峰區吉峰里吉峰東路41之3號1樓","5000000","核准設立","2022-01-01 02:44:53.657"
"56679474","來旺旺寵物用品有限公司","嘉義市東區興南里吳鳳南路21、23號","0","解散","2022-01-01 02:44:53.657"
"58343004","締兒沛寵物國際有限公司","苗栗縣頭份市民權里民族路243號","0","核准設立","2022-01-01 02:44:53.657"
"59183390","華納寵物有限公司","高雄市三民區建工路796號1、2樓","0","核准設立","2022-01-01 02:44:53.657"
"59230915","法鬥家族寵物有限公司","高雄市茄萣區白砂路43號","0","核准設立","2022-01-01 02:44:53.657"
"59277185","維緹寵物有限公司","高雄市新興區五福二路128號","0","核准設立","2022-01-01 02:44:53.657"
"59311178","海王子股份有限公司","高雄市楠梓區藍昌路423號2樓","13000000","核准設立","2022-01-01 02:44:53.657"
"59318263","寵物王國股份有限公司","高雄市楠梓區高楠公路870之1號","43000000","核准設立","2022-01-01 02:44:53.657"
"60295106","伊諾克斯國際有限公司","臺中市北屯區仁美里崇德路三段703號","0","核准設立","2022-01-01 02:44:53.657"
"61755508","啵希有限公司","臺中市南屯區三義里黎明路二段698號1、2樓","0","核准設立","2022-01-01 02:44:53.657"
"61955267","海灣樂世界股份有限公司","臺中市北屯區東山路二段151之2號","5000000","核准設立","2022-01-01 02:44:53.657"
"62250908","汪喵的旅有限公司","臺中市北屯區和平里軍福十六路372號","0","核准設立","2022-01-01 02:44:53.657"
"64970283","牧貓興業有限公司","臺南市東區裕農里裕農路375號地下層","0","核准設立","2022-01-01 02:44:53.657"
"65235206","逸國有限公司","新北市永和區得和路409號","0","解散","2022-01-01 02:44:53.657"
"66360259","艾荳寵物沙龍有限公司","新北市永和區永利路154號","0","廢止","2022-01-01 02:44:53.657"
"69319001","驣烊行銷有限公司","新北市淡水區水源街2段100號(1樓)","0","解散","2022-01-01 02:44:53.657"
"69387794","木子六企業有限公司","新北市中和區和平街17之1號","0","核准設立","2022-01-01 02:44:53.657"
"69657396","好萌好猛寵物有限公司","桃園市中壢區洽溪里永泰路151號","0","核准設立","2022-01-01 02:44:53.657"
"70456544","全智生物科技有限公司","臺北市文山區景興路195號3樓之3","0","核准設立","2022-01-01 02:44:53.657"
"70626908","生春有限公司","彰化縣溪湖鎮湖西里二溪路一段一四一號","null","解散","2022-01-01 02:44:53.657"
"70727954","拉丁美洲國際有限公司","臺中市西區藍興里公館路63巷11號1樓","0","核准設立","2022-01-01 02:44:53.657"
"80051557","安諾美斯股份有限公司","臺中市西屯區文心路三段一九五之一號","5000000","廢止","2022-01-01 02:44:53.657"
"80130434","巨豐國際企業股份有限公司","桃園市桃園區玉山里大同西路105號1樓","1000000","核准設立","2022-01-01 02:44:53.657"
"80252787","高廣企業有限公司","新北市中和區秀成里自立路九九巷三六弄一○號二樓","null","廢止","2022-01-01 02:44:53.657"
"80296032","環球購物中心股份有限公司","臺北市大安區和平東路3段131號8樓","3810000000","核准設立","2022-01-01 02:44:53.657"
"80515206","小狗窩股份有限公司","臺北市中山區北安路８１３號１樓","2000000","解散","2022-01-01 02:44:53.657"
"80525611","咕咕碁有限公司","臺北市內湖區東湖路82號","0","核准設立","2022-01-01 02:44:53.657"
"80544976","班豪寵物有限公司","臺北市大安區忠孝東路3段98之1號1樓","null","解散","2022-01-01 02:44:53.657"
"80561756","栗源國際貿易有限公司","新北市板橋區中山路二段四一六巷五四弄二號二樓","null","核准設立","2022-01-01 02:44:53.657"
"80574339","卡哇伊寵物有限公司","新北市蘆洲區長榮路70號","null","廢止","2022-01-01 02:44:53.657"
"80611762","動物王國有限公司","新竹市水田里經國路二段19號","0","核准設立","2022-01-01 02:44:53.657"
"80633512","晉宇寵物服務股份有限公司","新北市新莊區豐年街２０巷１３號","4000000","廢止","2022-01-01 02:44:53.657"
"80694691","班福寵物有限公司","臺北市內湖區成功路3段162之1號","null","解散","2022-01-01 02:44:53.657"
"80723181","達寶國際企業有限公司","臺中市南屯區文心路一段一五九號一樓","null","解散","2022-01-01 02:44:53.657"
"80739064","豪峻實業有限公司","嘉義市西區博愛路二段37號1樓","0","核准設立","2022-01-01 02:44:53.657"
"82770364","晴虹貓咪美容有限公司","臺中市南區福順里南陽街90號1、2樓","0","核准設立","2022-01-01 02:44:53.657"
"82793280","柏宜斯寵物國際有限公司","桃園市中壢區中園路118、120、122號（1、2樓）","0","核准設立","2022-01-01 02:44:53.657"
"82800867","有間貓旅有限公司","臺北市中正區南昌路1段14號2樓","0","核准設立","2022-01-01 02:44:53.657"
"82856209","汪堡股份有限公司","臺北市中山區敬業二路69巷57號","5000000","核准設立","2022-01-01 02:44:53.657"
"82870005","寵愛有加股份有限公司","臺北市大安區仁愛路3段7之3號1樓","3000000","核准設立","2022-01-01 02:44:53.657"
"82876731","有毛有限公司","臺北市松山區八德路4段649號2樓","0","核准設立","2022-01-01 02:44:53.657"
"82880545","庚旺有限公司","臺北市中山區德惠街4號1樓","0","核准設立","2022-01-01 02:44:53.657"
"82910978","得水集寵股份有限公司","臺北市文山區木柵路2段27號","2500000","核准設立","2022-01-01 02:44:53.657"
"83058148","萌家國際貿易有限公司","桃園市中壢區仁愛里普忠路581巷25號(2樓、3樓、4樓)","0","核准設立","2022-01-01 02:44:53.657"
"83063677","樂之寵物事業股份有限公司","臺北市中正區濟南路2段35號之1","1000000","核准設立","2022-01-01 02:44:53.657"
"83104017","愛微笑興業有限公司","臺南市新市區港墘里中山路13巷37號","0","核准設立","2022-01-01 02:44:53.657"
"83109532","貓棧有限公司","新北市板橋區復興街114號","0","核准設立","2022-01-01 02:44:53.657"
"83175820","心寵有限公司","新北市新莊區福德一街72號(1樓)及76號(1樓)","0","核准設立","2022-01-01 02:44:53.657"
"83191949","毛很多有限公司","高雄市林園區五福路258巷12號1至2樓","0","核准設立","2022-01-01 02:44:53.657"
"83202523","汪汪將有限公司","新北市八里區頂寮三街52巷2號","0","核准設立","2022-01-01 02:44:53.657"
"83228328","美寶雅水族寵物有限公司","新北市汐止區大同路1段157號、159號","0","核准設立","2022-01-01 02:44:53.657"
"83229733","金利海貿易有限公司","高雄市楠梓區大學十一街312號1樓","0","核准設立","2022-01-01 02:44:53.657"
"83251811","心語雁實業有限公司","桃園市中壢區少康一街12號","0","核准設立","2022-01-01 02:44:53.657"
"83273420","貓行天下寵物有限公司","桃園市桃園區光興里5鄰縣府路18號地下一樓","0","核准設立","2022-01-01 02:44:53.657"
"83426241","狗福美學館有限公司","臺中市南屯區田心里五權西路二段518之1號","0","核准設立","2022-01-01 02:44:53.657"
"83475235","毛小孩美寵興業有限公司","臺北市大安區信義路4段293號2樓","0","核准設立","2022-01-01 02:44:53.657"
"83495128","狗狗的生活意見有限公司","新北市汐止區民族二街90之3號","0","解散","2022-01-01 02:44:53.657"
"83531911","頌喜商貿有限公司","高雄市三民區河北二路80號2樓之5","0","核准設立","2022-01-01 02:44:53.657"
"83564166","啵希實業有限公司","臺中市南屯區三義里黎明路二段698號1-2樓","0","核准設立","2022-01-01 02:44:53.657"
"83597981","韻羽股份有限公司","臺北市大安區復興南路1段76號10樓之3","2000000","核准設立","2022-01-01 02:44:53.657"
"83757656","汪沐有限公司","桃園市八德區福興里仁德一路19號","0","核准設立","2022-01-01 02:44:53.657"
"84459775","物之坊有限公司","臺北市內湖區民權東路6段304號1樓","0","解散","2022-01-01 02:44:53.657"
"85022146","藍月生活寵物有限公司","臺南市北區成功里北安路一段92號2樓","0","核准設立","2022-01-01 02:44:53.657"
"85035199","台灣皇爵貿易股份有限公司","高雄市楠梓區藍昌路421號2樓","10000000","核准設立","2022-01-01 02:44:53.657"
"85052915","維京聯合誠瑜有限公司","臺中市太平區新興路30號","0","核准設立","2022-01-01 02:44:53.657"
"85117430","朏朏有限公司","臺中市大甲區中山路一段908巷103號1樓、2樓","0","解散","2022-01-01 02:44:53.657"
"86532580","人人國際企業有限公司","宜蘭縣冬山鄉群英村冬山路三段三二四號","null","解散","2022-01-01 02:44:53.657"
"89345739","永興榮國際有限公司","宜蘭縣員山鄉蓁巷村深福路275號","0","核准設立","2022-01-01 02:44:53.657"
"89622163","金吉旺寵物有限公司","臺北市大安區基隆路2段104號","null","核准設立","2022-01-01 02:44:53.657"
"89633350","御業企業有限公司","臺北市士林區德行東路137號1樓","0","核准設立","2022-01-01 02:44:53.657"
"90441458","咪皇有限公司","臺北市內湖區文德路210巷30弄6號2樓之5","0","核准設立","2022-01-01 02:44:53.657"
"90467013","毛樂地寵物事業股份有限公司","臺北市中山區明水路672巷40號1樓","3000000","核准設立","2022-01-01 02:44:53.657"
"90494882","揚擡有限公司","臺中市北區進化北路430巷17弄3號","0","核准設立","2022-01-01 02:44:53.657"
"90497543","惠發寵物有限公司","新竹縣竹北市嘉豐一街33號","0","核准設立","2022-01-01 02:44:53.657"
"90574631","達詩股份有限公司","新北市三芝區土地公坑73之7號","100000","核准設立","2022-01-01 02:44:53.657"
"90687781","旺旺萌寵有限公司","臺中市南屯區永春路11之6號","0","核准設立","2022-01-01 02:44:53.657"
"90705991","甜甜寶貝樂園寵物貿易有限公司","新北市板橋區介壽街100號(1樓)","0","核准設立","2022-01-01 02:44:53.657"
"90789984","玖沁有限公司","桃園市中壢區公園路二段250號","0","核准設立","2022-01-01 02:44:53.657"
"91091660","吉米大叔有限公司","臺中市南屯區大業里大進街526號","0","核准設立","2022-01-01 02:44:53.657"
"91108780","玖號犬舍有限公司","臺中市霧峰區民生路454號","0","核准設立","2022-01-01 02:44:53.657"
"91116445","榛豪企業有限公司","臺南市東區德高里4鄰仁和路139巷44號1樓","0","核准設立","2022-01-01 02:44:53.657"
