﻿"統一編號","公司名稱","負責人","公司地址","實收資本額","公司狀態","產製日期"
"00751121","大洋冷凍股份有限公司","焦O聯","臺北市中山區朱崙街15號","20000000","核准設立","2022-01-01 03:30:51.377"
"01180260","巨煥興業股份有限公司","","臺北市中山區南京東路2段125號8樓之1","5000000","廢止","2022-01-01 03:30:51.377"
"01515890","合鴻冰品有限公司","丁O翔","新北市八里區觀海大道268號","0","核准設立","2022-01-01 03:30:51.377"
"02510346","大榮冷凍股份有限公司","焦O","臺北市中山區朱崙街15號","20000000","核准設立","2022-01-01 03:30:51.377"
"02512007","北都冷凍食品工業股份有限公司","黃O朋","基隆市中正區北寧路223號","28000000","核准設立","2022-01-01 03:30:51.377"
"02528802","建和冰凍股份有限公司","焦O聯","臺北市中山區朱崙街15號","12000000","核准設立","2022-01-01 03:30:51.377"
"04570538","全德冷凍廠股份有限公司","吳O勇","臺北市萬華區艋舺大道91號","5000000","核准設立","2022-01-01 03:30:51.377"
"07247204","協裕冷凍股份有限公司","朱O潔","新北市新莊區新北大道3段5號15樓之1","14000000","核准設立","2022-01-01 03:30:51.377"
"11511090","皇冠金屬工業股份有限公司","林O蓓","臺北市中山區復興南路1段2號8樓之1","109200000","核准設立","2022-01-01 03:30:51.377"
"12143340","雙葉食品股份有限公司","陳O玉蘭","桃園市龜山區大華里頂湖路10號","218000000","核准設立","2022-01-01 03:30:51.377"
"12615713","明鈺有限公司","黃O鈺","宜蘭縣冬山鄉順安村鹿安路宏慶巷52號","0","核准設立","2022-01-01 03:30:51.377"
"12624712","漁港製冰有限公司","","高雄市梓官區漁港一路九七號、漁港二路七○號","null","解散","2022-01-01 03:30:51.377"
"12630278","源祥興農產冷藏有限公司","劉O蓉","桃園市平鎮區雙連里2鄰雙福路一段160號1樓","0","核准設立","2022-01-01 03:30:51.377"
"12723430","長興冷凍倉儲股份有限公司","","新北市五股區五權三路一三號","5000000","廢止","2022-01-01 03:30:51.377"
"12752764","富霆企業有限公司","","屏東縣屏東市橋南里工業一路一○號","null","解散","2022-01-01 03:30:51.377"
"12917436","飛揚國際海洋漁業股份有限公司","","屏東縣東港鎮新勝里新勝街四九之一號","4000000","廢止","2022-01-01 03:30:51.377"
"12973318","全球整合國際網路有限公司","","新北市板橋區漢生東路173號2樓之1","0","解散","2022-01-01 03:30:51.377"
"13006288","鑫馥陞食品有限公司","王O順","桃園市中壢區正義里新興北街1巷27號","null","核准設立","2022-01-01 03:30:51.377"
"13116573","元來水產股份有限公司","","新北市新莊區中興街61之1號","1000000","廢止","2022-01-01 03:30:51.377"
"13151487","春滿冷凍股份有限公司","","高雄市前鎮區后安路119號1樓","1000000","解散","2022-01-01 03:30:51.377"
"13160155","海洋國際餐飲股份有限公司","歐O浤","高雄市苓雅區武營路693號5樓之1","5000000","核准設立","2022-01-01 03:30:51.377"
"15009802","百市科技有限公司","","新北市板橋區文翠里民治街8巷15之3號4樓","null","解散","2022-01-01 03:30:51.377"
"15023804","大信冷凍廠有限公司","林O鎮","臺北市萬華區西園路1段1、3、5號","0","核准設立","2022-01-01 03:30:51.377"
"15029912","大森冷凍廠有限公司","林O鎮","臺北市萬華區雙園街152巷1號","0","核准設立","2022-01-01 03:30:51.377"
"16197922","魚寶冷凍食品股份有限公司","陳O忠","宜蘭縣五結鄉成興村五濱路一段62號","29000000","核准設立","2022-01-01 03:30:51.377"
"16254660","久泰興業股份有限公司","林O成","宜蘭縣礁溪鄉玉光村瑪僯路26-1號","14000000","核准設立","2022-01-01 03:30:51.377"
"16410676","美良昌有限公司","","嘉義縣布袋鎮東港里埔仔厝二二四之七號","0","解散","2022-01-01 03:30:51.377"
"16413359","金富程冷凍食品股份有限公司","","雲林縣大埤鄉嘉興村豐田路八號","11600000","解散","2022-01-01 03:30:51.377"
"16492683","舟洋冷凍水產有限公司","","宜蘭縣五結鄉協和村協和路全祥新村南一巷三八號一樓","null","解散","2022-01-01 03:30:51.377"
"16502063","緯菱國際有限公司","黃O龍","宜蘭縣員山鄉湖西村二湖路37號","0","核准設立，但已命令解散","2022-01-01 03:30:51.377"
"16506244","巨領企業有限公司","邱O菊枝","屏東縣屏東市橋南里工業路21號","0","核准設立","2022-01-01 03:30:51.377"
"16513842","嘉祥有限公司","","新北市三重區光復路一段六一巷二五弄四號一樓","null","廢止","2022-01-01 03:30:51.377"
"16524897","吉興企業股份有限公司","鄭O添","桃園市蘆竹區海山路34號1樓","5000000","核准設立","2022-01-01 03:30:51.377"
"16565926","義和冷凍有限公司","王O州","雲林縣西螺鎮福田里社口６８之４６號","null","核准設立","2022-01-01 03:30:51.377"
"16688321","台全珍豬工業股份有限公司","林O林","雲林縣麥寮鄉麥豐村西濱路2段10之8號","28000000","核准設立","2022-01-01 03:30:51.377"
"16722989","東揚食品有限公司","","嘉義縣朴子市朴子工業區橫一街2號","0","廢止","2022-01-01 03:30:51.377"
"16858681","福順冷凍股份有限公司","林O明","宜蘭縣五結鄉福興村光榮北路27號1樓","20000000","核准設立","2022-01-01 03:30:51.377"
"16880229","輝智製冰有限公司","邱O傑","臺中市大雅區二和里雅潭路四段402號1樓","0","核准設立","2022-01-01 03:30:51.377"
"16888278","良盛食品有限公司","","高雄市燕巢區安招里安林二街三八號","null","解散","2022-01-01 03:30:51.377"
"16917680","中翔有限公司","","臺中市大里區大元里國中路252號","null","解散","2022-01-01 03:30:51.377"
"16990479","福懋冷凍股份有限公司","陳O魁","臺中市南區五權南路334巷22弄2號","1000000","核准設立","2022-01-01 03:30:51.377"
"18868215","桂冠實業股份有限公司","王O倫","臺北市中正區羅斯福路3段126號1樓","883000000","核准設立","2022-01-01 03:30:51.377"
"22258051","富岳冷凍食品廠股份有限公司","宋O明","高雄市前鎮區興漁四路7號","29000000","核准設立","2022-01-01 03:30:51.377"
"22298342","富勝製冰股份有限公司","陳O富","屏東縣佳冬鄉六根村佳和路147號","5060000","核准設立","2022-01-01 03:30:51.377"
"22316735","西北製冰工業有限公司","陳O堅","澎湖縣馬公市光復里興港北街1號","0","核准設立","2022-01-01 03:30:51.377"
"22389173","青映食品冷凍股份有限公司","許O辰","新北市汐止區大同路1段358號","20000000","核准設立","2022-01-01 03:30:51.377"
"22472799","興工有限公司","許O鳳","新北市五股區五權三路13號","0","核准設立","2022-01-01 03:30:51.377"
"22580158","大偉製冰有限公司","林O正","新北市五股區五工六路28號","null","核准設立","2022-01-01 03:30:51.377"
"22702265","明淇食品股份有限公司","","臺中市北屯區松安街178號1樓","80880000","解散","2022-01-01 03:30:51.377"
"22916914","旭晟冷氣有限公司","曾O芳","新竹縣新豐鄉瑞興村崁頭7-3號","null","核准設立","2022-01-01 03:30:51.377"
"22929100","宏進食品股份有限公司","","彰化縣福興鄉麥厝村出水街六二之一號","16000000","解散","2022-01-01 03:30:51.377"
"22970986","山海冷凍廠股份有限公司","楊O暉","臺南市仁德區保安里保安路一段108號","44995000","核准設立","2022-01-01 03:30:51.377"
"23093331","仕頌有限公司","賴O蘭","新北市中和區德光路48號","0","核准設立","2022-01-01 03:30:51.377"
"23093917","隨勝冷凍有限公司","顏O雄","臺中市西屯區大河里4鄰大河街77號1樓","0","核准設立","2022-01-01 03:30:51.377"
"23166050","華運倉儲實業股份有限公司","張O江","高雄市前鎮區建基街1號","660287790","核准設立","2022-01-01 03:30:51.377"
"23348931","協川冷凍食品有限公司","吳O滿","高雄市大寮區昭明里鳳林一路34巷48之4號1樓","0","核准設立","2022-01-01 03:30:51.377"
"23641978","裕國冷凍冷藏股份有限公司","楊O偉","臺中市西屯區協和里工業區二路3號","1194400000","核准設立","2022-01-01 03:30:51.377"
"23660799","富瑋企業有限公司","宋O明","高雄市前鎮區興漁四路5號","0","核准設立","2022-01-01 03:30:51.377"
"23750519","道昇國際股份有限公司","林O麗珠","臺北市文山區萬隆街45-10號1樓","5000000","核准設立","2022-01-01 03:30:51.377"
"23827854","快樂興業股份有限公司","","宜蘭縣羅東鎮信義里純精路四五八號一樓","25000000","廢止","2022-01-01 03:30:51.377"
"23967587","三憶食品股份有限公司","黃O鈴","新竹縣芎林鄉柯子林56之10號","29900000","核准設立","2022-01-01 03:30:51.377"
"24224310","義興製冰有限公司","李O全","桃園市龜山區大坑里南上路510號","0","核准設立","2022-01-01 03:30:51.377"
"24227885","珎嘗有限公司","劉O緁","新北市三重區三光街42號","0","核准設立","2022-01-01 03:30:51.377"
"24332492","隆通實業有限公司","","金門縣金沙鎮環島北路3段482號","null","廢止","2022-01-01 03:30:51.377"
"24388559","吉才有限公司","","澎湖縣白沙鄉赤崁漁港新村23號","null","解散","2022-01-01 03:30:51.377"
"24396544","利盈水產股份有限公司","施O娟","高雄市仁武區八德北路21巷25號","25000000","核准設立","2022-01-01 03:30:51.377"
"24411806","台灣天然有機有限公司","莊O純","新北市泰山區明志路3段44號1樓","null","核准設立","2022-01-01 03:30:51.377"
"24427498","潔心國際貿易有限公司","杜O潔","桃園市桃園區春日路14號（1樓）","0","核准設立","2022-01-01 03:30:51.377"
"24427954","手護神國際有限公司","","新北市中和區中山路2段380巷21號","0","解散","2022-01-01 03:30:51.377"
"24437664","福寶冷凍食品股份有限公司","林O福","宜蘭縣蘇澳鎮龍德里自強路19號","28000000","核准設立","2022-01-01 03:30:51.377"
"24439564","永健生物科技有限公司","蔡O瑋","嘉義市西區下埤里下埤路106巷11號1樓","0","核准設立","2022-01-01 03:30:51.377"
"24501692","喜得寶科技有限公司","李O昌","高雄市鳥松區美山路101之3號","0","核准設立","2022-01-01 03:30:51.377"
"24503832","帥龍生物科技有限公司","胡O伶","高雄市小港區漢威街178號4樓","0","核准設立","2022-01-01 03:30:51.377"
"24506015","海富冷凍食品股份有限公司","林O政","高雄市前鎮區漁港北一路11號","60000000","核准設立","2022-01-01 03:30:51.377"
"24516392","廣祈實業有限公司","林O緯","高雄市前鎮區漁港北三路22號5樓","0","核准設立","2022-01-01 03:30:51.377"
"24555232","和鉅國際股份有限公司","陳O瑛","臺北市中山區松江路261號7樓","50000000","核准設立","2022-01-01 03:30:51.377"
"24604331","福來實業有限公司","","新北市汐止區大安街56巷7弄13號","null","解散","2022-01-01 03:30:51.377"
"24649581","領仙生技股份有限公司","曾O祥","新竹市東區新莊街129巷70弄1號","8000000","核准設立","2022-01-01 03:30:51.377"
"24653487","澤洋製冰有限公司","陳O如","臺中市大肚區永和里永和街1-5號","0","核准設立","2022-01-01 03:30:51.377"
"24662697","東芳企業有限公司","","高雄市仁武區鳳仁路3號","0","廢止","2022-01-01 03:30:51.377"
"24677214","歐帝科技有限公司","","高雄市鳳山區力行路168號","0","解散","2022-01-01 03:30:51.377"
"24686396","京澄國際餐飲有限公司","","高雄市前鎮區新光路21號36樓之2","0","解散","2022-01-01 03:30:51.377"
"24691481","臺灣吉品臻貿易有限公司","吳O鳳","新北市新莊區化成路364巷3號","0","核准設立","2022-01-01 03:30:51.377"
"24704731","協泰國際貿易有限公司","","新北市泰山區新北大道7段95巷8號","null","解散","2022-01-01 03:30:51.377"
"24712958","威駐製冰有限公司","","新北市泰山區新北大道7段95巷3號","0","廢止","2022-01-01 03:30:51.377"
"24722533","大水魚水產有限公司","","臺北市中山區錦州街46號9樓之5","0","解散","2022-01-01 03:30:51.377"
"24723239","億利興股份有限公司","陳O娟","新北市五股區五權八路2號","5000000","核准設立","2022-01-01 03:30:51.377"
"24724841","翔祐冷凍食品有限公司","","新北市樹林區八德街276號","0","解散","2022-01-01 03:30:51.377"
"24725927","環創國際股份有限公司","劉O清","臺北市中山區松江路261號8樓","30000000","核准設立","2022-01-01 03:30:51.377"
"24731385","兆發開發國際實業有限公司","","新北市汐止區翠峰街2巷11弄4號","null","解散","2022-01-01 03:30:51.377"
"24732878","阜山國際股份有限公司","","新北市板橋區大同街43號4樓","20000000","解散","2022-01-01 03:30:51.377"
"24758953","仙鶴生技有限公司","","臺北市信義區吳興街284巷9弄8號","0","廢止","2022-01-01 03:30:51.377"
"24781737","墣禹科技有限公司","","臺北市南港區舊莊街1段3巷30號2樓之5","null","解散","2022-01-01 03:30:51.377"
"24802705","富崐冷凍倉儲股份有限公司","曾O耀","臺中市南屯區工業區二十路39之1號2樓","508620000","核准設立","2022-01-01 03:30:51.377"
"24831960","五更物產有限公司","","臺中市大里區塗城路33巷7號","null","解散","2022-01-01 03:30:51.377"
"24832433","穀豐企業有限公司","姚O豐","臺中市南區福平里復興路三段21號1樓","null","核准設立","2022-01-01 03:30:51.377"
"24839843","申騰國際有限公司","李O玲","臺中市太平區永樂街9號","0","核准設立","2022-01-01 03:30:51.377"
"24862225","禾發氣體有限公司","","屏東縣崁頂鄉崁頂村中興路18之8號","0","解散","2022-01-01 03:30:51.377"
"24864764","辰立海產有限公司","","基隆市暖暖區源遠路292巷115號","0","解散","2022-01-01 03:30:51.377"
"24867636","盛品鑫有限公司","羅O滋","臺中市太平區中山路四段133巷13號2樓","0","核准設立","2022-01-01 03:30:51.377"
"24885563","木鋤造樸企業有限公司","賴O琳","屏東縣枋寮鄉人和村中正大路791號","0","核准設立","2022-01-01 03:30:51.377"
"24963146","創意無限室內裝修設計有限公司","","基隆市中正區中船路102-1號5樓","0","廢止","2022-01-01 03:30:51.377"
"24984326","冰點企業有限公司","王O銘","高雄市小港區東林路12之3號1樓","null","核准設立","2022-01-01 03:30:51.377"
"24993394","品冠冷凍企業有限公司","陳O全","高雄市前鎮區新都路9號","0","核准設立","2022-01-01 03:30:51.377"
"25005869","友聖科技有限公司","吳O瑔","新北市中和區中正路500號2樓","0","核准設立","2022-01-01 03:30:51.377"
"25013426","隆銳有限公司","鄭O華","新北市林口區竹林路5之1號3樓","0","核准設立","2022-01-01 03:30:51.377"
"25027625","龍城發企業股份有限公司","廖O森","桃園市龍潭區黃唐里龍安二街34號1樓","2500000","核准設立","2022-01-01 03:30:51.377"
"25155085","易泓科技有限公司","陳O廷","臺中市北區明德里太原四街16號","null","核准設立","2022-01-01 03:30:51.377"
"25167462","亞秦有限公司","蕭O昌","嘉義縣布袋鎮振寮里22鄰後壁寮1之2號","0","核准設立","2022-01-01 03:30:51.377"
"25170207","冰之島食品有限公司","蔣O薐","臺中市大里區大元里國中一路72號1樓","0","核准設立","2022-01-01 03:30:51.377"
"25171851","東靚規劃設計有限公司","林O煌","花蓮縣吉安鄉北昌村中央路三段554號1樓","null","核准設立","2022-01-01 03:30:51.377"
"25195832","展峰貿易有限公司","","基隆市中正區中正路36號1樓","null","解散","2022-01-01 03:30:51.377"
"25198205","准境工程有限公司","葉O辰","桃園市新屋區下田里中山西路二段1181巷6弄2號","0","核准設立","2022-01-01 03:30:51.377"
"27215291","佑太丰企業有限公司","","高雄市前鎮區鎮賢街1號","null","解散","2022-01-01 03:30:51.377"
"27262977","金富勝食品股份有限公司","","宜蘭縣蘇澳鎮南安里南安路22號1樓","8100000","解散","2022-01-01 03:30:51.377"
"27309109","將軍港製冰冷凍廠股份有限公司","洪O漳","臺南市將軍區平沙里平沙161號","28800000","核准設立","2022-01-01 03:30:51.377"
"27407657","泳士國際有限公司","","新北市永和區國中路一○四巷二弄一二號","null","廢止","2022-01-01 03:30:51.377"
"27445245","富士山食品股份有限公司","","臺中市西屯區大河里福上巷一九七弄九號","1000000","解散","2022-01-01 03:30:51.377"
"27474851","三順冷凍有限公司","胡O強","新北市板橋區干城路159號","0","核准設立","2022-01-01 03:30:51.377"
"27539593","富村食品冷凍股份有限公司","曾O龍","新北市中和區建康路256號","309140000","核准設立","2022-01-01 03:30:51.377"
"27617680","固碩實業有限公司","阿O那諾．耶那嵐","新竹縣竹東鎮忠孝里長春路3段157號4樓","0","核准設立","2022-01-01 03:30:51.377"
"27618724","湛之泉實業有限公司","林O川","臺東縣臺東市中心里新生路550號1樓","0","核准設立","2022-01-01 03:30:51.377"
"27684250","台灣米鶴國際企業有限公司","","高雄市三民區河北二路８０號４樓之１","null","解散","2022-01-01 03:30:51.377"
"27717772","大志明曲有限公司","姜O芳","臺北市松山區八德路3段74巷13弄2號2樓","0","核准設立","2022-01-01 03:30:51.377"
"27828854","東富食品有限公司","","嘉義縣民雄鄉北斗村北勢仔２０之１０號","null","解散","2022-01-01 03:30:51.377"
"27841913","冠海製冰冷凍股份有限公司","陳O興","高雄市茄萣區大發路103號1樓","5000000","核准設立","2022-01-01 03:30:51.377"
"27914062","元富國際實業股份有限公司","","新北市中和區板南路496－2號","3000000","解散","2022-01-01 03:30:51.377"
"27988710","豪愷有限公司","","臺北市松山區八德路3段106巷48號","0","解散","2022-01-01 03:30:51.377"
"28093227","迅億企業有限公司","謝O穎","新北市樹林區太元街5號9樓之3","0","核准設立","2022-01-01 03:30:51.377"
"28308389","晨荃企業有限公司","宋O潔","高雄市前鎮區廣西路405號4樓","0","核准設立","2022-01-01 03:30:51.377"
"28342909","飛馬士企業有限公司","彭O忠","新北市永和區保福路2段50號1樓","null","核准設立","2022-01-01 03:30:51.377"
"28352103","振芳冷凍食品股份有限公司","邱O天","屏東縣屏東市和興里忠孝路250號","110000000","核准設立","2022-01-01 03:30:51.377"
"28365901","峘薏企業股份有限公司","蔣O鈺","新北市板橋區南雅南路一段4巷12號5樓","6000000","核准設立","2022-01-01 03:30:51.377"
"28368512","皇冠冷凍股份有限公司","林O洋","宜蘭縣冬山鄉永美村鹿安路50號","88800000","核准設立","2022-01-01 03:30:51.377"
"28542131","匯豐銀聯國際股份有限公司","沈O莛","新北市樹林區俊英街207號12樓之2","150000000","核准設立","2022-01-01 03:30:51.377"
"28558175","富俐得企業有限公司","","新北市中和區連勝街38巷12-1號","null","解散","2022-01-01 03:30:51.377"
"28563732","泰榮極有限公司","吳O佑","桃園市桃園區健行路47號","0","核准設立","2022-01-01 03:30:51.377"
"28579045","富士山冰品有限公司","黃O哲","臺中市南區樹義里福田三街287號1樓","0","核准設立","2022-01-01 03:30:51.377"
"28594329","鴻興製酒股份有限公司","陳O吉","高雄市林園區中門路339巷26弄17號","3000000","核准設立","2022-01-01 03:30:51.377"
"28601715","馬林漁國際貿易有限公司","蔡O昌","高雄市仁武區八德中路190號","0","核准設立","2022-01-01 03:30:51.377"
"28640457","名銓建設股份有限公司","陳O榮","新竹市北大路340號3樓","200100000","核准設立","2022-01-01 03:30:51.377"
"28640652","鍀灃有限公司","楊O淳","新北市新莊區中原東路22號","0","核准設立","2022-01-01 03:30:51.377"
"28650095","明堯冷凍食品股份有限公司","俞O玉","宜蘭縣蘇澳鎮大圳路120號","6000000","核准設立","2022-01-01 03:30:51.377"
"28670228","普庭科技有限公司","","基隆市中山區安民里中山一路35巷8號1樓","null","解散","2022-01-01 03:30:51.377"
"28773147","後龍光電有限公司","熊O玲","苗栗縣後龍鎮車站街128-14號","0","核准設立","2022-01-01 03:30:51.377"
"28862464","熊屋實業有限公司","張O宏","新北市三重區光明路13巷22號1樓","null","核准設立","2022-01-01 03:30:51.377"
"28865693","環球可頌企業有限公司","鄭O群","臺北市文山區下崙路11巷31號地下之3","0","核准設立","2022-01-01 03:30:51.377"
"28892381","墾丁龍潭休閒農場股份有限公司","董O弼","屏東縣恆春鎮山腳里恆南路1號","80000000","核准設立","2022-01-01 03:30:51.377"
"28937423","威霖淨水科技有限公司","游O林","桃園市大溪區仁文里介壽路975號1樓","0","核准設立","2022-01-01 03:30:51.377"
"29003239","米豆食尚有限公司","","高雄市苓雅區中正二路56巷33弄8號1樓","0","解散","2022-01-01 03:30:51.377"
"29006411","宸浩企業股份有限公司","林O村","高雄市前鎮區興漁四路1號","100000000","核准設立","2022-01-01 03:30:51.377"
"29007848","豪順企業有限公司","王O福","高雄市三民區自強一路246巷24號1樓","0","核准設立","2022-01-01 03:30:51.377"
"29019555","允盛冷凍食品股份有限公司","","高雄市前鎮區北江街27號","5000000","解散","2022-01-01 03:30:51.377"
"29027605","澎興海產有限公司","陳O成","高雄市前鎮區興漁四路3號","0","核准設立","2022-01-01 03:30:51.377"
"29039089","淶淶生物科技有限公司","葉O愷","臺北市萬華區長順街44號1樓","0","核准設立","2022-01-01 03:30:51.377"
"29059319","京都同仁堂國際有限公司","聶O成","花蓮縣吉安鄉光華村華工六路72巷106號","0","核准設立","2022-01-01 03:30:51.377"
"29154518","冠豪水產生技有限公司","李O倫","臺南市學甲區華宗路87號","0","核准設立","2022-01-01 03:30:51.377"
"29155951","鼎軒製冰有限公司","","新北市三重區中興北街108號","null","解散","2022-01-01 03:30:51.377"
"31264218","郭元益食品股份有限公司","陳O秀","臺北市士林區文林路546號1樓","292276100","核准設立","2022-01-01 03:30:51.377"
"31304605","錫安實業有限公司","田O如","臺北市北投區東華街1段360號5樓","null","核准設立","2022-01-01 03:30:51.377"
"33115502","艾德蒙海外股份有限公司","李O雄","新北市中和區中正路716號12樓之3","577506450","核准設立","2022-01-01 03:30:51.377"
"35346401","國友工業股份有限公司","曹O源","新北市三重區五谷王南街24號","90000000","核准設立","2022-01-01 03:30:51.377"
"36033103","潢運實業有限公司","","新北市三重區中興北街23巷2號","0","廢止","2022-01-01 03:30:51.377"
"36047394","東裕冷凍股份有限公司","李O仁","新北市三重區光華路20號","16000000","核准設立","2022-01-01 03:30:51.377"
"36181363","億源食品冷凍股份有限公司","張O顯","新北市三重區光復路1段130巷21號","12600000","核准設立","2022-01-01 03:30:51.377"
"36234468","德燁企業股份有限公司","詹O燁","新北市三重區光復路1段61巷9號","20000000","核准設立","2022-01-01 03:30:51.377"
"40671594","宜美食品冷凍股份有限公司","吳O燦","宜蘭縣宜蘭市新生里13鄰中山路5段256號","1000000","核准設立","2022-01-01 03:30:51.377"
"41679308","金勝水產股份有限公司","曾O珍","宜蘭縣蘇澳鎮南寧里東勝路5號","5500000","核准設立","2022-01-01 03:30:51.377"
"41775512","惠眾冷凍廠股份有限公司","林O福","宜蘭縣蘇澳鎮南安里海邊路38號","12680000","核准設立","2022-01-01 03:30:51.377"
"41800625","海陸食品冷凍股份有限公司","郭O芳","宜蘭縣蘇澳鎮聖湖里聖愛路28號","12000000","核准設立","2022-01-01 03:30:51.377"
"42100728","隆育企業有限公司","林O福","宜蘭縣冬山鄉梅花路500巷200弄154號","null","核准設立","2022-01-01 03:30:51.377"
"42566387","弘運製冰有限公司","徐O宏","南投縣集集鎮富山里犂頭巷20號","0","核准設立","2022-01-01 03:30:51.377"
"42569342","神農氏開發股份有限公司","吳O琳","桃園市桃園區博愛路6號1樓","10000000","核准設立","2022-01-01 03:30:51.377"
"42571115","東洲冷凍股份有限公司","","雲林縣斗南鎮公論路8號","10000000","廢止","2022-01-01 03:30:51.377"
"42578031","阿米巴國際股份有限公司","","桃園市新屋區下田里中山西路二段1181巷6弄2號3樓","800000","解散","2022-01-01 03:30:51.377"
"42600667","東寶低溫倉儲股份有限公司","呂O熙","宜蘭縣羅東鎮大新里民生東路26號1樓","29000000","核准設立","2022-01-01 03:30:51.377"
"42621760","保庇有限公司","","臺北市大安區基隆路2段140號5樓","0","解散","2022-01-01 03:30:51.377"
"42625415","亞美國際淨水科技股份有限公司","","臺北市松山區松河街180之1號5樓","1000000","解散","2022-01-01 03:30:51.377"
"42632295","方宇股份有限公司","黃O","臺北市士林區延平北路6段477號3樓","1000000","核准設立","2022-01-01 03:30:51.377"
"42678290","欣品企業股份有限公司","周O文","臺中市西屯區潮洋里市政北二路282號8樓之8","10000000","核准設立","2022-01-01 03:30:51.377"
"42710566","晶鈺食品股份有限公司","陳O宇","新北市新莊區新北大道2段312號5樓","64800000","核准設立","2022-01-01 03:30:51.377"
"42712277","銀寶實業有限公司","陳O","新北市三芝區淡金路2段83之1號","0","核准設立","2022-01-01 03:30:51.377"
"42717717","全國有限公司","張O維","新北市樹林區光興街294號","0","核准設立","2022-01-01 03:30:51.377"
"42727638","漢鼎食品有限公司","閻O麟","新北市三重區中正北路428巷10號(1樓)","0","核准設立，但已命令解散","2022-01-01 03:30:51.377"
"42733250","為晟股份有限公司","張O綺","新北市樹林區學勤路356號17樓","2500000","核准設立","2022-01-01 03:30:51.377"
"42759716","鑫宏國有限公司","游O滿","高雄市仁武區文學一街126號","0","核准設立","2022-01-01 03:30:51.377"
"42761614","天下國際事業有限公司","黃O嫻","桃園市平鎮區北勢里金陵路110號1樓","null","核准設立","2022-01-01 03:30:51.377"
"42762867","石松冷凍食品有限公司","黃O梅","桃園市龍潭區中興里中興路392巷42號1樓","0","核准設立","2022-01-01 03:30:51.377"
"42766701","翰錡海產有限公司","葉O妤","基隆市中山區中華路167巷15號1樓","0","核准設立","2022-01-01 03:30:51.377"
"42814703","玉豐冰城企業有限公司","蔡O庭","高雄市大樹區九曲路5巷48號","0","核准設立","2022-01-01 03:30:51.377"
"42816097","大海生物科技有限公司","黃O銘","高雄市前鎮區中華五路991巷5號12樓之3","0","核准設立","2022-01-01 03:30:51.377"
"42833862","天翔印刷科技實業有限公司","龍O權","臺北市北投區致遠一路1段37號4樓","0","核准設立","2022-01-01 03:30:51.377"
"42862845","皇贊股份有限公司","胡O源","臺北市文山區萬芳路60之10號1樓","8100000","核准設立","2022-01-01 03:30:51.377"
"42920562","宸洋生物科技有限公司","黃O宜","臺南市安南區安和路一段123巷50號1樓","0","核准設立","2022-01-01 03:30:51.377"
"42930935","富麗可國際休閒事業有限公司","","臺南市中西區府前一街109巷12號1樓","0","解散","2022-01-01 03:30:51.377"
"42983117","禾加力有限公司","陳O婉","連江縣南竿鄉清水村133號","0","核准設立","2022-01-01 03:30:51.377"
"42991806","享冰股份有限公司","許O鈴","臺北市中山區錦州街409號1樓","2000000","核准設立","2022-01-01 03:30:51.377"
"42994563","國度實業有限公司","廖O毅","新北市新店區溪園路391號2樓","0","核准設立","2022-01-01 03:30:51.377"
"42997098","怡建股份有限公司","蔡O琴","臺北市信義區基隆路1段155號7樓","205200000","核准設立","2022-01-01 03:30:51.377"
"43280213","冰逗國際股份有限公司","宋O儀","臺北市松山區南京東路5段239號4樓之17","6000000","核准設立","2022-01-01 03:30:51.377"
"43319809","曉潤國際實業有限公司","","臺北市中山區長安東路2段6之1號4樓","0","解散","2022-01-01 03:30:51.377"
"43801142","福德冷凍企業股份有限公司","林O明","桃園市桃園區汴洲里春日路1148號","11000000","核准設立","2022-01-01 03:30:51.377"
"45099463","海仕水產冷凍加工有限公司","陳O宏","屏東縣佳冬鄉塭豐村豐漁路41巷130-6號","0","核准設立","2022-01-01 03:30:51.377"
"45113205","妙銘生技有限公司","江O銘","苗栗縣苗栗市新英里13鄰天祥92號1樓","0","核准設立","2022-01-01 03:30:51.377"
"45120682","冰點冷凍食品有限公司","陳O華","桃園市蘆竹區海山東街13巷2號","null","核准設立","2022-01-01 03:30:51.377"
"45128468","世界第一有限公司","施O元","嘉義市西區磚磘里大華路81號1樓","null","核准設立","2022-01-01 03:30:51.377"
"45131251","大安有限公司","顏O猷","高雄市三民區天津街210號2樓","0","核准設立","2022-01-01 03:30:51.377"
"45131463","長潤水產食品有限公司","歐O花","高雄市三民區光武路94號2樓","0","核准設立","2022-01-01 03:30:51.377"
"45148865","優捷國際企業有限公司","張O瑩","臺中市龍井區舊車路3巷17號","0","核准設立","2022-01-01 03:30:51.377"
"46014105","好果食有限公司","徐O里","新北市三重區仁愛街245巷30號","null","核准設立","2022-01-01 03:30:51.377"
"46197619","協和冷凍廠股份有限公司","楊O宗","新竹市城北街117號","10000000","核准設立","2022-01-01 03:30:51.377"
"46589805","時光工坊國際有限公司","許O牡丹","新北市三峽區安坑41之10號","null","核准設立","2022-01-01 03:30:51.377"
"46607108","嘉新產業股份有限公司","鄭O鼎","新竹市東區榮光里東門街79號","2000000","核准設立","2022-01-01 03:30:51.377"
"47085681","全國氣體有限公司","張O維","新北市樹林區光興街294號","0","核准設立","2022-01-01 03:30:51.377"
"50770088","翼展國際有限公司","范O昊","新北市三重區重新路1段84號(4樓)","0","核准設立","2022-01-01 03:30:51.377"
"50778645","和陽國際企業有限公司","涂O豪","新北市板橋區板南路498號7樓之3","0","核准設立","2022-01-01 03:30:51.377"
"50788989","蕾晞有限公司","楊O喬","臺北市大安區忠孝東路3段217巷4弄7號1樓","0","核准設立","2022-01-01 03:30:51.377"
"50796278","花鬍子國際有限公司","吳O仰","臺北市松山區撫遠街401巷15號2樓","0","核准設立","2022-01-01 03:30:51.377"
"50796550","誥宸股份有限公司","徐O寧","臺北市大安區忠孝東路4段169號12樓之1","1400000","核准設立","2022-01-01 03:30:51.377"
"50800105","愛麗鏵有限公司","林O貞","高雄市左營區富民路435號9樓之10","0","核准設立","2022-01-01 03:30:51.377"
"50806585","競新企業有限公司","洪O添","高雄市大寮區鳳林三路105巷24弄11之3號","0","核准設立","2022-01-01 03:30:51.377"
"50848467","大煮廚食品有限公司","王O大","新北市新莊區中正路558之12號","0","核准設立","2022-01-01 03:30:51.377"
"50854050","羱蒝生技實業有限公司","謝O平","新北市林口區文化三路2段306號15樓之3","0","核准設立","2022-01-01 03:30:51.377"
"50855179","龍騰國際食品有限公司","林O緯","新北市鶯歌區中山路143號","0","核准設立","2022-01-01 03:30:51.377"
"50881492","文夢國際有限公司","魏O安","臺北市文山區景文街42號3樓","0","核准設立","2022-01-01 03:30:51.377"
"50973422","皇采餐飲股份有限公司","連O華","新北市永和區中山路1段9號及11號(1樓)","6000000","核准設立","2022-01-01 03:30:51.377"
"50984960","沂鴻國際貿易股份有限公司","","新北市土城區民族路6巷4號","501000","解散","2022-01-01 03:30:51.377"
"52385717","德昌製冰有限公司","林O玉","臺中市潭子區家福里大通街76巷6號1樓","0","核准設立","2022-01-01 03:30:51.377"
"52469906","幸運星行銷有限公司","楊O衛","臺北市士林區天母西路3號10樓之14","0","核准設立","2022-01-01 03:30:51.377"
"52526435","禾康國際食品有限公司","魏O軒","高雄市梓官區大舍東路300巷39號","0","核准設立","2022-01-01 03:30:51.377"
"52572676","富貴旺實業有限公司","蔡O翔","臺北市大安區復興南路1段253巷8號1樓","0","核准設立","2022-01-01 03:30:51.377"
"52659080","禾旭實業有限公司","粘O緁","臺北市中山區松江路273號1樓","0","核准設立","2022-01-01 03:30:51.377"
"53031827","新合發冷凍食品股份有限公司","劉O川","宜蘭縣五結鄉成興村利工二路79號","110000000","核准設立","2022-01-01 03:30:51.377"
"53046568","躍晨實業有限公司","莊O存","宜蘭縣頭城鎮青雲路二段267巷48號","0","核准設立","2022-01-01 03:30:51.377"
"53055144","中仁醫用氣體股份有限公司","魏O霖","屏東縣潮州鎮興美里興美路61之15號","12000000","核准設立","2022-01-01 03:30:51.377"
"53061981","酉堂食品有限公司","","彰化縣二林鎮豐田里南安路56號1樓","null","解散","2022-01-01 03:30:51.377"
"53065522","廣榮貿易有限公司","于O","臺中市北區雙十路二段181號","0","核准設立","2022-01-01 03:30:51.377"
"53065699","道祥有限公司","許O閔","花蓮縣花蓮市主農里中正路73號","0","核准設立","2022-01-01 03:30:51.377"
"53067612","太原冷凍食品有限公司","","臺中市烏日區螺潭里13鄰溪南路2段248巷105號","null","解散","2022-01-01 03:30:51.377"
"53073608","信允冷凍有限公司","","高雄市永安區維新里保安路6巷129號1樓","null","解散","2022-01-01 03:30:51.377"
"53089664","昊鼎股份有限公司","葉O偉","新竹縣新豐鄉福興村7鄰圓山子116-2號五樓","5000000","核准設立","2022-01-01 03:30:51.377"
"53115419","元鯕股份有限公司","葉O愷","臺北市萬華區長順街44號","73000000","核准設立","2022-01-01 03:30:51.377"
"53177646","晉達食品有限公司","李O樹","雲林縣元長鄉山內村安務75號","0","核准設立","2022-01-01 03:30:51.377"
"53181711","友益興業有限公司","陳O仁","新北市三重區三和路3段151巷23號3樓","null","核准設立","2022-01-01 03:30:51.377"
"53192386","尚洋製冰有限公司","","新北市五股區登林路貿商巷5弄17號","null","解散","2022-01-01 03:30:51.377"
"53225128","多樂食品有限公司","","新北市新店區安民街224號2樓","null","解散","2022-01-01 03:30:51.377"
"53232520","義達聯合租車有限公司","林O樟","高雄市苓雅區凱旋三路579號1樓","0","核准設立","2022-01-01 03:30:51.377"
"53235961","蕙如企管顧問有限公司","","高雄市苓雅區四維四路5號7樓之1","null","解散","2022-01-01 03:30:51.377"
"53250646","龍達海產有限公司","","高雄市前鎮區興漁4路3號","null","解散","2022-01-01 03:30:51.377"
"53259908","世豐冷凍食品有限公司","賴O遠","宜蘭縣冬山鄉大興村龍祥十路37、39號","null","核准設立","2022-01-01 03:30:51.377"
"53261192","美食家大成金牌股份有限公司","黃O婷","高雄市楠梓區新昌街66號1樓","2000000","核准設立","2022-01-01 03:30:51.377"
"53372606","基發氣體有限公司","魏O民","屏東縣潮州鎮興美里興美路32號","0","核准設立","2022-01-01 03:30:51.377"
"53492742","臻郝鑽有限公司","歐O","臺南市佳里區民安里同安寮71-3號1樓","0","核准設立","2022-01-01 03:30:51.377"
"53499111","隨富冷凍股份有限公司","","臺中市西屯區協和里工業區一路102號","50000000","解散","2022-01-01 03:30:51.377"
"53524300","旋轉木馬食品有限公司","李O珍","臺北市中山區明水路672巷46號","null","核准設立","2022-01-01 03:30:51.377"
"53534264","名坊創意有限公司","梁O識","臺北市萬華區開封街2段32號6樓","0","核准設立","2022-01-01 03:30:51.377"
"53539269","立雨有限公司","","臺北市中正區忠孝東路1段152號9樓之4","null","解散","2022-01-01 03:30:51.377"
"53578754","統成食品股份有限公司","林O乎","高雄市楠梓區新昌街66號1樓","500000","核准設立","2022-01-01 03:30:51.377"
"53602157","元淳農產有限公司","蘇O元","屏東縣鹽埔鄉鹽中村新埔路258號","0","核准設立","2022-01-01 03:30:51.377"
"53609525","勁香食品有限公司","潘O欽","臺南市南區佛壇里灣裡路660號1樓","0","核准設立","2022-01-01 03:30:51.377"
"53641356","鉦峰環保科技有限公司","許O鈺","臺東縣臺東市南王里更生北路559巷40號1樓","null","核准設立","2022-01-01 03:30:51.377"
"53673167","伯仲有限公司","朱O剛","連江縣南竿鄉清水村20號","0","核准設立","2022-01-01 03:30:51.377"
"53692777","英億華企業有限公司","","新北市板橋區長安街261巷25號4樓","null","解散","2022-01-01 03:30:51.377"
"53695009","亞昌興業有限公司","簡O峻","臺北市北投區北投路2段9號4樓","0","核准設立","2022-01-01 03:30:51.377"
"53768255","富貴屋有限公司","羅O倫","臺北市大安區復興南路1段253巷8號1樓","0","核准設立","2022-01-01 03:30:51.377"
"53791191","昂伯股份有限公司","","臺南市北區大道里和緯路一段46號1樓","5000000","解散","2022-01-01 03:30:51.377"
"53853724","金紅企業有限公司","賴O智","臺中市西屯區協和里安和路99之10號1樓","null","核准設立","2022-01-01 03:30:51.377"
"53855883","弘兆錦國際有限公司","","桃園市中壢區仁義里中園路57巷27號1樓","0","解散","2022-01-01 03:30:51.377"
"53901486","哿味生技有限公司","林O仁","高雄市仁武區仁安三巷7號","0","核准設立","2022-01-01 03:30:51.377"
"53909522","臺灣國寶事業有限公司","趙O山","新北市烏來區瀑布11號","0","核准設立","2022-01-01 03:30:51.377"
"53921770","好食在股份有限公司","王O旭","桃園市八德區榮興路130號","80000000","核准設立","2022-01-01 03:30:51.377"
"53933683","方原開發股份有限公司","黃O","臺北市士林區延平北路6段477號3樓","405000000","核准設立","2022-01-01 03:30:51.377"
"53965087","錦美環球股份有限公司","林O鼎","宜蘭縣蘇澳鎮南安里漁港路83號1樓","5500000","核准設立","2022-01-01 03:30:51.377"
"54004741","福聯食品有限公司","韓O男","新竹縣竹北市新社里新工三路80號","0","核准設立","2022-01-01 03:30:51.377"
"54012307","添水企業有限公司","","新北市板橋區南雅南路1段127號","null","解散","2022-01-01 03:30:51.377"
"54032227","采遠實業有限公司","吳O諭","臺中市南屯區大同里大墩路188號4樓","0","核准設立","2022-01-01 03:30:51.377"
"54036321","鳳蓬國際有限公司","黃O敏","新北市中和區中正路500號2樓","0","核准設立","2022-01-01 03:30:51.377"
"54040541","微笑有限公司","陳O","新北市三重區頂崁街206巷14號(2樓)","null","核准設立","2022-01-01 03:30:51.377"
"54052216","海鰻王股份有限公司","張O蓮","新北市八里區觀海大道166號","29000000","核准設立","2022-01-01 03:30:51.377"
"54108099","若水生活事業股份有限公司","陳O宏","臺中市北區北屯路18號15樓之4","100000","核准設立","2022-01-01 03:30:51.377"
"54201145","天成茂水產股份有限公司","黃O茂","高雄市前鎮區漁港東二路3號2樓(204室)","10000000","核准設立","2022-01-01 03:30:51.377"
"54203559","捷銳科技有限公司","陳O金","高雄市鼓山區中華一路21號5樓","0","核准設立","2022-01-01 03:30:51.377"
"54221212","聖羅捷食品股份有限公司","","南投縣竹山鎮桂林里中正新村68號","2500000","解散","2022-01-01 03:30:51.377"
"54239775","昌富食品有限公司","","雲林縣北港鎮南安里信義路47-1號1樓","null","解散","2022-01-01 03:30:51.377"
"54242217","期威營造有限公司","林O景","南投縣水里鄉新城村民權路278號2樓","0","核准設立","2022-01-01 03:30:51.377"
"54268010","翔宇電商股份有限公司","張O誌","新竹市東區慈濟路230號","5000000","核准設立","2022-01-01 03:30:51.377"
"54275188","奇蹟冰品有限公司","","新北市淡水區新市一路3段101巷142號8樓","null","解散","2022-01-01 03:30:51.377"
"54277398","新北市製冰有限公司","胡O維","新北市三峽區成福路105巷26號(1樓)","0","核准設立","2022-01-01 03:30:51.377"
"54317407","欣品國際開發有限公司","謝O芸","臺北市大安區敦化南路2段267號8樓之5","0","核准設立","2022-01-01 03:30:51.377"
"54357630","我思有限公司","李O陽","臺北市中山區南京東路2段132號9樓之1","0","核准設立","2022-01-01 03:30:51.377"
"54360261","文甜國際有限公司","","臺北市士林區文林路587巷15弄2號1樓","0","解散","2022-01-01 03:30:51.377"
"54502727","七張橋實業有限公司","","宜蘭縣蘇澳鎮存仁里存美路37巷2號1樓","0","廢止","2022-01-01 03:30:51.377"
"54507504","弘晟食品有限公司","","彰化縣芬園鄉茄荖村原新街914巷32號","null","解散","2022-01-01 03:30:51.377"
"54511227","協春水產有限公司","陳O宏","屏東縣佳冬鄉塭豐村豐漁路41巷130-6號","0","核准設立","2022-01-01 03:30:51.377"
"54514694","鴻業海洋冷凍食品有限公司","蔡O嬌","嘉義縣布袋鎮振寮里後壁寮205之15號","null","核准設立","2022-01-01 03:30:51.377"
"54520859","鉅唐國際企業有限公司","唐O澧","彰化縣花壇鄉中口村中山路二段569號","0","核准設立","2022-01-01 03:30:51.377"
"54592620","南海蒂國際貿易有限公司","南O蒂","臺中市潭子區復興路一段2之17號十樓","0","核准設立","2022-01-01 03:30:51.377"
"54595464","慶豐樂有限公司","蔡O芬","臺中市西屯區何成里大容西街67號3樓之2","0","核准設立","2022-01-01 03:30:51.377"
"54631905","人良食品股份有限公司","葉O榮","高雄市鳥松區明湖路1號13樓之1","15000000","核准設立","2022-01-01 03:30:51.377"
"54666973","田薯黍實業有限公司","林O慧","臺北市士林區大南路428巷17號1樓","0","核准設立","2022-01-01 03:30:51.377"
"54684135","海叢冷凍食品有限公司","","臺北市大安區忠孝東路4段148號7樓","0","解散","2022-01-01 03:30:51.377"
"54723691","廣益國際實業有限公司","","新北市蘆洲區中興街8號","0","解散","2022-01-01 03:30:51.377"
"54733240","露露的吧有限公司","","新北市汐止區新興路30號","null","解散","2022-01-01 03:30:51.377"
"54751540","毅鼎新光電有限公司","林O毅","臺中市神岡區社口里民權一街63號1樓","null","核准設立","2022-01-01 03:30:51.377"
"54769339","東聯國際企業有限公司","林O賢","彰化縣伸港鄉曾家村12鄰中山路735號","0","核准設立","2022-01-01 03:30:51.377"
"54771095","江湖開放工作室有限公司","李O倫","桃園市桃園區莊敬里中正路1535巷91號2樓","null","核准設立","2022-01-01 03:30:51.377"
"54782282","墾丁龍潭休閒育樂有限公司","董O弼","屏東縣恆春鎮山腳里恆南路1號","0","核准設立","2022-01-01 03:30:51.377"
"54799376","月桔複合式餐廳有限公司","","宜蘭縣羅東鎮漢民里民權路１８９號一樓","null","解散","2022-01-01 03:30:51.377"
"54812321","大欣冷凍製冰廠有限公司","翁O聯","宜蘭縣蘇澳鎮蘇北里中山路一段54號","null","核准設立","2022-01-01 03:30:51.377"
"54828479","登亮股份有限公司","吳O銘","高雄市苓雅區中山二路368號","1000000","核准設立","2022-01-01 03:30:51.377"
"54839335","雅巽實業有限公司","沈O顯","新北市新莊區壽山路33之10號","0","核准設立","2022-01-01 03:30:51.377"
"54855643","點點國際有限公司","侯O寧","新北市中和區連城路139巷39號","null","核准設立","2022-01-01 03:30:51.377"
"54909839","明玥園傳統文化有限公司","宋O秀","臺中市清水區秀水里五權路227號","0","核准設立","2022-01-01 03:30:51.377"
"54921587","兆駿興業有限公司","","桃園市中壢區延平路500號10樓之2","0","解散","2022-01-01 03:30:51.377"
"54921974","湧富有限公司","","桃園市中壢區興仁里遠揚街62巷7號3樓","0","解散","2022-01-01 03:30:51.377"
"54927421","立璿興業有限公司","徐O盈","桃園市桃園區明德里莊一街3號3樓","0","核准設立","2022-01-01 03:30:51.377"
"54960146","寶聯興國際有限公司","蕭O傑","彰化縣社頭鄉平和村山脚路三段232號一樓","0","核准設立","2022-01-01 03:30:51.377"
"54961406","和記冷凍冷藏有限公司","許O良","臺東縣臺東市馬蘭里更生路689巷19號1樓","0","核准設立","2022-01-01 03:30:51.377"
"54974887","佳運製冰有限公司","徐O成","南投縣集集鎮富山里犂頭巷20號","0","核准設立","2022-01-01 03:30:51.377"
"54985245","盛唐興業有限公司","唐O祐","彰化縣花壇鄉中口村中山路二段569號","0","核准設立","2022-01-01 03:30:51.377"
"55717204","炘宏企業有限公司","","臺北市信義區忠孝東路4段553巷46弄10號2樓","0","解散","2022-01-01 03:30:51.377"
"55736413","月十二曲烘焙有限公司","陳O闓","臺北市松山區八德路3段74巷13弄2號","0","核准設立","2022-01-01 03:30:51.377"
"55771467","台灣九州製冰股份有限公司","藤O秀基","臺北市大同區南京西路18巷20號1樓","12500000","核准設立","2022-01-01 03:30:51.377"
"55925630","暉耀企業有限公司","周O淑芬","基隆市安樂區安和里安一路115之3號","0","核准設立","2022-01-01 03:30:51.377"
"55944658","鑫富勝食品有限公司","吳O蘭","宜蘭縣冬山鄉德興六路64號","0","核准設立","2022-01-01 03:30:51.377"
"56603812","上方冷凍食品材料有限公司","鄭O朝","苗栗縣苑裡鎮苑港里中山路346號","0","核准設立","2022-01-01 03:30:51.377"
"56629897","捷瀅冰品有限公司","王O豪","南投縣集集鎮八張里民權路138號1樓","0","核准設立","2022-01-01 03:30:51.377"
"56675625","大進冷凍有限公司","蘇O仁","屏東縣新園鄉鹽埔村新生路98號","0","核准設立","2022-01-01 03:30:51.377"
"59148465","察理王子國際興業有限公司","吳O健","高雄市大寮區會結二路296巷8號","0","核准設立","2022-01-01 03:30:51.377"
"59166596","英發食品有限公司","李O慶","高雄市大寮區和業六路12號","0","核准設立","2022-01-01 03:30:51.377"
"59171937","嘉臻水產有限公司","陳O龍","高雄市前鎮區興漁四路3號","0","核准設立","2022-01-01 03:30:51.377"
"59242813","舒果蕾有限公司","蕭O翔","高雄市左營區重信路373巷50號","0","核准設立","2022-01-01 03:30:51.377"
"59266096","豐冰企業有限公司","徐O枝","高雄市鼓山區九如四路1181巷70號1樓","0","核准設立","2022-01-01 03:30:51.377"
"59286635","享威海產有限公司","","高雄市苓雅區仁愛三街272號14樓","0","解散","2022-01-01 03:30:51.377"
"59478774","寶光科技有限公司","鄭O娟","高雄市左營區博愛四路228號","0","核准設立","2022-01-01 03:30:51.377"
"59603007","隆佑水產有限公司","顏O佑","高雄市楠梓區海專路241號3樓","0","核准設立","2022-01-01 03:30:51.377"
"60243282","欣立食品加工有限公司","陳O雄","臺中市南區長榮里公理街97號1樓","0","核准設立","2022-01-01 03:30:51.377"
"60268494","佳益企業有限公司","陳O葳","臺中市神岡區溪洲里神洲路852巷68號1樓","0","核准設立","2022-01-01 03:30:51.377"
"60272223","富山冰品有限公司","","臺中市烏日區溪南路一段405號1樓","0","解散","2022-01-01 03:30:51.377"
"60326826","兆丰安有限公司","洪O民","臺中市南屯區三和里黎明路二段359之9號8樓","0","核准設立","2022-01-01 03:30:51.377"
"60381600","曉宇有限公司","","臺中市北屯區東山里東山路二段50之5號1樓","0","解散","2022-01-01 03:30:51.377"
"61874933","日隱冷凍食品有限公司","陳O源","臺中市后里區后里里三豐路四段129巷93弄33號2樓","0","核准設立","2022-01-01 03:30:51.377"
"64908009","家菓籽天然食品有限公司","薛O瑾","臺南市安平區建平里府前路二段556號1樓","0","核准設立","2022-01-01 03:30:51.377"
"64917226","鴻福商貿有限公司","陳O如","臺南市安平區建平里永華路二段248號13樓之5","0","核准設立","2022-01-01 03:30:51.377"
"66303292","隨富倉儲股份有限公司","曾O燕","臺中市西屯區工業區一路102號","48000000","核准設立","2022-01-01 03:30:51.377"
"66401651","萌互動創意有限公司","","新北市汐止區福德三路6號9樓之1","0","解散","2022-01-01 03:30:51.377"
"66483386","捷叡科技應用有限公司","林O賦","新北市中和區連城路350之1號(2樓)","0","核准設立","2022-01-01 03:30:51.377"
"66495947","旭貞實業有限公司","駱O至","臺中市西區樂群街18之3號","0","核准設立","2022-01-01 03:30:51.377"
"66560952","泳奕有限公司","蔡O炫","新北市蘆洲區民族路422巷114弄22號6樓","0","核准設立","2022-01-01 03:30:51.377"
"66613959","水立方正有限公司","林O宇","新北市中和區中正路786號5樓","0","核准設立","2022-01-01 03:30:51.377"
"66625596","億祁企業有限公司","顏O銘","新北市板橋區縣民大道3段145號","0","核准設立","2022-01-01 03:30:51.377"
"66838198","淳緯數位有限公司","洪O嫻","新北市三重區車路頭街166巷10號","0","核准設立","2022-01-01 03:30:51.377"
"67217942","心創藝有限公司","","新北市新莊區昌平街346號(1樓)","0","解散","2022-01-01 03:30:51.377"
"67321044","禎祥食品工業股份有限公司","張O祥","嘉義縣朴子市竹村里鴨母寮1-3號","168000000","核准設立","2022-01-01 03:30:51.377"
"68059230","百諭科技有限公司","鍾O銘","新北市新莊區豐年街豐一巷40號","0","核准設立","2022-01-01 03:30:51.377"
"68920406","臺南製冰股份有限公司","張O豪","臺南市中西區府前路二段260號","1000000","核准設立","2022-01-01 03:30:51.377"
"69399905","富利源冰品有限公司","","新北市樹林區三俊街252巷25號","0","解散","2022-01-01 03:30:51.377"
"69515284","心心一言有限公司","徐O修","桃園市八德區大湳里和平路991巷137弄30衖3號2樓","0","核准設立","2022-01-01 03:30:51.377"
"69618583","全南益冷藏廠有限公司","黃O傑","臺南市南區新仁路20號","0","核准設立","2022-01-01 03:30:51.377"
"69651631","京雅資產管理有限公司","趙O彬","新北市新莊區新北大道3段7號22樓之5","0","核准設立","2022-01-01 03:30:51.377"
"69687878","品國企業有限公司","尤O儀","桃園市桃園區中成里永安路385巷6號11樓之2","0","核准設立","2022-01-01 03:30:51.377"
"69705587","晟采貿易有限公司","","桃園市中壢區仁美里10鄰中山東路三段157號(1樓)","0","解散","2022-01-01 03:30:51.377"
"69710195","台灣車村機電有限公司","阮O志","桃園市蘆竹區長壽里17鄰吉林路146之10號十樓","0","核准設立","2022-01-01 03:30:51.377"
"70433206","鮪豐水產股份有限公司","蘇O達","高雄市前鎮區漁港東二路3號2樓","26000000","核准設立","2022-01-01 03:30:51.377"
"70481966","亞太世紀冷藏股份有限公司","林O葉","臺北市士林區延平北路6段475號3樓","25000000","核准設立","2022-01-01 03:30:51.377"
"70503814","嘉升冷凍冷藏股份有限公司","張O川","雲林縣斗南鎮西岐里文昌路254號1樓","6000000","核准設立","2022-01-01 03:30:51.377"
"70592920","泓昌有限公司","","嘉義縣布袋鎮貴舍里半月七八號","null","廢止","2022-01-01 03:30:51.377"
"70641892","金澤冷凍水產有限公司","黃O良晚","宜蘭縣五結鄉利興二路26號","0","核准設立","2022-01-01 03:30:51.377"
"70653539","六輕食品股份有限公司","","雲林縣麥寮鄉中興村仁德西路二段485號1樓","3000000","解散","2022-01-01 03:30:51.377"
"70664064","富聯漁業股份有限公司","","宜蘭縣蘇澳鎮南安里南安路121號1樓","28560000","解散","2022-01-01 03:30:51.377"
"70846121","實力貿易有限公司","謝O裕","臺北市中正區羅斯福路2段100號23樓之1","0","核准設立","2022-01-01 03:30:51.377"
"74003853","翰蔘生技股份有限公司","李O龍","臺南市佳里區東寧里進學路37號","120000000","核准設立","2022-01-01 03:30:51.377"
"75915054","嘉豐海洋國際股份有限公司","何O田","高雄市小港區永光街5號","521330000","核准設立","2022-01-01 03:30:51.377"
"75916645","裕震企業股份有限公司","林O訓","高雄市前鎮區漁港中二路77號","2200000","核准設立","2022-01-01 03:30:51.377"
"76547971","效能電腦科技股份有限公司","陳O秀","高雄市三民區義華路199巷6號","5000000","核准設立","2022-01-01 03:30:51.377"
"79316904","南隆冷凍製冰廠股份有限公司","顏O純","高雄市鼓山區濱海一路57巷3弄36號","5000000","核准設立","2022-01-01 03:30:51.377"
"79412343","大昌冷凍製冰廠有限公司","旺O企業股份有限公司","高雄市旗津區南汕巷四八號","0","核准設立","2022-01-01 03:30:51.377"
"80105006","福洋冷凍食品股份有限公司","吳O弘","宜蘭縣五結鄉成興村利工二路73號","50000000","核准設立","2022-01-01 03:30:51.377"
"80158729","大宗國際海洋股份有限公司","","臺北市松山區南京東路４段１３３巷６弄４０號１樓","1000000","解散","2022-01-01 03:30:51.377"
"80241240","凊宇科技股份有限公司","","臺中市西區公民里五權路1之67號11樓之2","25000000","廢止","2022-01-01 03:30:51.377"
"80247125","聯合製冰有限公司","蔡O煌","基隆市七堵區六堵里工建西路10-5號一樓","0","核准設立","2022-01-01 03:30:51.377"
"80297763","大宗國際開發股份有限公司","陳O楨","臺北市中山區民生東路3段28號7樓","5000000","核准設立","2022-01-01 03:30:51.377"
"80310787","仁興伍股冷凍有限公司","楊O雲","新北市蘆洲區長安街23巷6弄2號4樓","null","核准設立","2022-01-01 03:30:51.377"
"80367845","青島企業有限公司","","高雄市小港區宏平路443之6號8樓","null","解散","2022-01-01 03:30:51.377"
"80380164","泉昌冰品實業有限公司","","高雄市前鎮區武營路165巷36號","0","廢止","2022-01-01 03:30:51.377"
"80410364","津大來冰品有限公司","","臺中市西屯區大河里福上巷一九七弄九號一樓","null","解散","2022-01-01 03:30:51.377"
"80425514","協泰水產有限公司","","新北市五股區登林路貿商巷5弄17號","null","解散","2022-01-01 03:30:51.377"
"80437531","大郭食品有限公司","郭O松","桃園市龍潭區八德里29鄰梅龍三街116巷241弄2之1號","0","核准設立","2022-01-01 03:30:51.377"
"80444625","興洋冷凍水產有限公司","莊O臻","宜蘭縣五結鄉成興村利工二路81號","null","核准設立","2022-01-01 03:30:51.377"
"80451836","富榮水產有限公司","","臺北市大安區和平東路2段177號9樓","0","解散","2022-01-01 03:30:51.377"
"80461362","正邦冷凍有限公司","張O美","宜蘭縣蘇澳鎮隘丁里仁愛路14號","null","核准設立","2022-01-01 03:30:51.377"
"80478954","富士淨水有限公司","","桃園市中壢區遠東路六七號","null","解散","2022-01-01 03:30:51.377"
"80481108","三福冷凍食品股份有限公司","陳O福","宜蘭縣五結鄉成興村五濱路1段225、227號","28000000","核准設立","2022-01-01 03:30:51.377"
"80542702","富吉生化科技有限公司","","臺北市中正區信義路２段４５巷１３號１樓","null","解散","2022-01-01 03:30:51.377"
"80572803","應成冷凍製冰有限公司","","臺南市安平區金城里運河路九六號","null","廢止","2022-01-01 03:30:51.377"
"80584189","瀚豐顁股份有限公司","","嘉義縣中埔鄉和美村永樂新村三九︱一號　","3000000","解散","2022-01-01 03:30:51.377"
"80589332","源慶億實業有限公司","林O祥","屏東縣屏東市橋南里工業四路24號","0","核准設立","2022-01-01 03:30:51.377"
"80597635","新育才事業有限公司","葉O磊","臺中市西區康樂街21號1樓","0","核准設立","2022-01-01 03:30:51.377"
"80602089","翔順冷凍食品有限公司","胡O強","新北市土城區亞洲路32巷22號","null","核准設立","2022-01-01 03:30:51.377"
"80615900","海家海產企業有限公司","","宜蘭縣冬山鄉群英村冬山路三段五五○號一樓","null","解散","2022-01-01 03:30:51.377"
"80619080","翊沛有限公司","","高雄市旗山區太平里旗新街25號","null","解散","2022-01-01 03:30:51.377"
"81001417","振亞興業股份有限公司","邱O天","屏東縣鹽埔鄉新二村維新路178號","35528000","核准設立","2022-01-01 03:30:51.377"
"81074157","海霸王股份有限公司","莊O強","臺北市大同區西寧北路62號8樓之6","2017470000","核准設立","2022-01-01 03:30:51.377"
"81206002","會統企業有限公司","","高雄市苓雅區尚禮街31號","null","解散","2022-01-01 03:30:51.377"
"82039828","開拓冷凍工業股份有限公司","柯O陽","高雄市苓雅區林泉街38巷9弄2號11樓","18000000","核准設立","2022-01-01 03:30:51.377"
"82764089","知能川有限公司","","臺中市西區吉龍里五權西六街171號1樓","0","解散","2022-01-01 03:30:51.377"
"82788028","九胡同有限公司","黃O維","桃園市楊梅區瑞溪里21鄰瑞梅街二巷48號","0","核准設立","2022-01-01 03:30:51.377"
"82799720","墨企國際創新有限公司","王O彥","臺北市大安區光復南路96巷2之1號1樓","0","核准設立","2022-01-01 03:30:51.377"
"82837652","廣杰興業有限公司","林O緯","高雄市前鎮區漁港北三路22號5樓","0","核准設立","2022-01-01 03:30:51.377"
"82865002","密米爾自動控制有限公司","","新北市土城區亞洲路11巷3弄11號(1樓)","0","解散","2022-01-01 03:30:51.377"
"82879300","川佑食品有限公司","高O廷","高雄市鳳山區鳳仁路222號1樓","0","核准設立","2022-01-01 03:30:51.377"
"82886415","用力股份有限公司","張O潔","臺北市中山區中山北路1段5巷73弄4號","1588980","核准設立","2022-01-01 03:30:51.377"
"82898931","合樂國際企業有限公司","","新北市新莊區新泰路428號8樓","0","解散","2022-01-01 03:30:51.377"
"82901653","帝禾有限公司","蔡O端","臺北市內湖區民權東路6段123巷34弄13號3樓","0","核准設立","2022-01-01 03:30:51.377"
"82923404","帝國有限公司","","新北市五股區凌雲路1段158巷24號(1樓)","0","廢止","2022-01-01 03:30:51.377"
"82924712","互毓貿易有限公司","程O蓁","彰化縣埤頭鄉永豊村東西路401巷60號1樓","0","核准設立","2022-01-01 03:30:51.377"
"82924776","紅豆農業生技有限公司","鍾O靜","臺中市大里區瑞城里美村街133巷7弄9號1樓","0","核准設立","2022-01-01 03:30:51.377"
"83048753","奇冰國際事業股份有限公司","張O升","桃園市中壢區普仁里力行北街47號","1000000","核准設立","2022-01-01 03:30:51.377"
"83067646","蟀龍有限公司","謝O蘭","高雄市前鎮區漁港東一路1之12號1樓","0","核准設立","2022-01-01 03:30:51.377"
"83078989","協丞水產生物科技有限公司","","屏東縣佳冬鄉塭豐村佳豐路24號","0","解散","2022-01-01 03:30:51.377"
"83099035","食益元國際有限公司","簡O修","新北市新莊區新樹路607之1號4樓","0","核准設立","2022-01-01 03:30:51.377"
"83114423","無差生活文化事業有限公司","蔡O君","臺中市梧棲區文華街235巷15號6樓之4","0","核准設立","2022-01-01 03:30:51.377"
"83132822","世貿企業有限公司","林O圻","花蓮縣花蓮市國風里林森路243巷3號1樓","0","核准設立","2022-01-01 03:30:51.377"
"83136242","喜樂達創意生活有限公司","張O東","臺東縣成功鎮忠仁里成功路1號","0","核准設立","2022-01-01 03:30:51.377"
"83146369","就是冰國際有限公司","邱O伶","新北市樹林區保安街2段351巷1號","0","核准設立","2022-01-01 03:30:51.377"
"83169812","牛的人生實業有限公司","郭O華","臺南市善化區南關里三民路1之2號1樓","0","核准設立","2022-01-01 03:30:51.377"
"83171633","電視王超融媒體股份有限公司","吳O軒","新北市新莊區新北大道四段135號17樓之5","5000000","核准設立","2022-01-01 03:30:51.377"
"83172252","樂林食品有限公司","董O堯","彰化縣鹿港鎮泰興里20鄰彰鹿路八段4號1樓","0","核准設立","2022-01-01 03:30:51.377"
"83178609","滿好生活有限公司","孫O儒","臺北市中山區伊通街131號1樓","0","核准設立","2022-01-01 03:30:51.377"
"83210994","享仕能有限公司","高O婷","新北市新莊區民安西路212巷9號3樓","0","核准設立","2022-01-01 03:30:51.377"
"83220472","詮嘉製冰設備有限公司","潘O達","高雄市岡山區岡山路462號","0","核准設立","2022-01-01 03:30:51.377"
"83228946","裕國食品科技股份有限公司","黃O喬","臺中市大里區東湖里國寶街36巷2號2樓","5000000","核准設立","2022-01-01 03:30:51.377"
"83268637","浤程水產有限公司","陳O云","屏東縣佳冬鄉塭豐村佳豐路24號","0","核准設立","2022-01-01 03:30:51.377"
"83274906","水木沐國際有限公司","黎O樑","桃園市蘆竹區忠孝西路37號(1樓)","0","核准設立","2022-01-01 03:30:51.377"
"83289653","詠順國際貿易有限公司","毛O喻","新北市三重區重陽路4段66號3樓之2","0","核准設立","2022-01-01 03:30:51.377"
"83290027","我和我家有限公司","黃O益","高雄市岡山區大仁北路48號1樓","0","核准設立","2022-01-01 03:30:51.377"
"83303938","悅盛人力資源有限公司","王O祥","桃園市桃園區同安里中正路734號2樓","0","核准設立","2022-01-01 03:30:51.377"
"83372759","麒麟股份有限公司","李O衡","桃園市龍潭區上林里29鄰民生路700巷51號","10000","核准設立","2022-01-01 03:30:51.377"
"83408757","卉豐有限公司","熊O帆","臺中市北屯區新平里中清路二段479巷66弄7號5樓","0","核准設立","2022-01-01 03:30:51.377"
"83421800","鵬宥科技有限公司","江O蓉","新北市土城區裕生路102巷8號","0","核准設立","2022-01-01 03:30:51.377"
"83475827","下班文化國際有限公司","黃O沂","臺北市萬華區漢口街2段121號1樓","0","核准設立","2022-01-01 03:30:51.377"
"83484678","建康國際食品股份有限公司","魏O軒","臺北市大同區重慶北路1段47號3樓","500000000","核准設立","2022-01-01 03:30:51.377"
"83487703","思蔻有限公司","鄭O華","桃園市龜山區民生北路一段115之2號3樓","0","核准設立","2022-01-01 03:30:51.377"
"83534706","河田國際貿易有限公司","劉O倪","臺南市安平區永華二街40巷1號1樓","0","核准設立","2022-01-01 03:30:51.377"
"83536599","巧森食品有限公司","","臺中市大雅區上楓里民生路三段313巷19號3樓","0","解散","2022-01-01 03:30:51.377"
"83539049","晶大冰食品有限公司","林O樺","彰化縣和美鎮大霞里太平路309巷100弄50號1樓","0","核准設立","2022-01-01 03:30:51.377"
"83540067","托爾貝斯特科技有限公司","游O華","宜蘭縣蘇澳鎮延平路35巷22號","0","核准設立","2022-01-01 03:30:51.377"
"83540094","得漁水產有限公司","許O龍","宜蘭縣蘇澳鎮隘丁里仁愛路14號1樓","0","核准設立","2022-01-01 03:30:51.377"
"83543022","布達爾咖啡有限公司","陳O美","臺中市大雅區雅環路ㄧ段323號1樓","0","核准設立","2022-01-01 03:30:51.377"
"83591353","茶部多商貿有限公司","陳O承","臺中市大雅區學府路323號1樓","0","核准設立","2022-01-01 03:30:51.377"
"83689285","穩立能源科技股份有限公司","李O盛","新北市萬里區獅頭15之2號","4000000","核准設立","2022-01-01 03:30:51.377"
"83712672","鴻鼎能源科技股份有限公司","李O月娥","新北市萬里區獅頭15之2號","3000000","核准設立","2022-01-01 03:30:51.377"
"83732115","安豐食品科技有限公司","鄭O裕","臺南市南區彰南里新忠路19號","0","核准設立","2022-01-01 03:30:51.377"
"83760272","鈺玲科技有限公司","林O燕","高雄市仁武區大智一街36號","0","核准設立","2022-01-01 03:30:51.377"
"83770573","玖格有限公司","田O惠","嘉義市西區劉厝里劉厝路205號一樓","0","核准設立","2022-01-01 03:30:51.377"
"84018264","特洛思科技股份有限公司","曾O翔","新北市樹林區太順街52號","2500000","核准設立","2022-01-01 03:30:51.377"
"84111563","智邦知行國際股份有限公司","盧O","臺北市松山區南京東路5段163號7樓","5000000","核准設立","2022-01-01 03:30:51.377"
"85055883","順豐億有限公司","張O瑋","屏東縣潮州鎮光華里南京路南段20號1樓","0","核准設立","2022-01-01 03:30:51.377"
"85075311","食玩國際股份有限公司","羅O菲爾資本有限公司","新北市中和區中山路2段305號11樓之15","10000","核准設立","2022-01-01 03:30:51.377"
"85094746","優創食品有限公司","黃O榮","新北市泰山區貴陽街36巷1號","0","核准設立","2022-01-01 03:30:51.377"
"85100732","白龍國際有限公司","白O婷","臺南市佳里區海澄里萊芊寮1之96號1樓","0","核准設立","2022-01-01 03:30:51.377"
"86040157","福亭企業有限公司","林O良","高雄市鼓山區臨海二路54號8樓之1","0","核准設立","2022-01-01 03:30:51.377"
"86231156","九股山食品股份有限公司","楊O哲","新北市新店區富貴街10巷14號4樓","27000000","核准設立","2022-01-01 03:30:51.377"
"86757193","育宗特用材料股份有限公司","薛O彥","臺南市柳營區大農里工七路16號","17000000","核准設立","2022-01-01 03:30:51.377"
"86776500","萬泰冷凍股份有限公司","賴O華","臺中市石岡區石岡里豐勢路1319號","12000000","核准設立","2022-01-01 03:30:51.377"
"86927697","台灣大昌華嘉供應鏈服務股份有限公司","柏O思(ALEXANDER POTTS)","桃園市楊梅區和平路576號","500000000","核准設立","2022-01-01 03:30:51.377"
"86948861","艾利吉股份有限公司","李O志","宜蘭縣羅東鎮中華路62號2樓","16880000","核准設立","2022-01-01 03:30:51.377"
"86965586","福國冷凍股份有限公司","吳O賢","宜蘭縣五結鄉成興村利工一路二段56號","560000000","核准設立","2022-01-01 03:30:51.377"
"89311920","北聯冷凍股份有限公司","林O達","宜蘭縣蘇澳鎮隘丁里仁愛路12號","22800000","核准設立","2022-01-01 03:30:51.377"
"89445218","珩昀工程顧問有限公司","","臺北市大安區羅斯福路2段79號7樓之11","0","解散","2022-01-01 03:30:51.377"
"89477034","亞旺實業有限公司","盧O非","臺北市松山區南京東路5段163號7樓","null","核准設立","2022-01-01 03:30:51.377"
"89521263","欣馬冷凍廠股份有限公司","王O峯","宜蘭縣冬山鄉大興村德興六路35號","44000000","核准設立","2022-01-01 03:30:51.377"
"89839965","盛富製冰有限公司","李O文","新北市泰山區新北大道7段95巷3號","0","核准設立","2022-01-01 03:30:51.377"
"89863710","得福有限公司","陳O莉","新北市新莊區中原東路22號","0","核准設立","2022-01-01 03:30:51.377"
"90445074","松博宜家有限公司","柯O文","新北市板橋區南雅西路2段2號(1樓)","0","核准設立","2022-01-01 03:30:51.377"
"90460095","東帝富國際股份有限公司","黃O輝","新北市新莊區新樹路310巷5號","16912500","核准設立","2022-01-01 03:30:51.377"
"90483631","宏浩製冰有限公司","周O瑜","新北市板橋區中山路1段50巷22號6樓","0","核准設立","2022-01-01 03:30:51.377"
"90483652","宇盛製冰有限公司","鄭O昌","新北市板橋區中山路1段50巷22號6樓","0","核准設立","2022-01-01 03:30:51.377"
"90490984","五葛河湠有限公司","陳O蔫","桃園市八德區福興里中正北路26號14樓","0","核准設立","2022-01-01 03:30:51.377"
"90494861","羽喬國際有限公司","黃O閔","臺中市北屯區中清路二段638號14樓","0","核准設立","2022-01-01 03:30:51.377"
"90507726","晉鴻食品國際貿易有限公司","李O配","雲林縣元長鄉山內村安務42之15號一樓","0","核准設立","2022-01-01 03:30:51.377"
"90517288","水源製冰貿易有限公司","蕭O元","臺北市大同區華陰街103號1樓","0","核准設立","2022-01-01 03:30:51.377"
"90532817","永德堂食品有限公司","魏O貞","臺中市后里區復興街102號1樓","0","核准設立","2022-01-01 03:30:51.377"
"90601428","滿天星冷凍食品有限公司","呂O祺","澎湖縣白沙鄉赤崁村漁港新村21號1樓","0","核准設立","2022-01-01 03:30:51.377"
"90601721","力乙一冷凍製冰有限公司","蕭O卿","澎湖縣白沙鄉赤崁村赤崁漁港新村60號","0","核准設立","2022-01-01 03:30:51.377"
"90688389","好澄就有限公司","林O松","桃園市桃園區中正路516號(1樓)","0","核准設立","2022-01-01 03:30:51.377"
"90695614","茗饗有限公司","李O維","桃園市中壢區領航南路一段67號(1樓)","0","核准設立","2022-01-01 03:30:51.377"
"90724028","硯皓國際有限公司","陳O麒","新北市三重區新北大道1段123號11樓","0","核准設立","2022-01-01 03:30:51.377"
"90784643","統一製冷商品有限公司","莫O盟","新北市板橋區重慶路21巷4號","0","核准設立","2022-01-01 03:30:51.377"
"90804042","志鋼環科有限公司","朱O剛","連江縣南竿鄉復興村221-4號","0","核准設立","2022-01-01 03:30:51.377"
"90817320","歐米加餐飲顧問有限公司","張O農","臺北市士林區社中街336號1樓","0","核准設立","2022-01-01 03:30:51.377"
"90871858","富士堂國際有限公司","陳O丞","臺北市大安區敦化南路1段160巷27號1樓","0","核准設立","2022-01-01 03:30:51.377"
"90872619","通廣晶綠能農業有限公司","莊O明","屏東縣滿州鄉滿州村中山路72號","0","核准設立","2022-01-01 03:30:51.377"
"90889442","嘉恆國際企業股份有限公司","葉O均","臺中市神岡區神清路125號1樓","1000000","核准設立","2022-01-01 03:30:51.377"
"91001555","慶崧冷凍有限公司","程O蓁","彰化縣埤頭鄉永豊村東西路401巷60號1樓","0","核准設立","2022-01-01 03:30:51.377"
"91006622","頂華食品股份有限公司","辜O亮","新北市五股區五權七路33號","1000000","核准設立","2022-01-01 03:30:51.377"
"91016924","益大海洋科技股份有限公司","吳O嘉","屏東縣枋寮鄉建興路818號1樓","10000000","核准設立","2022-01-01 03:30:51.377"
"91038666","天錡國際貿易有限公司","葉O奕","基隆市中山區德安里復興路339號3樓","0","核准設立","2022-01-01 03:30:51.377"
"91048720","穩富發造鎮股份有限公司","徐O棟","臺中市南區新榮里新華街88號","3000000","核准設立","2022-01-01 03:30:51.377"
"91071910","瀚斯工程有限公司","劉O忠","高雄市三民區鼎文街56之1號12樓","0","核准設立","2022-01-01 03:30:51.377"
"91080782","富由田貿易有限公司","吳O翔","新北市板橋區龍泉街108巷52號7樓","0","核准設立","2022-01-01 03:30:51.377"
"91101560","芝麻開門餐飲有限公司","張O瑋","新竹縣竹北市文化里文采街75號1樓","0","核准設立","2022-01-01 03:30:51.377"
"91121242","永峰冷凍倉儲股份有限公司","林O儀","新北市新莊區新北大道3段7號14樓之3","20000000","核准設立","2022-01-01 03:30:51.377"
"91247397","永泉企業股份有限公司","許O嘉","屏東縣東港鎮大潭里大鵬路100號","4000000","核准設立","2022-01-01 03:30:51.377"
"91378875","協浤企業股份有限公司","陳O喜","屏東縣東港鎮朝安里新生一路42號","1000000","核准設立","2022-01-01 03:30:51.377"
"91812816","振順製冰股份有限公司","郭O宏","屏東縣新園鄉共和村光復路149號","10000000","核准設立","2022-01-01 03:30:51.377"
"93441930","南王冷凍實業股份有限公司","林O勲","臺東縣臺東市南榮里更生路1176號","10000000","核准設立","2022-01-01 03:30:51.377"
"97025153","大正銳業有限公司","林O正","桃園市新屋區石牌里6鄰石牌嶺1之3號","0","核准設立","2022-01-01 03:30:51.377"
"97025891","銘朝冷凍食品股份有限公司","陳O盛","宜蘭縣冬山鄉鹿埔村梅林路580號","10000000","核准設立","2022-01-01 03:30:51.377"
"97063515","餘興堂企業有限公司","","臺中市梧棲區臨港路三段七三○號","null","廢止","2022-01-01 03:30:51.377"
"97146403","光明海產股份有限公司","吳O永","高雄市左營區自由二路332號","99000000","核准設立","2022-01-01 03:30:51.377"
"97215689","勛榮企業有限公司","莊O畫","臺南市永康區南興路7號","0","核准設立","2022-01-01 03:30:51.377"
"97287830","綠色四季生物科技股份有限公司","","新北市淡水區中正東路一段3巷19號8樓","255000000","廢止","2022-01-01 03:30:51.377"
"97335122","周海冷凍股份有限公司","周O阿蒜","宜蘭縣五結鄉成興村利工二路81號","60000000","核准設立","2022-01-01 03:30:51.377"
"97364028","竹金倉儲股份有限公司","陳O祥","新竹縣竹北市泰和路146號","60000000","核准設立","2022-01-01 03:30:51.377"
"97404226","泓昌實業有限公司","薛O和","桃園市平鎮區環南路517號","0","核准設立","2022-01-01 03:30:51.377"
