﻿"統一編號","公司名稱","公司地址","實收資本額","公司狀態","產製日期"
"12148598","中興保全科技股份有限公司","臺北市大同區鄭州路139號6樓及7樓","4511970930","核准設立","2022-01-01 02:44:53.33"
"12261768","台灣新光保全股份有限公司","臺北市內湖區行愛路128號","3874896050","核准設立","2022-01-01 02:44:53.33"
"12348012","強固保全股份有限公司","臺北市大同區延平北路2段202號15樓、15樓之1、12樓之1","300000000","核准設立","2022-01-01 02:44:53.33"
"12615988","宇鋒保全股份有限公司","桃園市中壢區廣州路210號6樓","40000000","核准設立","2022-01-01 02:44:53.33"
"12626248","建經保全股份有限公司","新竹市北區東大路二段237號","53803550","核准設立","2022-01-01 02:44:53.33"
"12635268","台灣陸安保全股份有限公司","桃園市桃園區福昌街六號二樓","40000000","廢止","2022-01-01 02:44:53.33"
"12643767","生產力保全股份有限公司","臺中市南屯區文心路1段306號地下一層之一","40000000","解散","2022-01-01 02:44:53.33"
"12655427","連鴻保全股份有限公司","新北市板橋區仁化街187號1樓","40000000","核准設立","2022-01-01 02:44:53.33"
"12662659","鼎翰保全股份有限公司","新北市土城區青雲路49巷10號2樓","40000000","核准設立","2022-01-01 02:44:53.33"
"12666141","中菱保全股份有限公司","臺北市大安區復興南路2段363號1樓","40000000","核准設立","2022-01-01 02:44:53.33"
"12673380","大席保全股份有限公司","新北市三重區重陽路1段59號2樓","40000000","核准設立","2022-01-01 02:44:53.33"
"12686110","耀盛保全股份有限公司","新北市三峽區文化路125號5樓","40000000","核准設立","2022-01-01 02:44:53.33"
"12697550","泓揚保全股份有限公司","臺北市信義區虎林街202巷5號1樓","40000000","解散","2022-01-01 02:44:53.33"
"12705123","頂級保全股份有限公司","高雄市新興區中山二路472號12樓之6","50000000","核准設立","2022-01-01 02:44:53.33"
"12712095","新興保全股份有限公司","臺北市中正區南昌路２段１０３號８樓之２","40000000","廢止","2022-01-01 02:44:53.33"
"12717205","國偟保全股份有限公司","新北市板橋區和平路安樂巷53號(1樓)","40000000","核准設立","2022-01-01 02:44:53.33"
"12722586","捷安保全股份有限公司","新北市中和區中山路二段二九六號二樓之一","40000000","廢止","2022-01-01 02:44:53.33"
"12725578","武瑆保全股份有限公司","桃園市中壢區普仁里新中北路125號(1樓)","40000000","核准設立","2022-01-01 02:44:53.33"
"12736483","雄巍保全股份有限公司","基隆市信義區仁一路23號2樓","40000000","核准設立","2022-01-01 02:44:53.33"
"12737791","龍翔保全股份有限公司","桃園市桃園區經國路525號(9樓)","40000000","核准設立","2022-01-01 02:44:53.33"
"12766795","南山保全股份有限公司","新北市永和區保順路11號2樓","40000000","核准設立","2022-01-01 02:44:53.33"
"12770910","巨堡保全股份有限公司","新竹縣竹北市新泰路７８巷４０之一號２樓","40000000","解散","2022-01-01 02:44:53.33"
"12772889","福將保全股份有限公司","新竹市北區北大路5號8樓之4","40000000","核准設立","2022-01-01 02:44:53.33"
"12783083","一統保全股份有限公司","臺南市北區林森路三段二三五號","40000000","解散","2022-01-01 02:44:53.33"
"12791210","康泰保全股份有限公司","臺北市中山區長安東路1段23號7樓之4","40000000","核准設立","2022-01-01 02:44:53.33"
"12799830","金固保全股份有限公司","新北市三重區三和路4段380號5樓之11","40000000","核准設立","2022-01-01 02:44:53.33"
"12803530","銘廬保全股份有限公司","苗栗縣苗栗市文山里正展路8號","40000000","核准設立","2022-01-01 02:44:53.33"
"12809318","集英保全股份有限公司","桃園市中壢區龍慈路12號4樓","40000000","廢止","2022-01-01 02:44:53.33"
"12810286","豐達保全股份有限公司","桃園市桃園區中寧里大興西路2段99號5樓之1","40000000","核准設立","2022-01-01 02:44:53.33"
"12815228","茂信保全股份有限公司","新北市三重區重新路3段89號4樓之3","40000000","核准設立","2022-01-01 02:44:53.33"
"12815613","華威保全股份有限公司","臺南市北區文賢二街500巷20號1樓","40000000","核准設立","2022-01-01 02:44:53.33"
"12820046","安順保全股份有限公司","新北市中和區景新街347號10樓","40000000","核准設立","2022-01-01 02:44:53.33"
"12823677","東元保全股份有限公司","桃園市桃園區東埔里民生路832號1樓","40000000","核准設立","2022-01-01 02:44:53.33"
"12826007","衛東保全股份有限公司","桃園市楊梅區新農街二段183號2樓","40000000","核准設立","2022-01-01 02:44:53.33"
"12826359","東方保全股份有限公司","新竹縣竹北市縣政十三路84之20號3樓","40000000","核准設立","2022-01-01 02:44:53.33"
"12832394","宏偉保全股份有限公司","新北市三重區新北大道1段35巷20號3樓","40000000","核准設立","2022-01-01 02:44:53.33"
"12840850","日祥保全股份有限公司","桃園市龜山區萬壽路二段1254號2樓","40000000","核准設立","2022-01-01 02:44:53.33"
"12883597","集中保全股份有限公司","臺中市潭子區勝利路272號1、2樓","40000000","核准設立","2022-01-01 02:44:53.33"
"12884596","東漢保全股份有限公司","桃園市桃園區中山路709之1號3樓","40000000","核准設立","2022-01-01 02:44:53.33"
"12888967","府城保全股份有限公司","臺南市東區自強里東門路3段37巷69號","40000000","核准設立","2022-01-01 02:44:53.33"
"12898515","漢雲保全股份有限公司","桃園市中壢區仁祥里晉元路218號","40000000","核准設立","2022-01-01 02:44:53.33"
"12901384","天網保全股份有限公司","新北市瑞芳區魚坑路177號","40000000","解散","2022-01-01 02:44:53.33"
"12908957","群安保全股份有限公司","新北市蘆洲區長安街22巷39弄15號3樓","40000000","核准設立","2022-01-01 02:44:53.33"
"12916020","長榮國際保全股份有限公司","桃園市桃園區武陵里朝陽街二段26號12樓","40000000","核准設立","2022-01-01 02:44:53.33"
"12916865","威盛保全股份有限公司","桃園市平鎮區北華里振平街116號","40000000","廢止","2022-01-01 02:44:53.33"
"12920880","鴻昌保全股份有限公司","桃園市桃園區力行路5號4樓之1","40000000","核准設立","2022-01-01 02:44:53.33"
"12948873","巨笙保全股份有限公司","新北市汐止區福德一路141巷74號","40000000","核准設立","2022-01-01 02:44:53.33"
"12951460","駿鋒保全股份有限公司","臺北市松山區八德路4段678號9樓","40000000","核准設立","2022-01-01 02:44:53.33"
"12955070","大順保全股份有限公司","臺北市松山區光復南路1號12樓之2","40000000","核准設立","2022-01-01 02:44:53.33"
"12966077","宏陽保全股份有限公司","桃園市桃園區南門里三民路3段284號11樓","40000000","解散","2022-01-01 02:44:53.33"
"12982077","台達保全股份有限公司","桃園市桃園區中正路925號9樓","40000000","核准設立","2022-01-01 02:44:53.33"
"12987426","宏遠保全股份有限公司","基隆市安樂區樂利二街44號","40000000","核准設立","2022-01-01 02:44:53.33"
"12988190","御境保全股份有限公司","彰化縣彰化市延和里埔西街8號","40000000","核准設立","2022-01-01 02:44:53.33"
"13006180","嘉陽保全股份有限公司","嘉義市西區德明路75號19樓之1","40000000","核准設立","2022-01-01 02:44:53.33"
"13011402","重實保全股份有限公司","高雄市苓雅區青年二路212號7樓之1","40000000","核准設立","2022-01-01 02:44:53.33"
"13029260","太固保全股份有限公司","臺南市南區文南里永南二街五二號一樓","40000000","廢止","2022-01-01 02:44:53.33"
"13030111","遠泰保全股份有限公司","臺南市東區龍山里東門路2段96號11樓之1","40000000","核准設立","2022-01-01 02:44:53.33"
"13046660","群豐保全股份有限公司","新北市新店區中央七街84號2樓","40000000","核准設立","2022-01-01 02:44:53.33"
"13067019","正安保全股份有限公司","臺中市北區健行路375之5號6樓","40000000","核准設立","2022-01-01 02:44:53.33"
"13072786","憲光保全股份有限公司","新北市新店區北新路一段八九號三樓之三","40000000","廢止","2022-01-01 02:44:53.33"
"13075165","鼎豐保全股份有限公司","新北市新店區寶元路1段28號","40000000","核准設立","2022-01-01 02:44:53.33"
"13075382","巨洋保全股份有限公司","臺中市北區忠太西路６０號１、２樓","40000000","解散","2022-01-01 02:44:53.33"
"13077121","睿豐保全股份有限公司","桃園市桃園區中信里國際路二段47號2樓","40000000","核准設立，但已命令解散","2022-01-01 02:44:53.33"
"13082671","超航保全股份有限公司","臺北市中山區新生北路3段11巷27號1樓","40000000","廢止","2022-01-01 02:44:53.33"
"13087090","曜川保全股份有限公司","臺北市內湖區內湖路2段367號6樓","40000000","核准設立","2022-01-01 02:44:53.33"
"13089175","天辰保全股份有限公司","新北市汐止區大同路2段524號4樓","40000000","核准設立","2022-01-01 02:44:53.33"
"13097055","東寧保全股份有限公司","臺北市大同區承德路2段142號3樓","40000000","核准設立","2022-01-01 02:44:53.33"
"13107808","長江保全股份有限公司","雲林縣斗六市鎮西里8鄰同德街19號1樓","40000000","核准設立","2022-01-01 02:44:53.33"
"13117931","群揚保全股份有限公司","新北市五股區成泰路4段10號2樓","40000000","核准設立","2022-01-01 02:44:53.33"
"13129535","皇承保全股份有限公司","臺北市大同區塔城街7號3樓","40000000","核准設立","2022-01-01 02:44:53.33"
"13132258","新禾保全股份有限公司","臺北市大同區民權西路279號5樓之2","40000000","廢止","2022-01-01 02:44:53.33"
"13144867","聯合保全股份有限公司","高雄市鼓山區中華一路247巷19號3樓之2","40000000","核准設立","2022-01-01 02:44:53.33"
"13160752","忠衛保全股份有限公司","高雄市三民區皓東路148號","40000000","解散","2022-01-01 02:44:53.33"
"13168987","齊家保全股份有限公司","新竹縣竹北市縣政十三路5號","100000000","核准設立","2022-01-01 02:44:53.33"
"13176109","珉全保全股份有限公司","高雄市三民區九如二路597號11樓之5","40000000","解散","2022-01-01 02:44:53.33"
"13187921","嘉賀保全股份有限公司","高雄市三民區民族一路80號43樓之1","60000000","核准設立","2022-01-01 02:44:53.33"
"13197765","磐石保全股份有限公司","高雄市三民區九如一路565巷1號","40000000","核准設立","2022-01-01 02:44:53.33"
"16037257","中外保全股份有限公司","臺中市北區忠明路五○二之一號四樓之一","40000000","廢止","2022-01-01 02:44:53.33"
"16099247","威力保全股份有限公司","金門縣金城鎮東門里浯江北堤路16號2樓之2","40000000","核准設立","2022-01-01 02:44:53.33"
"16099725","中鋼保全股份有限公司","高雄市新興區民生一路247號17樓之1","250470000","核准設立","2022-01-01 02:44:53.33"
"16154347","喬信保全股份有限公司","宜蘭縣宜蘭市負郭里泰山路96之1號1、2樓","40000000","核准設立","2022-01-01 02:44:53.33"
"16211950","連晟保全股份有限公司","新北市板橋區實踐路49號(1樓)","40000000","廢止","2022-01-01 02:44:53.33"
"16278157","全亞保全股份有限公司","新北市中和區中正路７５５號２樓之１","40000000","廢止","2022-01-01 02:44:53.33"
"16294706","立保保全股份有限公司","新北市永和區保生路1號23樓之1","839834580","核准設立","2022-01-01 02:44:53.33"
"16298267","宏威保全股份有限公司","桃園市桃園區同德二街158-4號5樓","60000000","核准設立","2022-01-01 02:44:53.33"
"16298800","清三保全股份有限公司","臺北市中山區建國北路2段120號3樓","40000000","核准設立","2022-01-01 02:44:53.33"
"16299343","力霸保泰保全股份有限公司","臺北市大安區信義路4段181號2樓之3","40000000","核准設立","2022-01-01 02:44:53.33"
"16329493","長榮警備保全股份有限公司","臺北市中山區松江路111號4、5樓","202752000","核准設立","2022-01-01 02:44:53.33"
"16360373","捷揚保全股份有限公司","臺中市西屯區逢甲里西屯路二段256巷6號22樓之1及22樓之3","40000000","核准設立","2022-01-01 02:44:53.33"
"16362302","合京保全股份有限公司","桃園市中壢區中央里中山路142號12樓","40000000","核准設立","2022-01-01 02:44:53.33"
"16363490","莒光保全股份有限公司","新竹縣竹北市中崙里光明九路139號2樓","48500000","核准設立","2022-01-01 02:44:53.33"
"16419591","中泰保全股份有限公司","桃園市桃園區國聖二街一五七號一樓","40000000","廢止","2022-01-01 02:44:53.33"
"16420767","民安保全股份有限公司","桃園市桃園區成功里園一街33號5樓之2","40000000","核准設立","2022-01-01 02:44:53.33"
"16460042","全天保全股份有限公司","高雄市三民區安東街12號1樓","40000000","核准設立","2022-01-01 02:44:53.33"
"16478319","全方衛保全股份有限公司","高雄市鼓山區明華路251號16樓","40000000","核准設立","2022-01-01 02:44:53.33"
"16483116","生活保全股份有限公司","新竹縣竹北市竹仁里中山路451號1樓、2樓","60000000","核准設立","2022-01-01 02:44:53.33"
"16492831","台灣東急警保全股份有限公司","新北市永和區永和路1段48號10樓","60000000","核准設立","2022-01-01 02:44:53.33"
"16531406","旭昇保全股份有限公司","桃園市桃園區龍安里文中路745號2樓","40000000","廢止","2022-01-01 02:44:53.33"
"16531623","皇家國際保全股份有限公司","臺北市信義區基隆路2段149之49號10樓之2","40000000","核准設立","2022-01-01 02:44:53.33"
"16541328","勤益保全股份有限公司","臺中市北屯區昌平路一段95之8號13樓","40000000","核准設立","2022-01-01 02:44:53.33"
"16544577","啟安保全股份有限公司","臺中市文心南五路五八六號一樓","40000000","解散","2022-01-01 02:44:53.33"
"16549243","奧瑞保全股份有限公司","桃園市中壢區環北路三九八號二○樓之六","40000000","廢止","2022-01-01 02:44:53.33"
"16578540","欣高保全股份有限公司","新竹縣竹北市中正東路四六號三樓","40000000","解散","2022-01-01 02:44:53.33"
"16580449","中天保全股份有限公司","嘉義縣中埔鄉和睦村中華路798巷14號1樓","40000000","核准設立","2022-01-01 02:44:53.33"
"16610437","巨朝保全股份有限公司","臺北市松山區敦化南路1段102號7樓","40000000","核准設立","2022-01-01 02:44:53.33"
"16619850","全安保全股份有限公司","臺北市信義區忠孝東路5段510號4樓之2","40000000","廢止","2022-01-01 02:44:53.33"
"16630757","家興保全股份有限公司","臺北市信義區忠孝東路5段412號11樓","40000000","核准設立","2022-01-01 02:44:53.33"
"16645766","翼漢保全股份有限公司","南投縣草屯鎮中山街三二○號","40000000","廢止","2022-01-01 02:44:53.33"
"16649340","中原保全股份有限公司","臺中市北屯區崇德路二段256號7樓","40000000","核准設立","2022-01-01 02:44:53.33"
"16692423","全禦保全股份有限公司","桃園市中壢區復華九街139號1樓","40000000","廢止","2022-01-01 02:44:53.33"
"16695195","允信保全股份有限公司","高雄市鳳山區文化路45之17號1樓","40000000","核准設立","2022-01-01 02:44:53.33"
"16706215","敦泰保全股份有限公司","新竹市東區東山里食品路63、65號4樓","40000000","核准設立","2022-01-01 02:44:53.33"
"16712650","雄風保全股份有限公司","新北市新莊區中正路145之21號5樓","40000000","解散","2022-01-01 02:44:53.33"
"16731592","永昌保全股份有限公司","新北市土城區中央路1段318巷23之1號","40000000","解散","2022-01-01 02:44:53.33"
"16732419","漢揚保全股份有限公司","桃園市龜山區大湖里忠義路二段638巷30號1樓","40000000","核准設立","2022-01-01 02:44:53.33"
"16734520","龍昇保全股份有限公司","臺中市西屯區大墩二十街153號1樓","40000000","核准設立","2022-01-01 02:44:53.33"
"16735464","鷹陽保全股份有限公司","臺中市大里區立德里立元路28之1號1樓","40000000","核准設立","2022-01-01 02:44:53.33"
"16735648","鼎盛保全股份有限公司","新北市板橋區中山路2段100號6樓之2","40000000","核准設立","2022-01-01 02:44:53.33"
"16752765","國際保全股份有限公司","臺中市北區明新里大雅路337號11樓之5","40000000","解散","2022-01-01 02:44:53.33"
"16772208","海天保全股份有限公司","臺北市中山區松江路185號14樓","40000000","核准設立","2022-01-01 02:44:53.33"
"16776112","國雲保全股份有限公司","高雄市苓雅區仁義街2之4號7樓","277055100","核准設立","2022-01-01 02:44:53.33"
"16800582","大洋保全股份有限公司","高雄市三民區建國一路411號4樓","40000000","核准設立","2022-01-01 02:44:53.33"
"16804406","中央保全股份有限公司","高雄市三民區博愛1路391號10樓","40000000","核准設立","2022-01-01 02:44:53.33"
"16812638","首席保全股份有限公司","高雄市新興區民族2路13號3樓","40000000","廢止","2022-01-01 02:44:53.33"
"16812980","大新保全股份有限公司","高雄市三民區大昌二路65號3樓之2","40000000","核准設立","2022-01-01 02:44:53.33"
"16816959","中南海保全股份有限公司","高雄市左營區榮總路522巷17號1樓","60000000","核准設立","2022-01-01 02:44:53.33"
"16821329","中華警安保全股份有限公司","高雄市前鎮區中山二路2號10樓之2","145000000","核准設立","2022-01-01 02:44:53.33"
"16821427","德盛保全股份有限公司","新北市汐止區康寧街459巷13號6樓","40000000","核准設立","2022-01-01 02:44:53.33"
"16827153","王府保全股份有限公司","高雄市苓雅區中正一路120號6樓之7","40000000","核准設立","2022-01-01 02:44:53.33"
"16840445","台灣保全股份有限公司","臺北市中山區建國北路1段126號地下1樓","500000000","核准設立","2022-01-01 02:44:53.33"
"16857578","康禾保全股份有限公司","新北市永和區福和路201號3樓之2","50000000","核准設立","2022-01-01 02:44:53.33"
"16860321","巨僑保全股份有限公司","臺中市北區文心路4段200號12樓-1","40000000","核准設立","2022-01-01 02:44:53.33"
"16862432","汎群保全股份有限公司","桃園市中壢區延平路四二九號一一樓之一","40000000","廢止","2022-01-01 02:44:53.33"
"16865000","友聯保全股份有限公司","臺中市西屯區大弘街95號1樓","40000000","解散","2022-01-01 02:44:53.33"
"16867746","中悅尊爵保全股份有限公司","新竹市香山區中埔里牛埔路331之1號1樓","40000000","核准設立","2022-01-01 02:44:53.33"
"16869890","上大保全股份有限公司","新北市板橋區漢生東路173號4樓","40000000","核准設立","2022-01-01 02:44:53.33"
"16877060","昌隆保全股份有限公司","桃園市楊梅區中山北路二段82巷21號7樓","40000000","解散","2022-01-01 02:44:53.33"
"16884549","全日莊保全股份有限公司","桃園市中壢區中央里延平路429號2樓之7","40000000","核准設立","2022-01-01 02:44:53.33"
"16887736","龍居保全股份有限公司","臺中市西區忠誠里太原路1段184-1號3樓之2","40000000","核准設立","2022-01-01 02:44:53.33"
"16905761","國信保全股份有限公司","臺中市南屯區永春東三路381巷22號1樓","40000000","核准設立","2022-01-01 02:44:53.33"
"16906070","富邦保全股份有限公司","桃園市中壢區元化路二段47號6樓","40000000","廢止","2022-01-01 02:44:53.33"
"16917062","富陽保全股份有限公司","桃園市桃園區建國里林森路6巷31-3號","40000000","廢止","2022-01-01 02:44:53.33"
"16935998","輔大保全股份有限公司","新北市新莊區富國路102號8樓","40000000","核准設立","2022-01-01 02:44:53.33"
"16965090","中美保全股份有限公司","新北市新莊區新泰路227號14樓之1","40000000","廢止","2022-01-01 02:44:53.33"
"16975323","遠傳保全股份有限公司","臺中市西區昇平里華美街181號1樓、2樓","40000000","廢止","2022-01-01 02:44:53.33"
"16982892","大中華保全股份有限公司","新北市土城區金城路2段215號","40000000","核准設立","2022-01-01 02:44:53.33"
"16989023","虹偉保全股份有限公司","臺中市北屯區北屯路360號19樓之2","40000000","撤銷公司設立","2022-01-01 02:44:53.33"
"16998634","維信保全股份有限公司","新竹市北區光田里9鄰經國路一段675號8樓之1","40000000","核准設立","2022-01-01 02:44:53.33"
"22720003","衛豐保全股份有限公司","桃園市桃園區經國路15號8樓之3","190000000","核准設立","2022-01-01 02:44:53.33"
"23160921","國聯保全股份有限公司","臺北市中山區南京東路2段62號8樓","110000000","核准設立","2022-01-01 02:44:53.33"
"23288808","台灣保全事業股份有限公司","新北市新莊區新泰路二二九號十五樓","40000000","撤銷","2022-01-01 02:44:53.33"
"23316868","天威保全股份有限公司","臺北市中山區民生東路2段170號2樓","705196800","核准設立","2022-01-01 02:44:53.33"
"23412031","俊邦保全股份有限公司","臺中市南屯區河南路四段506號4樓","50000000","核准設立","2022-01-01 02:44:53.33"
"23460130","天鷹保全股份有限公司","新北市汐止區中興路43之8號2樓","100000000","核准設立","2022-01-01 02:44:53.33"
"23472868","安泰保全股份有限公司","臺中市西屯區何明里漢口路一段54號3樓","40267280","核准設立","2022-01-01 02:44:53.33"
"23512664","漢威保全股份有限公司","桃園市桃園區汴洲里經國一路67號9樓","80000000","核准設立","2022-01-01 02:44:53.33"
"23602623","國興保全股份有限公司","臺北市大同區鄭州路139號9樓","350025450","核准設立","2022-01-01 02:44:53.33"
"23603952","強盛國際保全股份有限公司","新北市新店區五峯路149號2樓","40000000","核准設立","2022-01-01 02:44:53.33"
"23617576","忠華保全事業股份有限公司","新北市三重區重新路4段63號10樓之2","80000000","核准設立","2022-01-01 02:44:53.33"
"23644150","先鋒保全股份有限公司","高雄市前鎮區復興三路148號2樓","150000000","核准設立","2022-01-01 02:44:53.33"
"23654234","寶順保全股份有限公司","高雄市前鎮區民權二路8號10樓之1","119900000","核准設立","2022-01-01 02:44:53.33"
"23768166","穴吹東海保全股份有限公司","臺北市中山區朱崙街60號4樓","55000000","核准設立","2022-01-01 02:44:53.33"
"23837136","賓士保全股份有限公司","新北市板橋區中山路2段100號7樓","102000000","核准設立","2022-01-01 02:44:53.33"
"24210110","信實保全股份有限公司","新竹縣竹北市和平街201號2樓之3","200000000","核准設立","2022-01-01 02:44:53.33"
"24217113","捷順保全股份有限公司","臺中市北區健行里忠明路424號20樓之3","60000000","核准設立","2022-01-01 02:44:53.33"
"24234957","尊瓏保全股份有限公司","新竹市育英里四維路130號9樓之9","40000000","核准設立","2022-01-01 02:44:53.33"
"24235750","萬宇保全股份有限公司","臺南市安南區安慶里安和路二段73巷16號2樓","40000000","核准設立","2022-01-01 02:44:53.33"
"24236913","超群保全股份有限公司","桃園市八德區大福街65號","40000000","核准設立","2022-01-01 02:44:53.33"
"24252069","日長保全股份有限公司","桃園市桃園區春日路1096巷40弄1號1樓","40000000","核准設立","2022-01-01 02:44:53.33"
"24254812","英華保全股份有限公司","新竹市東區忠孝路440號7樓之1","40000000","核准設立","2022-01-01 02:44:53.33"
"24259181","藍海保全股份有限公司","臺中市北區邱厝里健行路373之5號","40000000","核准設立","2022-01-01 02:44:53.33"
"24266280","富士康保全股份有限公司","臺中市西屯區臺灣大道二段633號3樓之2","40000000","核准設立","2022-01-01 02:44:53.33"
"24268512","正新保全股份有限公司","高雄市大樹區三和里義大七街40號1樓","40000000","核准設立","2022-01-01 02:44:53.33"
"24292816","大鶯歌保全股份有限公司","新北市鶯歌區中山路329巷6弄8號(1樓)","40000000","核准設立","2022-01-01 02:44:53.33"
"24350152","華強保全股份有限公司","桃園市桃園區中信里中山路1090號1樓","40000000","廢止","2022-01-01 02:44:53.33"
"24354050","開明保全事業股份有限公司","桃園市桃園區龍鳳里國豐六街67號2樓","40000000","廢止","2022-01-01 02:44:53.33"
"24369883","立誠保全股份有限公司","新北市三峽區復興路59號2樓","40000000","核准設立","2022-01-01 02:44:53.33"
"24374915","廣源保全股份有限公司","新北市永和區福和路389號6樓之2","40000000","核准設立","2022-01-01 02:44:53.33"
"24385899","金鑽保全股份有限公司","臺南市南區府南里永成路3段461巷22號1樓","40000000","核准設立","2022-01-01 02:44:53.33"
"24395340","騰安保全股份有限公司","新北市板橋區文化路2段167號2樓","40000000","核准設立","2022-01-01 02:44:53.33"
"24395741","信安保全股份有限公司","新北市中和區景平路150號2樓之7","40000000","解散","2022-01-01 02:44:53.33"
"24401477","中部保全股份有限公司","臺中市霧峰區育智街31號1-2樓","40000000","核准設立","2022-01-01 02:44:53.33"
"24421749","伯克錸保全股份有限公司","新北市新莊區中央路293號8樓","40000000","核准設立","2022-01-01 02:44:53.33"
"24430677","鴻法保全股份有限公司","臺中市西區臺灣大道二段16號19樓之1","40000000","核准設立","2022-01-01 02:44:53.33"
"24490392","台灣東禎衛保全股份有限公司","新北市永和區中和路499號13樓之8","40000000","核准設立","2022-01-01 02:44:53.33"
"24519378","瑞晟保全股份有限公司","高雄市小港區桂明街166號","40000000","核准設立","2022-01-01 02:44:53.33"
"24585828","燦星保全股份有限公司","臺中市北區賴明里山西路二段13號1樓","40000000","撤銷公司設立","2022-01-01 02:44:53.33"
"24595467","集威國際保全股份有限公司","臺中市南區美村路二段186號7樓之2","40000000","核准設立","2022-01-01 02:44:53.33"
"24602946","鴻鑫保全股份有限公司","臺中市北屯區平安里文心路四段698號9樓之2","40000000","核准設立","2022-01-01 02:44:53.33"
"24615631","臺灣國際警備保全股份有限公司","桃園市中壢區忠福里南園二路368號(1樓)","60000000","核准設立","2022-01-01 02:44:53.33"
"24618052","家誠保全股份有限公司","桃園市中壢區仁美里同慶路48號","40000000","核准設立","2022-01-01 02:44:53.33"
"24630345","哈佛保全股份有限公司","新竹縣竹北市興隆路三段285號1樓","40000000","核准設立","2022-01-01 02:44:53.33"
"24652500","麗池保全股份有限公司","高雄市前鎮區中山二路91號12樓之1","40000000","核准設立","2022-01-01 02:44:53.33"
"24659166","警英保全股份有限公司","高雄市三民區九如一路58號5樓之3","40010000","核准設立","2022-01-01 02:44:53.33"
"24692398","平安保全股份有限公司","新北市樹林區保安街2段6之9號(1樓)","40000000","核准設立","2022-01-01 02:44:53.33"
"24698560","馥笙保全股份有限公司","新北市板橋區文化路1段100號3樓","40000000","核准設立","2022-01-01 02:44:53.33"
"24707842","皇家遊騎兵保全股份有限公司","新北市中和區中正路755號2樓","40000000","核准設立","2022-01-01 02:44:53.33"
"24714597","福恩保全股份有限公司","苗栗縣頭份市頭份里武昌街58號","40000000","核准設立","2022-01-01 02:44:53.33"
"24720900","維德保全股份有限公司","新北市土城區中央路1段121巷10弄4號(1樓)","40000000","核准設立","2022-01-01 02:44:53.33"
"24755029","中實特勤保全股份有限公司","臺北市內湖區瑞光路210號6樓","40000000","核准設立","2022-01-01 02:44:53.33"
"24819683","帝寶國際保全股份有限公司","臺中市西區民龍里臺灣大道二段186號22樓之6","40000000","核准設立","2022-01-01 02:44:53.33"
"24829958","威格保全股份有限公司","臺中市南屯區田心里南屯路二段408號12樓之7","40000000","解散","2022-01-01 02:44:53.33"
"24830884","洛桑國際保全股份有限公司","臺中市西屯區何源里河南路一段170號3樓之1","40000000","核准設立","2022-01-01 02:44:53.33"
"24836634","嘉仕達保全股份有限公司","臺中市北區邱厝里健行路371之3號4樓","40000000","核准設立","2022-01-01 02:44:53.33"
"24870724","精武保全股份有限公司","桃園市八德區仁德路153號1樓","40000000","核准設立","2022-01-01 02:44:53.33"
"24911008","吉祥保全股份有限公司","臺南市北區大豐里和緯路四段95巷23號1樓","40000000","核准設立","2022-01-01 02:44:53.33"
"25001414","旺宏保全股份有限公司","新北市永和區中和路345號4樓","40000000","核准設立","2022-01-01 02:44:53.33"
"25001603","嘉銓保全股份有限公司","臺中市西屯區何安里重慶路99號3樓之1","40000000","核准設立","2022-01-01 02:44:53.33"
"25011721","遠崴保全股份有限公司","臺中市北屯區文心路四段698號19樓之4","40000000","核准設立","2022-01-01 02:44:53.33"
"25015466","新和保全股份有限公司","宜蘭縣宜蘭市大坡路一段39號2樓之2","40000000","核准設立","2022-01-01 02:44:53.33"
"25022924","聯廣保全股份有限公司","新北市新店區中正路37號5樓","40000000","核准設立","2022-01-01 02:44:53.33"
"25026978","永興保全股份有限公司","新北市中和區景平路71之7號2樓之9","40000000","核准設立","2022-01-01 02:44:53.33"
"25028547","萬世安保全股份有限公司","新北市汐止區原興路69號14樓之9","40000000","撤銷","2022-01-01 02:44:53.33"
"25033794","祥欣保全股份有限公司","桃園市桃園區北門里永樂街146號1樓","40000000","核准設立","2022-01-01 02:44:53.33"
"25035836","泰昌保全股份有限公司","新竹縣竹北市斗崙里光明九路198號1樓","40000000","廢止","2022-01-01 02:44:53.33"
"25040394","翔賀保全股份有限公司","新北市淡水區新市一路3段101巷16弄3號9樓","40000000","核准設立","2022-01-01 02:44:53.33"
"25052320","富通保全股份有限公司","桃園市桃園區中平路98號16樓","40000000","核准設立","2022-01-01 02:44:53.33"
"25052996","運通保全股份有限公司","臺中市西區梅川西路二段36號1樓","40000000","核准設立","2022-01-01 02:44:53.33"
"25057887","一零一保全事業股份有限公司","新北市新店區北新路1段147號2樓","40000000","核准設立","2022-01-01 02:44:53.33"
"25070782","科泰保全股份有限公司","新北市新店區安和路2段49號1樓","40000000","核准設立","2022-01-01 02:44:53.33"
"25074099","寶祥保全股份有限公司","臺中市西區華美街269號1樓","40000000","核准設立","2022-01-01 02:44:53.33"
"25075132","鑫龍保全股份有限公司","高雄市鳳山區南京路268號1樓","40000000","核准設立","2022-01-01 02:44:53.33"
"25076049","皇家侍衛保全股份有限公司","新北市新莊區中央路226號16樓","40000000","核准設立","2022-01-01 02:44:53.33"
"25087088","全穎國際保全股份有限公司","新北市淡水區學府路128巷10號(1樓)","40000000","核准設立","2022-01-01 02:44:53.33"
"25089620","龍奇保全股份有限公司","桃園市桃園區南門里漢中路252號1樓","40000000","廢止","2022-01-01 02:44:53.33"
"25090859","震宇保全股份有限公司","桃園市八德區永豐里華康街13號","40000000","核准設立","2022-01-01 02:44:53.33"
"25154240","信齊保全股份有限公司","高雄市鳳山區黃埔路62號2樓","40000000","核准設立","2022-01-01 02:44:53.33"
"25157648","宏基保全股份有限公司","臺中市北屯區水景里東山路一段156之6號11樓之2","40000000","核准設立","2022-01-01 02:44:53.33"
"25175842","豐元保全股份有限公司","新竹市北區北大路307號7樓之2","40000000","核准設立","2022-01-01 02:44:53.33"
"25178518","長龍保全股份有限公司","桃園市桃園區宏昌六街158號2樓","40000000","核准設立","2022-01-01 02:44:53.33"
"25190652","精緻保全股份有限公司","臺中市中區民族路153號5樓之1","40000000","核准設立","2022-01-01 02:44:53.33"
"27202541","玖樺保全股份有限公司","高雄市前鎮區福祥街56巷23號6樓","40000000","解散","2022-01-01 02:44:53.33"
"27210021","和立保全股份有限公司","高雄市三民區大順二路147號6樓之2","40000000","核准設立","2022-01-01 02:44:53.33"
"27215829","博祥保全股份有限公司","高雄市三民區陽明路３８３號４樓","40000000","廢止","2022-01-01 02:44:53.33"
"27215996","偵碩保全股份有限公司","高雄市左營區立信路225號2樓","40000000","廢止","2022-01-01 02:44:53.33"
"27218537","威遠保全股份有限公司","高雄市三民區褒揚街21號1樓、2樓、3樓","40000000","核准設立","2022-01-01 02:44:53.33"
"27218614","頂尖保全股份有限公司","高雄市三民區建興路7號1樓","40000000","核准設立","2022-01-01 02:44:53.33"
"27220908","北高保全股份有限公司","高雄市前鎮區福祥街56巷23號6樓","40000000","核准設立","2022-01-01 02:44:53.33"
"27228015","常安保全股份有限公司","高雄市新興區同愛街7巷1號1樓","40000000","核准設立","2022-01-01 02:44:53.33"
"27261843","佳暉保全股份有限公司","桃園市桃園區中原里宏昌七街78號1樓","40000000","核准設立","2022-01-01 02:44:53.33"
"27267754","元泰保全股份有限公司","桃園市桃園區龍鳳三街65巷42號(1樓)","40000000","核准設立","2022-01-01 02:44:53.33"
"27298010","宏全保全股份有限公司","臺中市南屯區同心里文心路一段218號4樓之3","40000000","核准設立","2022-01-01 02:44:53.33"
"27303415","學成保全股份有限公司","新北市土城區學享街51號","40000000","核准設立","2022-01-01 02:44:53.33"
"27313700","中鼎保全股份有限公司","新北市板橋區中山路1段266號2樓","40000000","核准設立","2022-01-01 02:44:53.33"
"27340256","京華保全股份有限公司","臺北市松山區塔悠路８１號１２樓之１","40000000","解散","2022-01-01 02:44:53.33"
"27363721","龍雲保全股份有限公司","臺中市大里區長榮里德芳路一段231巷24號1樓","40000000","核准設立","2022-01-01 02:44:53.33"
"27384009","達康保全股份有限公司","新北市中和區景平路71之7號2樓之6","40000000","核准設立","2022-01-01 02:44:53.33"
"27384937","長霖保全股份有限公司","臺中市北區民權路559號5樓之3","40000000","核准設立","2022-01-01 02:44:53.33"
"27398221","日展保全股份有限公司","桃園市平鎮區環南路三段二八九號四樓","40000000","廢止","2022-01-01 02:44:53.33"
"27403385","匯茂保全股份有限公司","臺中市西屯區河南路2段262號12樓之10","40000000","核准設立","2022-01-01 02:44:53.33"
"27428631","佳山保全股份有限公司","新竹縣竹北市竹北里十興路305巷8號1樓","40000000","核准設立","2022-01-01 02:44:53.33"
"27436132","威廉赫登保全股份有限公司","臺中市西區臺灣大道二段307號11樓之2","40000000","核准設立","2022-01-01 02:44:53.33"
"27449946","全方位保全股份有限公司","新北市三重區信義西街1巷13號","40000000","核准設立","2022-01-01 02:44:53.33"
"27459232","國勝保全股份有限公司","桃園市平鎮區南京路12巷53號","40000000","核准設立","2022-01-01 02:44:53.33"
"27465213","萬泰保全股份有限公司","新北市土城區金城路2段217號","40000000","核准設立","2022-01-01 02:44:53.33"
"27466141","景美保全股份有限公司","臺南市永康區文化路178號1樓、2樓","40000000","核准設立","2022-01-01 02:44:53.33"
"27471340","國堡保全股份有限公司","臺南市永康區五王里五福街110巷78號1樓","40000000","核准設立","2022-01-01 02:44:53.33"
"27476886","中衛保全股份有限公司","臺中市北屯區軍功里軍功路二段2號5樓","40000000","核准設立","2022-01-01 02:44:53.33"
"27487981","祐晟保全股份有限公司","新竹市學府路61巷2弄9號　","40000000","解散","2022-01-01 02:44:53.33"
"27488932","和興保全股份有限公司","臺中市北屯區平安里文心路四段750之5號","40000000","核准設立","2022-01-01 02:44:53.33"
"27493294","高鐵保全股份有限公司","臺中市北屯區舊社里北屯路390號11樓之3","40000000","核准設立","2022-01-01 02:44:53.33"
"27501344","冠全保全股份有限公司","臺中市西屯區何安里重慶路99號4樓之1","40000000","核准設立","2022-01-01 02:44:53.33"
"27503574","禾聯保全股份有限公司","新北市淡水區中山北路2段227號4樓","40000000","核准設立","2022-01-01 02:44:53.33"
"27503602","嘉信保全股份有限公司","桃園市桃園區三民路三段188號3樓之3","40000000","核准設立","2022-01-01 02:44:53.33"
"27509556","威斌保全股份有限公司","臺中市南區樹德4巷2號","40000000","核准設立","2022-01-01 02:44:53.33"
"27570799","宏固保全股份有限公司","新北市汐止區大同路1段217號12樓之6","40000000","核准設立","2022-01-01 02:44:53.33"
"27585511","家和保全股份有限公司","桃園市龜山區陸光路78號1樓","40000000","核准設立","2022-01-01 02:44:53.33"
"27617892","雅築保全股份有限公司","彰化縣彰化市崙平里中央路184號10樓之12","40000000","核准設立","2022-01-01 02:44:53.33"
"27662565","台灣星荷保全股份有限公司","臺南市永康區東橋里東橋二街109號","40000000","核准設立","2022-01-01 02:44:53.33"
"27683978","和春保全股份有限公司","高雄市三民區正順里建興路370號2樓之13","40000000","核准設立","2022-01-01 02:44:53.33"
"27693223","龍衛保全股份有限公司","高雄市左營區政德路687號1樓","40000000","核准設立","2022-01-01 02:44:53.33"
"27696087","警民保全股份有限公司","高雄市苓雅區凱旋一路3號9樓","40000000","核准設立","2022-01-01 02:44:53.33"
"27702551","全鋒保全股份有限公司","高雄市楠梓區常德路92號1樓","40000000","核准設立","2022-01-01 02:44:53.33"
"27707063","警民連線保全股份有限公司","高雄市左營區明誠二路491號4樓","40000000","核准設立","2022-01-01 02:44:53.33"
"27722775","巨龍保全股份有限公司","臺北市松山區復興北路1號7樓之1","40000000","核准設立","2022-01-01 02:44:53.33"
"27738501","捷元保全股份有限公司","臺北市大同區民生西路102號2樓","40000000","廢止","2022-01-01 02:44:53.33"
"27793573","全日保全股份有限公司","新竹縣竹北市斗崙里光明六路301之3號3樓","40000000","核准設立","2022-01-01 02:44:53.33"
"27812831","聯安中榮保全股份有限公司","新北市板橋區三民路2段37號6樓之3","40000000","核准設立","2022-01-01 02:44:53.33"
"27835285","建華保全股份有限公司","新北市新莊區中山路１段１０９號８樓之６","40000000","廢止","2022-01-01 02:44:53.33"
"27838972","海崴保全股份有限公司","基隆市信義區深澳坑路２之５４號１樓","40000000","廢止","2022-01-01 02:44:53.33"
"27839515","鉅華保全股份有限公司","桃園市中壢區松義路119號(5樓)","40000000","核准設立","2022-01-01 02:44:53.33"
"27860328","上鼎保全股份有限公司","臺中市北區賴興里文心路四段212號9樓之1","40000000","核准設立","2022-01-01 02:44:53.33"
"27880746","鴻誠保全股份有限公司","臺中市北屯區文心路4段696號21樓之2","40000000","核准設立","2022-01-01 02:44:53.33"
"27902663","怡佳保全股份有限公司","臺中市北區賴福里進化北路392之2號6樓之1","40000000","核准設立","2022-01-01 02:44:53.33"
"28052725","安興保全股份有限公司","臺中市北區中清路一段369號8樓之2","40000000","核准設立","2022-01-01 02:44:53.33"
"28062548","集安保全股份有限公司","臺中市南區福順里忠明南路759巷1號1樓","40000000","核准設立","2022-01-01 02:44:53.33"
"28073046","尖兵國際保全股份有限公司","屏東縣屏東市民生路12之16號2樓","40000000","核准設立","2022-01-01 02:44:53.33"
"28091163","鉅登保全股份有限公司","新竹縣竹北市新國里華興三街300號1樓","40000000","核准設立","2022-01-01 02:44:53.33"
"28106362","佳泰保全股份有限公司","新北市汐止區新台五路2段240之1號(1樓)","40000000","核准設立","2022-01-01 02:44:53.33"
"28141305","祐群保全股份有限公司","桃園市楊梅區文化街189巷57號","40000000","核准設立","2022-01-01 02:44:53.33"
"28144529","惠群保全股份有限公司","新北市新莊區中正路145之22號11樓","40000000","核准設立","2022-01-01 02:44:53.33"
"28158749","警正保全股份有限公司","新北市土城區中正路1號6樓之1","40000000","廢止","2022-01-01 02:44:53.33"
"28162440","一一0保全股份有限公司","高雄市鳳山區南成里鳳甲路141號1樓","40000000","核准設立","2022-01-01 02:44:53.33"
"28183471","大無畏保全股份有限公司","新北市土城區中華路2段207號3樓","40000000","核准設立","2022-01-01 02:44:53.33"
"28207241","華德保全股份有限公司","新北市三重區重新路4段176號14樓-1","40000000","核准設立","2022-01-01 02:44:53.33"
"28292416","萬通保全股份有限公司","高雄市苓雅區四維三路８０號１２樓之２","40000000","廢止","2022-01-01 02:44:53.33"
"28323579","居之友保全股份有限公司","臺中市西區公益路130號8樓","40000000","核准設立","2022-01-01 02:44:53.33"
"28349472","勝威保全股份有限公司","高雄市鳳山區東福街17號","40000000","核准設立","2022-01-01 02:44:53.33"
"28352862","大聖保全股份有限公司","高雄市苓雅區海邊路46號8樓之3","40000000","核准設立","2022-01-01 02:44:53.33"
"28369075","鴻福保全股份有限公司","桃園市桃園區東山里鎮東街28號2樓","40000000","核准設立","2022-01-01 02:44:53.33"
"28375680","長安保全股份有限公司","桃園市桃園區大同西路99之3號","40000000","廢止","2022-01-01 02:44:53.33"
"28396854","傑明皇家保全股份有限公司","新北市中和區中山路2段296號3樓之6","40000000","核准設立","2022-01-01 02:44:53.33"
"28494742","大中美國際保全股份有限公司","新北市新莊區中平路198巷15號","40000000","核准設立","2022-01-01 02:44:53.33"
"28506894","永大保全股份有限公司","屏東縣內埔鄉豐田村中正路301號1樓","40000000","核准設立","2022-01-01 02:44:53.33"
"28516892","三盈保全股份有限公司","新北市三峽區中園街56號3樓","40000000","核准設立","2022-01-01 02:44:53.33"
"28578263","安心保全股份有限公司","桃園市桃園區民富九街92之1號1樓","40000000","核准設立","2022-01-01 02:44:53.33"
"28584716","國揚保全股份有限公司","桃園市桃園區三元里大有路206之1號3樓","40000000","核准設立","2022-01-01 02:44:53.33"
"28597917","隆盛保全股份有限公司","高雄市新興區中正三路129號4樓之3","40000000","核准設立","2022-01-01 02:44:53.33"
"28600618","皇家特勤保全股份有限公司","高雄市苓雅區光華一路206號22樓之1","40000000","核准設立","2022-01-01 02:44:53.33"
"28616386","東隆保全股份有限公司","高雄市三民區九如二路251號1樓2樓","40000000","核准設立","2022-01-01 02:44:53.33"
"28638754","全佑保全股份有限公司","高雄市鳳山區建國路三段399號1樓","40000000","廢止","2022-01-01 02:44:53.33"
"28639917","東森警備保全股份有限公司","桃園市中壢區自強里立德街74號(1樓)","40000000","核准設立","2022-01-01 02:44:53.33"
"28646213","保家保全股份有限公司","新竹縣竹北市隘口六街75號","40000000","核准設立","2022-01-01 02:44:53.33"
"28656703","東聯保全股份有限公司","新北市新莊區新莊路98號1樓","40000000","核准設立","2022-01-01 02:44:53.33"
"28657273","萬豐保全股份有限公司","臺中市西屯區成都路18號","40000000","核准設立","2022-01-01 02:44:53.33"
"28666955","權毅保全股份有限公司","臺中市潭子區頭家里得天街91巷29號","40000000","核准設立","2022-01-01 02:44:53.33"
"28714083","萬全保全股份有限公司","臺北市中山區長春路368號10樓","40000000","核准設立","2022-01-01 02:44:53.33"
"28732907","成大保全股份有限公司","新北市林口區文化二路2段110巷19號6樓","40000000","核准設立","2022-01-01 02:44:53.33"
"28749251","瀚鷹保全股份有限公司","桃園市中壢區下內壢15之288號","40000000","解散","2022-01-01 02:44:53.33"
"28761178","達昇保全股份有限公司","桃園市桃園區瑞慶里寶慶路506號7樓","40000000","解散","2022-01-01 02:44:53.33"
"28800405","雄懋保全股份有限公司","新北市三峽區永安街118號4樓","40000000","解散","2022-01-01 02:44:53.33"
"28811493","永安警保全股份有限公司","桃園市桃園區莊敬里同安街668號1樓","40000000","核准設立","2022-01-01 02:44:53.33"
"28816223","永豐保全股份有限公司","桃園市桃園區中州街41號1樓","40000000","廢止","2022-01-01 02:44:53.33"
"28870773","富祥保全股份有限公司","新北市三重區重陽路2段58號2樓","40000000","核准設立","2022-01-01 02:44:53.33"
"28873455","永旭保全股份有限公司","桃園市平鎮區鎮興里中興路平鎮段383號2樓","40000000","核准設立","2022-01-01 02:44:53.33"
"28876024","慧智保全股份有限公司","桃園市蘆竹區經國路908號9樓","40000000","核准設立","2022-01-01 02:44:53.33"
"28877190","新廉興保全股份有限公司","桃園市中壢區青埔二街132巷10號","40000000","核准設立","2022-01-01 02:44:53.33"
"28888197","西北保全股份有限公司","桃園市桃園區中寧里大興西路二段107號8樓","40000000","核准設立","2022-01-01 02:44:53.33"
"28899650","鴻海保全股份有限公司","臺中市西區中興街229號9樓","40000000","核准設立","2022-01-01 02:44:53.33"
"28903388","匯豐保全股份有限公司","桃園市桃園區汴洲里經國一路69號9樓","40000000","核准設立","2022-01-01 02:44:53.33"
"28908052","永固保全股份有限公司","桃園市楊梅區四維里四維路162號2樓","40000000","核准設立","2022-01-01 02:44:53.33"
"28917670","維安保全股份有限公司","桃園市中壢區環北路92號6樓","40000000","核准設立","2022-01-01 02:44:53.33"
"28925067","新家億保全股份有限公司","臺中市北區明新里中清路一段447號13樓之6","41680000","核准設立","2022-01-01 02:44:53.33"
"28930977","德川保全事業股份有限公司","新北市新莊區公園一路135號2樓","40000000","核准設立","2022-01-01 02:44:53.33"
"28936971","晉鼎保全股份有限公司","彰化縣北斗鎮斗苑路二段472號1樓","40000000","核准設立","2022-01-01 02:44:53.33"
"29002457","台灣上將保全股份有限公司","高雄市三民區黃興路230號1樓","40000000","廢止","2022-01-01 02:44:53.33"
"29016662","台灣國際皇家保全股份有限公司","臺中市西區臺灣大道二段239號7樓之5","40000000","核准設立","2022-01-01 02:44:53.33"
"29030046","國統保全股份有限公司","高雄市左營區華夏路1563號1樓","40000000","核准設立","2022-01-01 02:44:53.33"
"29055926","祥泰保全股份有限公司","臺北市內湖區新湖一路141號5樓","40000000","核准設立","2022-01-01 02:44:53.33"
"29063025","台灣怡和保全股份有限公司","臺北市松山區復興北路101號9樓之2","40000000","核准設立","2022-01-01 02:44:53.33"
"29087743","忠陽保全股份有限公司","臺中市西屯區文心路三段107之18號1樓","40000000","核准設立","2022-01-01 02:44:53.33"
"29092154","家合興保全股份有限公司","新北市板橋區中山路2段100號7樓之2","40000000","核准設立","2022-01-01 02:44:53.33"
"29139881","北大保全股份有限公司","新北市樹林區佳園路3段136號","40000000","核准設立","2022-01-01 02:44:53.33"
"29142801","台灣捍衛保全股份有限公司","新北市板橋區長安街198號","40000000","核准設立","2022-01-01 02:44:53.33"
"29146399","英騰保全股份有限公司","臺北市大同區民生西路231號9樓","40000000","核准設立","2022-01-01 02:44:53.33"
"42563585","國際維和保全股份有限公司","新北市三重區重新路5段635之2號8樓","40000000","核准設立","2022-01-01 02:44:53.33"
"42575463","冠偉保全股份有限公司","桃園市八德區高明里高城八街73號","40000000","核准設立","2022-01-01 02:44:53.33"
"42583029","瑞泰保全股份有限公司","桃園市桃園區慈德街106巷12號1樓","40000000","核准設立","2022-01-01 02:44:53.33"
"42664373","鴻元保全股份有限公司","新竹市四維路15號4樓","40000000","核准設立","2022-01-01 02:44:53.33"
"42671043","怡興保全股份有限公司","臺中市北屯區平昌里文心路四段934號9樓之2","40000000","核准設立","2022-01-01 02:44:53.33"
"42674371","誠品保全股份有限公司","臺中市西屯區潮洋里朝馬七街40號2樓","40000000","核准設立","2022-01-01 02:44:53.33"
"42675913","中華富邦保全股份有限公司","臺中市北屯區舊社里北屯路390號8樓之3","40000000","核准設立","2022-01-01 02:44:53.33"
"42680893","亞洲國際保全股份有限公司","臺中市東區東英里旱溪街378號1樓","40000000","核准設立","2022-01-01 02:44:53.33"
"42685659","都安保全股份有限公司","臺中市沙鹿區福興里17鄰福成路130巷18號","40000000","核准設立","2022-01-01 02:44:53.33"
"42691006","大豐保全股份有限公司","新北市新店區建國路235號2樓","40000000","核准設立","2022-01-01 02:44:53.33"
"42694587","李響保全股份有限公司","新北市蘆洲區集賢路224巷46弄16號(1樓)","40000000","核准設立","2022-01-01 02:44:53.33"
"42696712","信義之星保全股份有限公司","新北市汐止區中興路152之3號3樓","40000000","核准設立","2022-01-01 02:44:53.33"
"42707197","瑞陽保全股份有限公司","新北市汐止區忠孝東路487之6號(1樓)","40000000","核准設立","2022-01-01 02:44:53.33"
"42712516","大安都保全股份有限公司","新北市林口區源泉街40號(1樓)","40000000","核准設立","2022-01-01 02:44:53.33"
"42720163","首信保全股份有限公司","新北市板橋區長江路3段113號（1樓）","40000000","核准設立","2022-01-01 02:44:53.33"
"42750406","慶弘保全股份有限公司","桃園市桃園區大興里民有十二街28號10樓","40000000","核准設立","2022-01-01 02:44:53.33"
"42763937","星福保全股份有限公司","嘉義市西區蘭州四街183號","40000000","核准設立","2022-01-01 02:44:53.33"
"42766006","喜來登保全股份有限公司","新竹縣竹北市光明六路東二段358之8號","40000000","核准設立","2022-01-01 02:44:53.33"
"42785931","萬軍保全股份有限公司","新北市板橋區雙十路2段6號之12八樓","40000000","核准設立","2022-01-01 02:44:53.33"
"42786565","禾安保全股份有限公司","新北市汐止區中興路168號13樓之3","40000000","核准設立","2022-01-01 02:44:53.33"
"42798773","詠業保全股份有限公司","高雄市新興區民生一路206號7樓之3","40000000","核准設立","2022-01-01 02:44:53.33"
"42800193","翔鷹保全股份有限公司","高雄市岡山區大成街66號","40000000","核准設立","2022-01-01 02:44:53.33"
"42807338","源川保全股份有限公司","高雄市前金區中正四路151號5樓之1","40000000","核准設立","2022-01-01 02:44:53.33"
"42881913","鼎力保全股份有限公司","臺中市北區山西路一段56號","40000000","核准設立","2022-01-01 02:44:53.33"
"42900138","富達保全股份有限公司","臺中市西屯區何安里臺灣大道二段906號7樓","40000000","核准設立","2022-01-01 02:44:53.33"
"45102538","騰峰保全事業股份有限公司","桃園市桃園區萬壽里復興路49之1號10樓之1","40000000","核准設立","2022-01-01 02:44:53.33"
"45104986","雲動保全股份有限公司","桃園市桃園區文明里民族路55號8樓","40000000","核准設立","2022-01-01 02:44:53.33"
"45111142","九曜保全股份有限公司","桃園市龜山區新興里中興路229號(1樓)","40000000","核准設立","2022-01-01 02:44:53.33"
"45112141","誠鷹特勤保全股份有限公司","桃園市桃園區中路里國際路二段16號1樓","40000000","核准設立","2022-01-01 02:44:53.33"
"45134497","浩勝保全股份有限公司","高雄市三民區寶鼎街29號1、2樓","40000000","核准設立","2022-01-01 02:44:53.33"
"45145728","泓廣保全股份有限公司","臺中市北區博館二街38號1樓","40000000","核准設立","2022-01-01 02:44:53.33"
"45149837","華盛富保全股份有限公司","臺中市西區和龍里臺灣大道二段2號11樓之2","40000000","解散","2022-01-01 02:44:53.33"
"45876391","漢翔保全事業股份有限公司","南投縣南投市三興里南崗一路125號","40000000","核准設立","2022-01-01 02:44:53.33"
"45877981","展崗保全股份有限公司","南投縣草屯鎮中正路486之14號1樓","40000000","核准設立","2022-01-01 02:44:53.33"
"45897776","金將保全股份有限公司","臺南市永康區文化路86號3樓","40000000","核准設立","2022-01-01 02:44:53.33"
"47099502","皇家寶定保全股份有限公司","新北市新店區北新路3段110號(2樓)","40000000","核准設立","2022-01-01 02:44:53.33"
"50819505","坤霖保全股份有限公司","臺中市東區十甲里旱溪街280號1樓","40000000","核准設立","2022-01-01 02:44:53.33"
"50835218","新世邦保全股份有限公司","臺中市西屯區何德里大信街50號5樓之2","40000000","核准設立","2022-01-01 02:44:53.33"
"50881367","誠邦保全股份有限公司","臺北市大安區仁愛路3段9號3樓","40000000","核准設立","2022-01-01 02:44:53.33"
"50916871","桃源保全股份有限公司","桃園市中壢區環中東路二段518號5樓","40000000","核准設立","2022-01-01 02:44:53.33"
"50955803","百居邑保全股份有限公司","桃園市蘆竹區南崁路265號6樓之3","40000000","核准設立","2022-01-01 02:44:53.33"
"50987045","國樹保全股份有限公司","新北市中和區中山路2段351號4樓之2","40000000","核准設立","2022-01-01 02:44:53.33"
"53034541","創群保全股份有限公司","連江縣南竿鄉介壽村245號","40000000","核准設立","2022-01-01 02:44:53.33"
"53041727","新睿峯保全股份有限公司","新竹縣湖口鄉東興村中山路三段482號1樓","40000000","廢止","2022-01-01 02:44:53.33"
"53044506","九鼎保全股份有限公司","臺中市西屯區市政北二路312號1-4樓","40000000","核准設立","2022-01-01 02:44:53.33"
"53048138","宥安保全股份有限公司","桃園市桃園區慈文里5鄰慈雲街40號5樓","40000000","解散","2022-01-01 02:44:53.33"
"53056657","富鄰保全股份有限公司","桃園市桃園區長安里慈文路419號地下一樓","40000000","核准設立","2022-01-01 02:44:53.33"
"53058058","永尉保全股份有限公司","臺中市北屯區北屯路455-6號","40000000","核准設立","2022-01-01 02:44:53.33"
"53058064","非凡保全股份有限公司","基隆市信義區東信路2巷11之1號","40000000","核准設立","2022-01-01 02:44:53.33"
"53066212","維鷹特勤保全股份有限公司","桃園市桃園區中山里中平路102號7樓之1","40000000","核准設立","2022-01-01 02:44:53.33"
"53069301","冠騰保全股份有限公司","桃園市龜山區萬壽路一段161號20樓之1","40000000","核准設立","2022-01-01 02:44:53.33"
"53073500","忠誠保全股份有限公司","臺中市中區三民路二段42之1號9樓之2","40000000","核准設立","2022-01-01 02:44:53.33"
"53086250","東鼎保全股份有限公司","基隆市信義區信一路141巷25號6樓","40000000","核准設立","2022-01-01 02:44:53.33"
"53102765","慶威保全股份有限公司","臺北市松山區八德路3段219號9樓","40000000","核准設立","2022-01-01 02:44:53.33"
"53121600","昌興保全股份有限公司","臺北市內湖區金莊路129號6樓","89000000","核准設立","2022-01-01 02:44:53.33"
"53139545","三商保全股份有限公司","桃園市大園區仁德路47號(1樓)","40000000","核准設立","2022-01-01 02:44:53.33"
"53142302","鴻仁保全股份有限公司","高雄市大樹區新鎮路13巷9弄7號1樓","40000000","核准設立","2022-01-01 02:44:53.33"
"53148087","遠雄保全股份有限公司","新竹市東區仙水里光復路一段531巷76號5樓之2","40000000","核准設立","2022-01-01 02:44:53.33"
"53176533","國原保全股份有限公司","新竹縣竹北市鹿場里自強三路33號3樓","40000000","核准設立","2022-01-01 02:44:53.33"
"53191226","宏達保全股份有限公司","新北市板橋區長安街138巷1弄308之2號","40000000","解散","2022-01-01 02:44:53.33"
"53198311","僑福保全股份有限公司","新北市板橋區三民路2段203之2號","40000000","核准設立","2022-01-01 02:44:53.33"
"53228286","中悅皇家保全股份有限公司","桃園市桃園區莊敬路二段182號","40000000","核准設立","2022-01-01 02:44:53.33"
"53249108","霹靂維安保全股份有限公司","高雄市苓雅區四維三路91號2樓","40000000","核准設立","2022-01-01 02:44:53.33"
"53250224","金盾保全股份有限公司","高雄市前鎮區中山二路91號22樓之4","40000000","核准設立","2022-01-01 02:44:53.33"
"53258128","大軍保全股份有限公司","高雄市仁武區八德西路1752號","40000000","核准設立","2022-01-01 02:44:53.33"
"53292688","立大保全股份有限公司","桃園市桃園區愛五街5號1樓","40000000","核准設立","2022-01-01 02:44:53.33"
"53293032","廣群保全股份有限公司","桃園市桃園區莊敬里同德十一街56號8樓之1","40000000","核准設立","2022-01-01 02:44:53.33"
"53331795","國昀保全股份有限公司","新北市永和區中山路1段311號15樓","40000000","核准設立","2022-01-01 02:44:53.33"
"53363135","德安保全股份有限公司","臺中市東區十甲里東英路443號","40000000","核准設立","2022-01-01 02:44:53.33"
"53368080","天成保全股份有限公司","高雄市仁武區文武里安樂一街363號","40000000","解散","2022-01-01 02:44:53.33"
"53392960","忠正保全股份有限公司","臺中市北屯區北屯區平安里文心路四段750之10號","40000000","核准設立","2022-01-01 02:44:53.33"
"53402550","後憲保全股份有限公司","臺中市西屯區福安里福泰東路10號1樓","40000000","核准設立","2022-01-01 02:44:53.33"
"53416490","天億保全股份有限公司","新北市中和區中正路90號(1樓)","40000000","核准設立","2022-01-01 02:44:53.33"
"53438001","家家保全股份有限公司","新北市三重區仁愛街479之1號(1樓)","40000000","核准設立","2022-01-01 02:44:53.33"
"53451290","日丰保全股份有限公司","新北市汐止區大同路2段240號6樓之1","40000000","核准設立","2022-01-01 02:44:53.33"
"53478328","家衛得保全股份有限公司","新竹縣竹北市竹仁里中山路405號","40000000","核准設立","2022-01-01 02:44:53.33"
"53478973","龍門保全股份有限公司","新竹市東區明湖里明湖路1050巷156號1樓","40000000","核准設立","2022-01-01 02:44:53.33"
"53505943","開南保全股份有限公司","桃園市蘆竹區新興里新興街8號2樓","40000000","核准設立","2022-01-01 02:44:53.33"
"53506268","萬安國際保全股份有限公司","臺南市北區成德里北成路365號1、2樓","40000000","核准設立","2022-01-01 02:44:53.33"
"53538183","威創保全股份有限公司","臺北市中山區民權東路1段55號8樓","40000000","核准設立","2022-01-01 02:44:53.33"
"53577523","創悅保全股份有限公司","高雄市苓雅區憲政路86號1樓","40000000","核准設立","2022-01-01 02:44:53.33"
"53578038","勝泓保全股份有限公司","花蓮縣花蓮市國富二街167號","40000000","核准設立","2022-01-01 02:44:53.33"
"53581322","大齊保全股份有限公司","高雄市前金區文武一街92號1樓","40000000","核准設立","2022-01-01 02:44:53.33"
"53590841","亞米家保全股份有限公司","高雄市鼓山區九如四路1991巷40弄1號1樓","40000000","核准設立","2022-01-01 02:44:53.33"
"53600897","昌霖保全股份有限公司","桃園市八德區興豐路633號1樓","40000000","核准設立","2022-01-01 02:44:53.33"
"53603352","英皇保全股份有限公司","新竹縣竹北市博愛街18之1號1樓","40000000","核准設立","2022-01-01 02:44:53.33"
"53623532","台固保全股份有限公司","桃園市桃園區南埔里永順街115號7樓","40000000","核准設立","2022-01-01 02:44:53.33"
"53628207","遠信保全股份有限公司","臺中市西區公正里大進街208號1樓","40000000","核准設立","2022-01-01 02:44:53.33"
"53642279","環球皇家保全股份有限公司","臺中市北屯區平田里遼陽五街12號1樓","40000000","核准設立","2022-01-01 02:44:53.33"
"53681639","景文保全股份有限公司","新北市新店區安興路125之9號","40000000","核准設立","2022-01-01 02:44:53.33"
"53681743","龍谷保全股份有限公司","新北市淡水區北新路141巷25號","40000000","核准設立","2022-01-01 02:44:53.33"
"53693987","義翔保全股份有限公司","新北市板橋區實踐路34號3樓之1","40000000","核准設立","2022-01-01 02:44:53.33"
"53703423","福克斯保全股份有限公司","新北市板橋區忠孝路63號5樓","40000000","核准設立","2022-01-01 02:44:53.33"
"53826662","鑫誠保全股份有限公司","臺中市北區興進路213號2樓之2","40000000","核准設立","2022-01-01 02:44:53.33"
"53826699","騎士保全股份有限公司","臺中市北屯區安順東二街69號1樓","40000000","核准設立","2022-01-01 02:44:53.33"
"53839625","居安泰保全股份有限公司","臺中市西屯區福和里臺灣大道四段847號14樓","40000000","廢止","2022-01-01 02:44:53.33"
"53853132","居家維安保全股份有限公司","桃園市平鎮區北華里德育路2段149號1樓","40000000","核准設立","2022-01-01 02:44:53.33"
"53854575","兆豐保全股份有限公司","臺中市大雅區上楓里民生路四段21號1樓","40000000","核准設立","2022-01-01 02:44:53.33"
"53873453","亞興保全股份有限公司","新竹縣竹北市中崙里光明六路247號2樓","40000000","核准設立","2022-01-01 02:44:53.33"
"53888673","立洋保全股份有限公司","臺東縣臺東市豐榮里豐榮路36號","40000000","核准設立","2022-01-01 02:44:53.33"
"53892986","路易威鐙保全股份有限公司","嘉義市東區彌陀路238巷1號7樓之2","40000000","核准設立","2022-01-01 02:44:53.33"
"53898216","住商保全股份有限公司","高雄市苓雅區光華一路206號6樓之3","40000000","核准設立","2022-01-01 02:44:53.33"
"53903273","安邦保全股份有限公司","高雄市苓雅區武廟路231號2樓","40000000","核准設立","2022-01-01 02:44:53.33"
"53905188","京鴻保全股份有限公司","高雄市三民區北平二街10號8樓","40000000","核准設立","2022-01-01 02:44:53.33"
"53972101","京鎂保全股份有限公司","新竹縣竹北市復興一街87號2樓","40000000","核准設立","2022-01-01 02:44:53.33"
"53973967","永達保全股份有限公司","桃園市桃園區中寧里大興西路二段99號5樓之2","40000000","核准設立","2022-01-01 02:44:53.33"
"53988315","燊安國際保全股份有限公司","桃園市中壢區幸福里福星六街80號","40000000","核准設立","2022-01-01 02:44:53.33"
"54016964","鴻卓保全股份有限公司","新北市新莊區雙鳳路107號2樓","40000000","核准設立","2022-01-01 02:44:53.33"
"54024107","誠信保全股份有限公司","新北市淡水區中正路2段22巷14號","40000000","核准設立","2022-01-01 02:44:53.33"
"54034674","揚昇保全股份有限公司","新北市板橋區三民路2段190號12樓","40000000","核准設立","2022-01-01 02:44:53.33"
"54043152","安杰國際保全股份有限公司","新北市新莊區思源路169號6樓","40000000","核准設立","2022-01-01 02:44:53.33"
"54046550","家福保全股份有限公司","新北市新莊區中安街1號6樓之1","40000000","核准設立","2022-01-01 02:44:53.33"
"54053587","天下特勤保全股份有限公司","新北市三峽區學成路81號","40000000","核准設立","2022-01-01 02:44:53.33"
"54053947","台灣迪森保全股份有限公司","新北市中和區建八路173號10樓","40000000","核准設立","2022-01-01 02:44:53.33"
"54086623","悅盛保全股份有限公司","臺北市松山區八德路4段666號12樓之3","40000000","核准設立","2022-01-01 02:44:53.33"
"54086715","龍邦保全股份有限公司","臺南市東區關聖里裕和五街215號","200000000","核准設立","2022-01-01 02:44:53.33"
"54107612","中佑警備保全股份有限公司","臺中市西屯區福恩里工業區一路58巷10弄23號2樓","40000000","核准設立","2022-01-01 02:44:53.33"
"54120729","威儀保全股份有限公司","宜蘭縣羅東鎮維揚里維揚路147號1樓","84386040","核准設立","2022-01-01 02:44:53.33"
"54122584","瓏昇保全股份有限公司","臺中市西屯區大墩二十街118號2樓之1","40000000","核准設立","2022-01-01 02:44:53.33"
"54129101","虹鑫保全股份有限公司","臺中市北屯區北屯路360號19樓之2","40000000","核准設立","2022-01-01 02:44:53.33"
"54189281","冠中保全股份有限公司","高雄市三民區九如一路565巷1號5樓之5","40000000","核准設立","2022-01-01 02:44:53.33"
"54196115","永全保全股份有限公司","高雄市苓雅區青年二路47號10樓之2","40000000","核准設立","2022-01-01 02:44:53.33"
"54204620","立信保全股份有限公司","高雄市三民區昌裕街16之5號2樓","40000000","核准設立","2022-01-01 02:44:53.33"
"54210101","鴻邦保全股份有限公司","高雄市苓雅區武廟路146巷10號1樓","40000000","核准設立","2022-01-01 02:44:53.33"
"54210159","華興保全股份有限公司","高雄市前鎮區佛東路93號","40000000","核准設立","2022-01-01 02:44:53.33"
"54210860","銘將保全股份有限公司","屏東縣恆春鎮四溝里興北路中興巷68號1樓","40000000","核准設立","2022-01-01 02:44:53.33"
"54211994","巨將保全股份有限公司","高雄市左營區文學路173號1樓","40000000","核准設立","2022-01-01 02:44:53.33"
"54215345","佳嶧保全股份有限公司","高雄市路竹區中山路486號","40000000","核准設立","2022-01-01 02:44:53.33"
"54225575","奧迪斯保全股份有限公司","臺中市西屯區何南里大墩十九街149號1樓","40000000","核准設立","2022-01-01 02:44:53.33"
"54236313","百事達保全股份有限公司","臺中市北屯區松竹里松順一街15號1樓","40000000","核准設立","2022-01-01 02:44:53.33"
"54238749","正信保全股份有限公司","桃園市蘆竹區南興里南順八街1號5樓之5","40000000","核准設立","2022-01-01 02:44:53.33"
"54238939","金緻保全股份有限公司","臺中市南屯區田心里文心路一段73號6樓之2","40000000","核准設立","2022-01-01 02:44:53.33"
"54249014","名家保全股份有限公司","桃園市中壢區仁美里榮民南路396號(1樓)","40000000","核准設立","2022-01-01 02:44:53.33"
"54256823","警仕廳保全股份有限公司","桃園市中壢區和平里忠孝路283巷24號1樓","60000000","廢止","2022-01-01 02:44:53.33"
"54261733","川井保全股份有限公司","新竹市北區武陵里武陵西二路25號1樓","40000000","核准設立","2022-01-01 02:44:53.33"
"54266250","新亞保全股份有限公司","南投縣埔里鎮枇杷里長春路121號","40000000","核准設立","2022-01-01 02:44:53.33"
"54275814","漢江保全股份有限公司","新北市新莊區中安街27號2樓之2","40000000","核准設立","2022-01-01 02:44:53.33"
"54276551","皇翔保全股份有限公司","新北市板橋區觀光街56之2號6樓","40000000","核准設立","2022-01-01 02:44:53.33"
"54276911","御林保全股份有限公司","桃園市桃園區新埔六街77號15樓之3","40000000","核准設立","2022-01-01 02:44:53.33"
"54285030","大三重保全股份有限公司","新北市三重區重新路5段525號8樓","40000000","核准設立","2022-01-01 02:44:53.33"
"54298730","北之都保全股份有限公司","新北市新店區中興路1段286號2樓","40000000","核准設立","2022-01-01 02:44:53.33"
"54305227","雲鼎保全股份有限公司","新北市三芝區長勤街2號2樓","40000000","核准設立","2022-01-01 02:44:53.33"
"54305417","聚星保全股份有限公司","新北市新莊區中平路268號4樓","40000000","核准設立","2022-01-01 02:44:53.33"
"54319616","鼎岳保全股份有限公司","臺北市文山區羅斯福路5段211巷24號1樓","40000000","解散","2022-01-01 02:44:53.33"
"54511330","格上保全股份有限公司","新竹市北區金竹里武陵路276巷9號4樓","40000000","核准設立","2022-01-01 02:44:53.33"
"54513843","中山保全股份有限公司","桃園市中壢區德義里永泰街111號1樓","40000000","核准設立","2022-01-01 02:44:53.33"
"54513864","錦樺保全股份有限公司","新北市新莊區福美街56號3樓","40000000","核准設立","2022-01-01 02:44:53.33"
"54519972","隆騰保全股份有限公司","桃園市平鎮區新富街138號(1樓)","40000000","核准設立","2022-01-01 02:44:53.33"
"54525398","五嶽保全股份有限公司","桃園市大園區春德路150號2樓","40000000","核准設立","2022-01-01 02:44:53.33"
"54538491","天安保全股份有限公司","桃園市桃園區同安里中正路1092號26樓","40000000","核准設立","2022-01-01 02:44:53.33"
"54547718","勇捷保全股份有限公司","桃園市桃園區中正路1322號9樓","40000000","核准設立","2022-01-01 02:44:53.33"
"54590670","詮鈦保全股份有限公司","臺中市北屯區新平里中平路910號1樓","40000000","核准設立","2022-01-01 02:44:53.33"
"54591185","安士達保全股份有限公司","臺中市南屯區田心里向心路107之2號1樓","40000000","核准設立","2022-01-01 02:44:53.33"
"54596251","勤益國際保全股份有限公司","臺中市北屯區平心里昌平路一段95之8號5樓之1","40000000","核准設立","2022-01-01 02:44:53.33"
"54609426","玖盛保全股份有限公司","臺南市永康區中華路349號17樓之3","40000000","核准設立","2022-01-01 02:44:53.33"
"54623166","雄鷹保全股份有限公司","高雄市鼓山區裕誠路1898號4樓","40000000","核准設立","2022-01-01 02:44:53.33"
"54664829","全怡保全股份有限公司","臺北市中山區敬業四路31號","100000000","核准設立","2022-01-01 02:44:53.33"
"54689321","忠泰保全股份有限公司","新北市淡水區民權路185巷17號(1樓)","40000000","核准設立","2022-01-01 02:44:53.33"
"54730139","衞安保全股份有限公司","新北市新店區北新路1段89號11樓","40000000","核准設立","2022-01-01 02:44:53.33"
"54732848","正陽保全股份有限公司","新北市蘆洲區集賢路211號2樓","40000000","核准設立","2022-01-01 02:44:53.33"
"54739693","新世代保全股份有限公司","彰化縣彰化市五權里金馬路3段47號1樓","40000000","廢止","2022-01-01 02:44:53.33"
"54755601","環球保全股份有限公司","臺中市北區漢口路四段35號3樓之1","40000000","廢止","2022-01-01 02:44:53.33"
"54759971","中友保全股份有限公司","臺中市北區賴村里中清路一段372號8樓","40000000","核准設立","2022-01-01 02:44:53.33"
"54824001","銓隆保全股份有限公司","高雄市苓雅區中山二路412號9樓之2","40000000","核准設立","2022-01-01 02:44:53.33"
"54845224","巨欣保全股份有限公司","新北市永和區福和路309巷20弄7號","40000000","核准設立","2022-01-01 02:44:53.33"
"54849896","群創保全股份有限公司","新北市三重區重陽路1段1號3樓之3","40000000","核准設立","2022-01-01 02:44:53.33"
"54870089","新都星保全股份有限公司","新北市永和區永和路1段67號13樓之1","40000000","核准設立","2022-01-01 02:44:53.33"
"54877061","皇龍保全股份有限公司","新北市三重區重陽路3段192之3號5樓","40000000","核准設立","2022-01-01 02:44:53.33"
"54877463","鼎益保全股份有限公司","新北市新店區寶元路2段60號(1樓)","40000000","核准設立","2022-01-01 02:44:53.33"
"54879912","寶程國際保全股份有限公司","基隆市安樂區麥金路357號10樓","40000000","核准設立","2022-01-01 02:44:53.33"
"54935478","宜丞保全股份有限公司","桃園市中壢區松義路82號","40000000","核准設立","2022-01-01 02:44:53.33"
"55781710","雷德曼保全股份有限公司","臺北市中山區南京東路2段8號6樓","40000000","核准設立","2022-01-01 02:44:53.33"
"55941765","禾康保全股份有限公司","嘉義市西區竹圍里友愛路288號4樓之4","40000000","核准設立","2022-01-01 02:44:53.33"
"56963554","弘鷹保全股份有限公司","苗栗縣頭份市後庄里公北二路116號","40000000","核准設立","2022-01-01 02:44:53.33"
"59101763","鉅翼瀚宇保全股份有限公司","高雄市鳳山區海洋里南福街172號3樓","40000000","核准設立","2022-01-01 02:44:53.33"
"59119124","力行保全股份有限公司","高雄市鼓山區昌盛路334號9樓","40000000","核准設立","2022-01-01 02:44:53.33"
"59120298","警防保全股份有限公司","高雄市苓雅區成功一路232號8樓之11","40000000","核准設立","2022-01-01 02:44:53.33"
"59208630","鑫銓安保全股份有限公司","高雄市左營區先鋒路401號1樓","40000000","核准設立","2022-01-01 02:44:53.33"
"59264554","高軍保全股份有限公司","高雄市三民區博愛一路305號1樓","40000000","核准設立","2022-01-01 02:44:53.33"
"59332379","冠鈞保全股份有限公司","高雄市左營區重和路252號1樓","40000000","核准設立","2022-01-01 02:44:53.33"
"59806208","世界之星保全股份有限公司","臺中市北區健行里忠明路424號17樓之4","40000000","核准設立","2022-01-01 02:44:53.33"
"60278991","華晟保全股份有限公司","臺中市西區美村路一段22號7樓之6","40000000","廢止","2022-01-01 02:44:53.33"
"60797804","御泰保全股份有限公司","臺中市北區光大里五權路190號8樓之7","40000000","核准設立","2022-01-01 02:44:53.33"
"61772106","保誠國際保全股份有限公司","臺中市南屯區南屯里五權西路二段666號8樓之6","40000000","核准設立","2022-01-01 02:44:53.33"
"61872885","榮光保全股份有限公司","臺中市北區健行里中清路一段369號10樓之1","40000000","核准設立","2022-01-01 02:44:53.33"
"61945727","寶格麗保全股份有限公司","臺中市南屯區五權西路二段131號5樓之1","40000000","核准設立","2022-01-01 02:44:53.33"
"61947648","福爾摩沙保全股份有限公司","臺中市中區綠川西街85號3樓之1","40000000","核准設立","2022-01-01 02:44:53.33"
"61956414","品全保全股份有限公司","臺中市北屯區文心路四段698號8樓之1","40000000","核准設立","2022-01-01 02:44:53.33"
"64804911","皇警保全股份有限公司","臺南市東區崇學路234號3樓","40000000","核准設立","2022-01-01 02:44:53.33"
"64956120","禁衛軍保全股份有限公司","臺南市東區關聖里裕和五街191號1樓","77000000","核准設立","2022-01-01 02:44:53.33"
"65144509","晶讚保全股份有限公司","新北市中和區中山路2段132號2樓","40000000","核准設立","2022-01-01 02:44:53.33"
"66462684","浤耀保全股份有限公司","新北市板橋區忠孝路259號3樓","40000000","核准設立","2022-01-01 02:44:53.33"
"66466133","北螢保全股份有限公司","新北市中和區德光路15巷2號（1樓）","40000000","核准設立","2022-01-01 02:44:53.33"
"66467885","伯特吏保全股份有限公司","新北市汐止區大同路2段510號4樓","40000000","廢止","2022-01-01 02:44:53.33"
"68056536","尊榮保全股份有限公司","新北市新店區民權路6號2樓","40000000","核准設立","2022-01-01 02:44:53.33"
"69294085","勤安保全股份有限公司","新北市新莊區中信街30號2樓","40000000","核准設立","2022-01-01 02:44:53.33"
"69410330","好麗保全股份有限公司","桃園市龍潭區北龍路25巷29號","40000000","核准設立","2022-01-01 02:44:53.33"
"69433523","欣安保全股份有限公司","新北市板橋區民生路1段33號5樓之1","40000000","核准設立","2022-01-01 02:44:53.33"
"69466925","泰慶保全股份有限公司","桃園市桃園區中平路98號6樓之2","40000000","核准設立","2022-01-01 02:44:53.33"
"69495858","強祐保全股份有限公司","新北市淡水區竿蓁二街34巷1號(1樓)","40000000","核准設立","2022-01-01 02:44:53.33"
"69519649","憲光保全股份有限公司","桃園市桃園區大興西路二段69巷62號2樓","40000000","核准設立","2022-01-01 02:44:53.33"
"69585041","汎德保全股份有限公司","桃園市蘆竹區福昌里南昌路282巷5號7樓","40000000","核准設立","2022-01-01 02:44:53.33"
"69644533","立群保全股份有限公司","桃園市平鎮區平東路239巷51弄41號","40000000","核准設立","2022-01-01 02:44:53.33"
"69645441","中御保全股份有限公司","新北市汐止區大同路1段185號(1樓)","40000000","核准設立","2022-01-01 02:44:53.33"
"69646096","保成特種保全股份有限公司","桃園市桃園區中平路98號13樓之2","40000000","核准設立","2022-01-01 02:44:53.33"
"69781917","台灣星堡保全股份有限公司","臺南市永康區東橋里東橋七路101號","101000000","核准設立","2022-01-01 02:44:53.33"
"70350492","良福保全股份有限公司","臺北市中山區南京東路2段8號12樓","80500000","核准設立","2022-01-01 02:44:53.33"
"70366163","冠格保全股份有限公司","臺北市大同區民權西路１３６號１６樓之８","40000000","廢止","2022-01-01 02:44:53.33"
"70369979","潤泰保全股份有限公司","臺北市中山區八德路2段308號11樓","69000000","核准設立","2022-01-01 02:44:53.33"
"70376036","台灣佳警保全股份有限公司","臺北市大同區承德路３段１１０號４樓","40000000","廢止","2022-01-01 02:44:53.33"
"70398263","天鎰保全股份有限公司","新北市板橋區信義路235之6號7樓","40000000","核准設立","2022-01-01 02:44:53.33"
"70411131","安新保全股份有限公司","高雄市新興區中正3路129號4樓之3","40000000","廢止","2022-01-01 02:44:53.33"
"70430307","瑞昌保全股份有限公司","高雄市三民區博愛一路70號6樓","40000000","核准設立","2022-01-01 02:44:53.33"
"70432620","威翔保全股份有限公司","新北市板橋區三民路1段89號7樓","40000000","核准設立","2022-01-01 02:44:53.33"
"70438883","大展保全股份有限公司","臺北市松山區八德路4段453巷12號10樓之2","40000000","核准設立","2022-01-01 02:44:53.33"
"70445174","力山保全股份有限公司","新北市板橋區文化路1段329號4樓","60000000","核准設立","2022-01-01 02:44:53.33"
"70451870","僑樂保全股份有限公司","宜蘭縣宜蘭市嵐峰路一段240號1樓","40000000","核准設立","2022-01-01 02:44:53.33"
"70454026","國鼎保全股份有限公司","新北市三重區中正南路84號9樓","40000000","核准設立","2022-01-01 02:44:53.33"
"70465380","世紀保全股份有限公司","新北市汐止區新台五路2段204號地下2樓之17","40000000","核准設立","2022-01-01 02:44:53.33"
"70466276","第建保全股份有限公司","新北市汐止區新台五路1段94號11樓","40000000","核准設立","2022-01-01 02:44:53.33"
"70468921","汎得保全股份有限公司","新北市蘆洲區集賢路238號7樓","40000000","核准設立","2022-01-01 02:44:53.33"
"70472832","豪氏保全股份有限公司","基隆市仁愛區仁一路265巷9號2樓","40000000","核准設立","2022-01-01 02:44:53.33"
"70486878","國祥保全股份有限公司","苗栗縣竹南鎮新南里新南街71巷33號","40000000","核准設立","2022-01-01 02:44:53.33"
"70544505","宏欣保全股份有限公司","臺北市萬華區康定路３６號５樓","40000000","廢止","2022-01-01 02:44:53.33"
"70560379","雄衛保全股份有限公司","臺北市大同區重慶北路3段277號2樓","40000000","核准設立","2022-01-01 02:44:53.33"
"70577857","威勝保全股份有限公司","新北市三重區重新路2段14號3樓","40000000","核准設立","2022-01-01 02:44:53.33"
"70615043","尊龍保全股份有限公司","新竹市東大路二段83號4樓之1","40000000","解散","2022-01-01 02:44:53.33"
"70621354","飛龍保全股份有限公司","新北市板橋區文化路2段498號3樓","40000000","核准設立","2022-01-01 02:44:53.33"
"70622945","喬治亞保全股份有限公司","新北市土城區金城路2段388號3樓","40000000","核准設立","2022-01-01 02:44:53.33"
"70633295","領軍保全股份有限公司","新北市板橋區漢生東路340巷9之1號","40000000","廢止","2022-01-01 02:44:53.33"
"70642787","雷弓保全股份有限公司","彰化縣彰化市中央里中華路151號6樓","40000000","廢止","2022-01-01 02:44:53.33"
"70646622","威龍保全股份有限公司","臺中市南屯區五權西路二段501號10樓","40000000","核准設立","2022-01-01 02:44:53.33"
"70659787","璞石保全股份有限公司","新北市板橋區中正路341巷24號","40000000","廢止","2022-01-01 02:44:53.33"
"70663261","伯誠保全股份有限公司","臺南市北區東豐里開元路三四之一號","40000000","解散","2022-01-01 02:44:53.33"
"70670690","飛鷹保全股份有限公司","新北市五股區自強路113巷1弄14號1樓","40000000","核准設立","2022-01-01 02:44:53.33"
"70674112","富比世保全股份有限公司","臺中市北區永興街298巷8號1樓","40000000","核准設立","2022-01-01 02:44:53.33"
"70682231","福泰保全股份有限公司","新北市新店區安祥路110巷20號(1樓)","40000000","核准設立","2022-01-01 02:44:53.33"
"70682746","國強保全股份有限公司","桃園市平鎮區振興西路16號1樓","40000000","核准設立","2022-01-01 02:44:53.33"
"70690653","國豐保全股份有限公司","基隆市暖暖區源遠路68號4樓","40000000","核准設立","2022-01-01 02:44:53.33"
"70691148","聯邦保全股份有限公司","臺北市中正區羅斯福路4段162號12樓之1","40000000","核准設立","2022-01-01 02:44:53.33"
"70693595","維新保全股份有限公司","臺中市西區忠誠里忠明南路42號12樓","40000000","核准設立","2022-01-01 02:44:53.33"
"70697190","駿衛保全股份有限公司","基隆市安樂區麥金路162號2樓","40000000","核准設立","2022-01-01 02:44:53.33"
"70706114","協合保全股份有限公司","臺中市南屯區文心路一段三七八號二○樓之三","40000000","廢止","2022-01-01 02:44:53.33"
"70709858","科登保全股份有限公司","桃園市桃園區春日路９８５之７號８樓","40000000","解散","2022-01-01 02:44:53.33"
"70713178","東陽保全股份有限公司","新北市中和區中正路166號5樓","60000000","核准設立","2022-01-01 02:44:53.33"
"70713190","玉山保全股份有限公司","新北市三重區重新路3段130號10樓之2","40000000","核准設立","2022-01-01 02:44:53.33"
"70713993","大眾保全股份有限公司","桃園市桃園區朝陽街47號5樓之8","40000000","廢止","2022-01-01 02:44:53.33"
"70714368","秉辰保全股份有限公司","桃園市中壢區環北路四○○號一四樓之三","40000000","廢止","2022-01-01 02:44:53.33"
"70721585","大台中保全股份有限公司","臺中市東區旱溪西路一段280號1樓","40000000","核准設立","2022-01-01 02:44:53.33"
"70723057","金鼎保全股份有限公司","桃園市桃園區國豐六街２２７巷１４號２樓","40000000","廢止","2022-01-01 02:44:53.33"
"70725013","台灣興美保全股份有限公司","臺南市安平區億載里永華十一街17巷25號5樓之3","40000000","核准設立","2022-01-01 02:44:53.33"
"70726414","英豪保全股份有限公司","臺中市中區仁愛街8-3-3號","41680000","核准設立","2022-01-01 02:44:53.33"
"70728840","元大保全股份有限公司","新北市三重區成功路147號2樓","40000000","核准設立","2022-01-01 02:44:53.33"
"70733409","大昆保全股份有限公司","新北市新莊區新泰路229號7樓","40000000","核准設立","2022-01-01 02:44:53.33"
"70737003","太子保全股份有限公司","臺南市永康區甲頂里中正南路30號17樓","131726360","核准設立","2022-01-01 02:44:53.33"
"70743883","康盛保全股份有限公司","新北市新店區北新路1段89號4樓","40000000","核准設立","2022-01-01 02:44:53.33"
"79972838","根森保全股份有限公司","新北市板橋區埤墘里縣民大道3段75號2樓","40000000","廢止","2022-01-01 02:44:53.33"
"79973365","大同保全股份有限公司","桃園市桃園區中寧里大興西路2段35號2樓之5","40000000","廢止","2022-01-01 02:44:53.33"
"79986137","浩瀚保全股份有限公司","臺南市永康區五王里中華路472號2樓之1","40000000","核准設立","2022-01-01 02:44:53.33"
"80009643","東亞保全股份有限公司","新竹縣竹北市竹仁里仁義路72號1樓","50000000","核准設立","2022-01-01 02:44:53.33"
"80019332","幸福保全股份有限公司","新北市板橋區民生路2段175號3樓","40000000","核准設立","2022-01-01 02:44:53.33"
"80052084","鴻興保全股份有限公司","屏東縣屏東市崇蘭里中山路二三二號","40000000","廢止","2022-01-01 02:44:53.33"
"80055337","合歡保全股份有限公司","彰化縣彰化市向陽里崙美路60巷12號","40000000","核准設立","2022-01-01 02:44:53.33"
"80057829","寶城保全股份有限公司","新北市中和區中山路2段296號5樓之5","40000000","核准設立","2022-01-01 02:44:53.33"
"80075191","夜鷹保全股份有限公司","雲林縣斗六市鎮西里中堅西路731號","50000000","核准設立","2022-01-01 02:44:53.33"
"80086731","總督保全股份有限公司","基隆市中山區中山二路三十七號五樓","40000000","廢止","2022-01-01 02:44:53.33"
"80107193","龍群保全股份有限公司","高雄市鳳山區過埤里鳳頂路375號","40000000","核准設立","2022-01-01 02:44:53.33"
"80109262","良和保全股份有限公司","桃園市桃園區大業路一段404之1號2樓","40000000","核准設立","2022-01-01 02:44:53.33"
"80118776","安聯保全股份有限公司","桃園市桃園區中寧里大興西路二段63號12樓　　","40000000","核准設立","2022-01-01 02:44:53.33"
"80119228","齊國保全股份有限公司","桃園市桃園區宏昌十二街508號1樓","40000000","核准設立","2022-01-01 02:44:53.33"
"80133663","壹鈞保全股份有限公司","臺中市北區健行里忠明路200號5樓之1","40000000","廢止","2022-01-01 02:44:53.33"
"80163531","德侒保全股份有限公司","臺北市松山區南京東路5段188號6樓之2","40000000","核准設立","2022-01-01 02:44:53.33"
"80201057","華邦保全股份有限公司","新北市汐止區大同路2段240號10樓之3","40000000","核准設立","2022-01-01 02:44:53.33"
"80212511","銘正保全股份有限公司","臺南市東區富強里中華東路二段226巷27弄68號1樓","40000000","核准設立","2022-01-01 02:44:53.33"
"80224707","理和保全股份有限公司","臺南市中西區府前路二段283號2樓","40000000","核准設立","2022-01-01 02:44:53.33"
"80231171","菁英保全股份有限公司","桃園市桃園區大興西路2段6號5樓之2","40000000","核准設立","2022-01-01 02:44:53.33"
"80234986","三立保全股份有限公司","新北市淡水區中山北路2段221號3樓","40000000","核准設立","2022-01-01 02:44:53.33"
"80237787","中騰保全股份有限公司","新北市中和區中和路366號4樓之1","40000000","核准設立","2022-01-01 02:44:53.33"
"80246364","勤讚保全股份有限公司","新北市中和區民德路358號2樓","40000000","核准設立","2022-01-01 02:44:53.33"
"80270130","精英保全股份有限公司","新北市三重區三和路4段16號13樓","40000000","核准設立","2022-01-01 02:44:53.33"
"80278610","三井保全股份有限公司","臺北市松山區敦化北路１４５巷４９號１樓","40000000","廢止","2022-01-01 02:44:53.33"
"80288146","永軍保全股份有限公司","新北市淡水區水源街1段122巷8號2樓","40000000","核准設立","2022-01-01 02:44:53.33"
"80288791","誠泰保全股份有限公司","基隆市七堵區百六街88號1樓","40000000","核准設立","2022-01-01 02:44:53.33"
"80303836","唐埕保全股份有限公司","新北市永和區中和路345號8樓之1","40000000","核准設立","2022-01-01 02:44:53.33"
"80386836","竑威保全股份有限公司","高雄市左營區榮成三街16號6樓之1","40000000","核准設立","2022-01-01 02:44:53.33"
"80416521","怡保保全股份有限公司","臺中市西屯區福和里臺灣大道四段839號14樓","40000000","核准設立","2022-01-01 02:44:53.33"
"80418149","聯總保全股份有限公司","高雄市大寮區民義街65之1號","40000000","核准設立","2022-01-01 02:44:53.33"
"80431494","格登保全股份有限公司","新竹市光華北街69號4樓","40000000","核准設立","2022-01-01 02:44:53.33"
"80434534","弘毅保全股份有限公司","新竹縣竹北市文信路五二號一樓","40000000","核准設立","2022-01-01 02:44:53.33"
"80476668","長宏興保全股份有限公司","基隆市信義區信一路一三三之二號四樓","40000000","廢止","2022-01-01 02:44:53.33"
"80549584","國光保全股份有限公司","新北市三重區重新路3段111號4樓之1","40000000","核准設立","2022-01-01 02:44:53.33"
"80549590","大文山保全股份有限公司","新北市永和區永利路171號","40000000","核准設立","2022-01-01 02:44:53.33"
"80558041","亞大保全股份有限公司","新北市新店區北新路1段10號16樓","40000000","核准設立","2022-01-01 02:44:53.33"
"80589826","宏展保全股份有限公司","新北市三重區重新路5段637之1號8樓","40000000","核准設立","2022-01-01 02:44:53.33"
"80595685","台塑保全股份有限公司","桃園市桃園區大有路四八七號三樓之一","40000000","廢止","2022-01-01 02:44:53.33"
"80599280","偉盛保全股份有限公司","桃園市桃園區大有里寶山街58巷21號1樓","40000000","核准設立","2022-01-01 02:44:53.33"
"80599325","威駿保全股份有限公司","新竹市北區成功路93號","40000000","核准設立","2022-01-01 02:44:53.33"
"80599872","順安保全股份有限公司","桃園市中壢區成章二街145號1樓","40000000","核准設立","2022-01-01 02:44:53.33"
"80628829","三禾保全股份有限公司","基隆市七堵區百六街一○三號四樓","40000000","解散","2022-01-01 02:44:53.33"
"80640632","警聯保全股份有限公司","臺中市東區振興路412巷50號2樓","40000000","核准設立","2022-01-01 02:44:53.33"
"80672079","長城保全股份有限公司","基隆市安樂區基金一路121巷10之7號1樓","40000000","核准設立","2022-01-01 02:44:53.33"
"80701026","明新保全股份有限公司","臺中市東區東信里旱溪東路1段369號1之2樓","40000000","廢止","2022-01-01 02:44:53.33"
"80745489","東森保全股份有限公司","新竹縣竹北市斗崙里福興路九七九之三九號","40000000","解散","2022-01-01 02:44:53.33"
"82803344","洪英特勤保全股份有限公司","新北市汐止區新台五路1段159號14樓之8","40000000","核准設立","2022-01-01 02:44:53.33"
"82806102","皇霖保全股份有限公司","臺中市南區江川里建成路1725號2樓","40000000","核准設立","2022-01-01 02:44:53.33"
"82857517","僑富保全股份有限公司","臺中市北區賴興里文心路四段200號12樓之5","40000000","核准設立","2022-01-01 02:44:53.33"
"82867064","創富國際保全股份有限公司","高雄市新興區民生一路247號9樓之2","40000000","核准設立","2022-01-01 02:44:53.33"
"83077692","華京保全股份有限公司","新北市三重區重陽路1段89號3樓之2","40000000","核准設立","2022-01-01 02:44:53.33"
"83078502","八方達保全股份有限公司","高雄市楠梓區芎林二街322號1樓","41500000","核准設立","2022-01-01 02:44:53.33"
"83096261","威泰保全事業股份有限公司","臺中市清水區南社里鰲峰路358號2樓","40000000","核准設立","2022-01-01 02:44:53.33"
"83229950","安和保全股份有限公司","高雄市左營區文學路173號2樓","40000000","核准設立","2022-01-01 02:44:53.33"
"83258271","揚恩保全股份有限公司","新北市淡水區中山北路2段219號4樓","40000000","核准設立","2022-01-01 02:44:53.33"
"83264111","特斯拉保全股份有限公司","臺北市大安區光復南路692巷19號1樓","41680000","核准設立","2022-01-01 02:44:53.33"
"83289534","東安國際保全股份有限公司","新北市新店區安祥路147巷33號11樓","40000000","核准設立","2022-01-01 02:44:53.33"
"83380408","米高梅保全股份有限公司","新北市三重區五華街146號2樓","40000000","核准設立","2022-01-01 02:44:53.33"
"83386727","誠宇保全股份有限公司","臺中市西屯區朝馬七街38號","40000000","核准設立","2022-01-01 02:44:53.33"
"83414596","大禾保全股份有限公司","新北市三重區集賢路110號","40000000","核准設立","2022-01-01 02:44:53.33"
"83445768","峰匯國際保全股份有限公司","新竹縣竹北市新崙里中華路171號五樓之一","40000000","核准設立","2022-01-01 02:44:53.33"
"83490307","禾騏國際保全股份有限公司","桃園市平鎮區環南路521號（4樓）","40000000","核准設立","2022-01-01 02:44:53.33"
"83575071","萬康世紀保全股份有限公司","桃園市平鎮區崇義五街二巷5號7樓","40000000","核准設立","2022-01-01 02:44:53.33"
"83702800","怡誠保全股份有限公司","新北市板橋區民族路60號7樓","40000000","核准設立","2022-01-01 02:44:53.33"
"83901054","威格國際保全股份有限公司","臺中市南屯區文心南六路171巷22號1樓","40000000","核准設立","2022-01-01 02:44:53.33"
"84445196","賓志保全股份有限公司","高雄市鼓山區明華路251號17樓","110000000","核准設立","2022-01-01 02:44:53.33"
"84447265","華信保全股份有限公司","高雄市苓雅區安祥里中正二路20號6樓之1","40000000","核准設立","2022-01-01 02:44:53.33"
"84703721","歐艾斯保全股份有限公司","臺北市松山區八德路3段20號10樓之2","40000000","核准設立","2022-01-01 02:44:53.33"
"84926589","中德保全股份有限公司","臺北市大安區光復南路102號10樓","50000000","核准設立","2022-01-01 02:44:53.33"
"84938375","東京都保全股份有限公司","臺北市中正區忠孝東路1段55號3樓","120000000","核准設立","2022-01-01 02:44:53.33"
"85053484","後憲國際保全股份有限公司","臺中市北區健行里忠明路432號6樓之1","40000000","核准設立","2022-01-01 02:44:53.33"
"85122779","長龍國際保全股份有限公司","金門縣金城鎮西門里民權路226巷2弄13號6樓","40000000","核准設立","2022-01-01 02:44:53.33"
"86007501","霖園保全股份有限公司","臺北市松山區南京東路4段53巷10弄2號","42000000","解散","2022-01-01 02:44:53.33"
"89409938","協記保全股份有限公司","高雄市前金區市中一路242之32號8樓","40000000","核准設立","2022-01-01 02:44:53.33"
"89418802","警光保全股份有限公司","高雄市苓雅區中正一路305號9樓","40000000","核准設立","2022-01-01 02:44:53.33"
"89441178","誼光保全股份有限公司","新北市板橋區中山路1段141號4樓","361746000","核准設立","2022-01-01 02:44:53.33"
"89456143","昇陽保全股份有限公司","臺北市大安區忠孝東路4段289號10樓之3","40000000","核准設立","2022-01-01 02:44:53.33"
"89687812","忠勤保全股份有限公司","臺中市南屯區田心里大墩四街二五六號二、三樓","40000000","廢止","2022-01-01 02:44:53.33"
"89803538","宏國保全股份有限公司","新竹市武陵路2號3樓之2","40000000","核准設立","2022-01-01 02:44:53.33"
"89850551","慶豐保全股份有限公司","新北市板橋區民生路1段33號17樓之2","40000000","核准設立","2022-01-01 02:44:53.33"
"89857793","龍虎保全股份有限公司","臺中市北區大雅路五七號十一樓之九","40000000","核准設立","2022-01-01 02:44:53.33"
"89921508","中陽保全股份有限公司","臺中市北區健行路581號5樓之2","40000000","廢止","2022-01-01 02:44:53.33"
"89969642","中信保全股份有限公司","臺北市南港區經貿二路188號5樓","47695160","核准設立","2022-01-01 02:44:53.33"
"90574793","欣達保全股份有限公司","新北市中和區中和路179號2樓","40000000","核准設立","2022-01-01 02:44:53.33"
"90584639","禧玥保全股份有限公司","新北市淡水區沙崙路143之6號","40000000","核准設立","2022-01-01 02:44:53.33"
"90708293","軾騰保全股份有限公司","新北市三重區永安北路2段5巷10號(1樓)","40000000","核准設立","2022-01-01 02:44:53.33"
"90758568","中華警備保全股份有限公司","桃園市桃園區國際路一段22號(5樓)","40000000","核准設立","2022-01-01 02:44:53.33"
"91014307","星創保全股份有限公司","臺南市永康區東橋七路151號","40000000","核准設立","2022-01-01 02:44:53.33"
"91116058","源荷保全股份有限公司","臺南市永康區塩行里中正路926巷10號","40000000","核准設立","2022-01-01 02:44:53.33"
"96965641","復興保全股份有限公司","臺北市中山區松江路101號2樓之1","42000000","核准設立","2022-01-01 02:44:53.33"
"97044530","祥安保全股份有限公司","新北市板橋區四川路2段16巷5號5樓","40000000","核准設立","2022-01-01 02:44:53.33"
"97273081","聯安保全股份有限公司","新北市板橋區三民路2段37號6樓","100000000","核准設立","2022-01-01 02:44:53.33"
"97275594","萬安保全股份有限公司","臺南市新營區忠政里中正路55號3樓之1","80000000","核准設立","2022-01-01 02:44:53.33"
"97341948","起將保全股份有限公司","臺南市安平區慶平路563號","50000000","核准設立","2022-01-01 02:44:53.33"
"97412823","衛鄉保全股份有限公司","臺中市西屯區青海路三段二七二巷一八號地下一樓","40000000","廢止","2022-01-01 02:44:53.33"
"97421695","華岡保全股份有限公司","臺中市北區進化北路392之2號10樓之2","44800000","核准設立","2022-01-01 02:44:53.33"
"97439718","天下保全股份有限公司","臺北市中正區中山北路1段2號6樓","80000000","核准設立","2022-01-01 02:44:53.33"
