﻿"統一編號","公司名稱","公司地址","實收資本額","公司狀態","產製日期"
"12611961","亞諾美斯股份有限公司","新北市新莊區豐年街二０巷一三號","8000000","廢止","2022-01-01 02:44:55.64"
"12791008","丁泉實業有限公司","臺南市安平區育平里郡平路二七四巷三十號","0","廢止","2022-01-01 02:44:55.64"
"12954564","美榮有限公司","臺北市大安區杭州南路2段25巷13號","0","廢止","2022-01-01 02:44:55.64"
"13074975","常勤國際有限公司","彰化縣彰化市民權里民族路395巷47號","0","核准設立","2022-01-01 02:44:55.64"
"13186269","恰恰寵物有限公司","高雄市三民區民族一路710號","null","解散","2022-01-01 02:44:55.64"
"16001808","永慶實業股份有限公司","臺中市北區中清路一段629號2樓","51100000","核准設立","2022-01-01 02:44:55.64"
"16467925","勝元科技有限公司","嘉義市美源里杭州3街25號1樓","0","解散","2022-01-01 02:44:55.64"
"16706566","鴻鑫國際有限公司","臺中市西區土庫里五權三街409號一樓","null","核准設立","2022-01-01 02:44:55.64"
"16795292","水正國際有限公司","臺北市大同區民生西路174號1樓","0","核准設立","2022-01-01 02:44:55.64"
"22737378","千銘實業有限公司","臺北市士林區承德路4段91號4樓","null","核准設立","2022-01-01 02:44:55.64"
"24203194","玖隆寵物生活有限公司","新北市淡水區淡金路3段296號1樓","null","核准設立","2022-01-01 02:44:55.64"
"24206919","聖豐兩岸貿易有限公司","臺中市西屯區協和里安和路6-26號","null","核准設立","2022-01-01 02:44:55.64"
"24299698","德睿國際有限公司","新北市淡水區中正東路2段121之3號","0","核准設立","2022-01-01 02:44:55.64"
"24342935","愛狗園有限公司","臺北市大安區基隆路2段124號","null","核准設立","2022-01-01 02:44:55.64"
"24436546","開懷大蔣有限公司","臺中市南屯區楓樹里楓樹西街147號1樓","null","解散","2022-01-01 02:44:55.64"
"24666906","御台國際有限公司","高雄市鳳山區建國路3段501號","null","核准設立","2022-01-01 02:44:55.64"
"24699239","岱民國際開發有限公司","新北市三芝區中山路1段18號(1樓)","0","解散","2022-01-01 02:44:55.64"
"24713990","唯勤國際有限公司","臺北市士林區中山北路6段419巷19號5樓","0","核准設立","2022-01-01 02:44:55.64"
"25170966","開懷小顏有限公司","臺中市南屯區向心里永春東路612號1樓","null","解散","2022-01-01 02:44:55.64"
"25177004","大同寵物用品有限公司","屏東縣屏東市崇蘭里自由路629號","0","核准設立","2022-01-01 02:44:55.64"
"27275500","班強寵物有限公司","新北市淡水區中正東路77號1樓","null","解散","2022-01-01 02:44:55.64"
"27394597","光華寵物城有限公司","新竹市東區復興里自由路九七號一樓","null","廢止","2022-01-01 02:44:55.64"
"27411744","平成寵物有限公司","新北市汐止區新台五路二段四一巷二四號","0","解散","2022-01-01 02:44:55.64"
"27433579","台灣寵物世界股份有限公司","臺南市南區西門路一段473號4樓","45000000","核准設立","2022-01-01 02:44:55.64"
"27433986","移動國際貿易有限公司","臺中市神岡區社南里民生路16號1樓","null","解散","2022-01-01 02:44:55.64"
"27472642","裕毛寶名犬有限公司","臺中市西屯區何厝里西屯路二段63之2號1樓","null","解散","2022-01-01 02:44:55.64"
"27502110","喵汪精品貿易有限公司","桃園市桃園區武陵里民生路五六號","null","廢止","2022-01-01 02:44:55.64"
"27538004","武祐有限公司","臺北市中山區長春路１０６號","null","廢止","2022-01-01 02:44:55.64"
"27603068","玄晶寵物水族有限公司","彰化縣彰化市崙平里一二鄰建和街１６巷４號１樓","null","廢止","2022-01-01 02:44:55.64"
"27607819","旭海水族寵物有限公司","臺中市北屯區瀋陽北路8號2樓","0","解散","2022-01-01 02:44:55.64"
"27631677","優霈寵物百貨有限公司","彰化縣彰化市復興里中山路3段１４４號","null","解散","2022-01-01 02:44:55.64"
"27649043","喜市多寵物有限公司","新北市中和區中山路２段２８０、２８２號","null","解散","2022-01-01 02:44:55.64"
"27651336","宏杉有限公司","臺中市大里區塗城路３４９之３號１樓","null","廢止","2022-01-01 02:44:55.64"
"27852967","中圓寵物股份有限公司","桃園市桃園區同安里中正路836號","50000000","核准設立","2022-01-01 02:44:55.64"
"27865132","陽印國際有限公司","嘉義市東區豐年里吳鳳南路6號1樓","null","解散","2022-01-01 02:44:55.64"
"27883883","品泰鳥業有限公司","臺中市南區福平里美村路二段106巷21弄7號1樓","0","核准設立","2022-01-01 02:44:55.64"
"27884742","昱碩國際事業股份有限公司","新北市汐止區福德一路342巷1弄33號","29000000","核准設立","2022-01-01 02:44:55.64"
"28038175","勝凱成有限公司","臺中市南屯區文心路1段186號13樓之4","null","廢止","2022-01-01 02:44:55.64"
"28147595","詳虎實業股份有限公司","臺中市南屯區五權西路２段１３１號、１３１號２樓","10000000","解散","2022-01-01 02:44:55.64"
"28166522","宏駿貿易有限公司","臺中市西屯區福林里福雅路53號1樓","0","核准設立","2022-01-01 02:44:55.64"
"28314805","葳旺有限公司","桃園市桃園區建國里15鄰大林路20-1、20-2號","0","核准設立","2022-01-01 02:44:55.64"
"28339051","晟翔實業有限公司","臺中市南屯區文心路1段159號1樓","null","解散","2022-01-01 02:44:55.64"
"28449536","宇宙爬叢貿易有限公司","臺北市大同區延平北路1段22號2樓之4","null","解散","2022-01-01 02:44:55.64"
"28503405","臣信事業有限公司","臺中市南屯區同心里五權西路2段203號1樓","null","解散","2022-01-01 02:44:55.64"
"28603988","奧斯卡寵物股份有限公司","高雄市楠梓區藍昌路425號","60915000","核准設立","2022-01-01 02:44:55.64"
"28624668","玩家寵物用品開發有限公司","新北市新店區黎明路64巷6號","0","核准設立","2022-01-01 02:44:55.64"
"28789773","寶羅國際寵物美容股份有限公司","臺中市北區中清路一段633號2樓","5000000","核准設立","2022-01-01 02:44:55.64"
"29022637","日優盛寵物精品有限公司","高雄市苓雅區中山2路461號7樓之1","0","核准設立","2022-01-01 02:44:55.64"
"29064431","德鎰制國際藝能有限公司","臺北市松山區八德路2段429號2樓、3樓、4樓","0","核准設立","2022-01-01 02:44:55.64"
"29069816","噶瑪軒股份有限公司","臺北市松山區南京東路4段93號3樓","500000","核准設立","2022-01-01 02:44:55.64"
"29150695","晉宏寵物有限公司","新北市板橋區文化路2段501、503號1樓及505巷1、3號1樓","null","解散","2022-01-01 02:44:55.64"
"42573958","奇異貿易有限公司","南投縣草屯鎮北勢里玉屏路65號1樓","0","解散","2022-01-01 02:44:55.64"
"42670972","超級寵美顧問有限公司","臺中市北區梅川里漢口路四段365號","0","核准設立","2022-01-01 02:44:55.64"
"42680417","倍倍寵物有限公司","臺中市龍井區中央路三段188巷8弄1號1樓","0","核准設立","2022-01-01 02:44:55.64"
"42901832","熊美有限公司","臺南市永康區中山南路106-6號1樓","0","核准設立","2022-01-01 02:44:55.64"
"45887138","五心興業有限公司","臺中市豐原區翁子里圓環東路839號1，2，3樓","0","核准設立","2022-01-01 02:44:55.64"
"45889868","甜甜寵物訓練有限公司","臺中市西區大業路5號","0","解散","2022-01-01 02:44:55.64"
"47098264","金吉兒寵物事業有限公司","新北市新店區安康路2段77號","null","核准設立","2022-01-01 02:44:55.64"
"50801836","廣興貿易股份有限公司","高雄市楠梓區後昌路811號1樓","1000000","核准設立","2022-01-01 02:44:55.64"
"50834647","寵愛水族寵物事業有限公司","臺中市北屯區水景里東山路一段156-31號","0","核准設立","2022-01-01 02:44:55.64"
"53193110","永利昌國際有限公司","新北市林口區竹林路2號(1樓)4號(1樓)","null","核准設立","2022-01-01 02:44:55.64"
"53332561","景揚寵物有限公司","臺北市大安區基隆路2段108號、110號","null","解散","2022-01-01 02:44:55.64"
"53416750","萬達寵物事業股份有限公司","臺北市中山區長安東路1段23號4樓之3","321000000","核准設立","2022-01-01 02:44:55.64"
"53494811","狗仔隊寵物用品有限公司","嘉義市西區福全里友愛路187號","0","廢止","2022-01-01 02:44:55.64"
"53557322","金佰達國際有限公司","臺北市內湖區舊宗路1段2號","null","解散","2022-01-01 02:44:55.64"
"53571886","杜莉德寵物有限公司","高雄市苓雅區新光路140巷15號1樓","0","核准設立","2022-01-01 02:44:55.64"
"53779886","晏聖寵物用品有限公司","彰化縣彰化市復興里中山路三段144號","null","核准設立","2022-01-01 02:44:55.64"
"53781460","智威喜樂國際有限公司","嘉義市西區美源里仁愛路168-2號1．2樓","null","解散","2022-01-01 02:44:55.64"
"53893922","有馬寵物精品有限公司","高雄市三民區建工路441、443號1樓及2樓","null","解散","2022-01-01 02:44:55.64"
"54068435","首侖企業有限公司","臺南市歸仁區武東里中正南路二段66號1樓","0","核准設立","2022-01-01 02:44:55.64"
"54074984","永魚寵物有限公司","臺南市永康區中華路707號","0","核准設立","2022-01-01 02:44:55.64"
"54190294","寵物王朝有限公司","高雄市橋頭區成功南路148巷1號1樓","0","核准設立","2022-01-01 02:44:55.64"
"54735872","爵靈企業有限公司","臺北市大安區基隆路2段134之1號","0","核准設立","2022-01-01 02:44:55.64"
"54753603","魚中魚樂活有限公司","臺中市南屯區文心路一段378號27樓之6","0","核准設立","2022-01-01 02:44:55.64"
"54775016","聯邦寵物行銷事業有限公司","嘉義市西區福安里北港路313號","0","廢止","2022-01-01 02:44:55.64"
"59230915","法鬥家族寵物有限公司","高雄市茄萣區白砂路43號","0","核准設立","2022-01-01 02:44:55.64"
"59311178","海王子股份有限公司","高雄市楠梓區藍昌路423號2樓","13000000","核准設立","2022-01-01 02:44:55.64"
"59318263","寵物王國股份有限公司","高雄市楠梓區高楠公路870之1號","43000000","核准設立","2022-01-01 02:44:55.64"
"69387794","木子六企業有限公司","新北市中和區和平街17之1號","0","核准設立","2022-01-01 02:44:55.64"
"70456544","全智生物科技有限公司","臺北市文山區景興路195號3樓之3","0","核准設立","2022-01-01 02:44:55.64"
"70522925","大家的寵物網路合作股份有限公司","新北市三重區重陽路一段一一三巷一弄二一號一樓","2000000","解散","2022-01-01 02:44:55.64"
"70626908","生春有限公司","彰化縣溪湖鎮湖西里二溪路一段一四一號","null","解散","2022-01-01 02:44:55.64"
"70637784","桃龍開發股份有限公司","桃園市桃園區大豐里二四鄰金門一街六號","38000000","廢止","2022-01-01 02:44:55.64"
"70639559","鈺民有限公司","臺中市南區福中街11號1樓","0","核准設立","2022-01-01 02:44:55.64"
"80051557","安諾美斯股份有限公司","臺中市西屯區文心路三段一九五之一號","5000000","廢止","2022-01-01 02:44:55.64"
"80106336","泓洋國際有限公司","新竹縣竹北市竹仁里３２鄰中山路４６５號","null","解散","2022-01-01 02:44:55.64"
"80130434","巨豐國際企業股份有限公司","桃園市桃園區玉山里大同西路105號1樓","1000000","核准設立","2022-01-01 02:44:55.64"
"80320146","滿貫實業有限公司","新北市新莊區天祥街九○號","null","廢止","2022-01-01 02:44:55.64"
"80544976","班豪寵物有限公司","臺北市大安區忠孝東路3段98之1號1樓","null","解散","2022-01-01 02:44:55.64"
"80574339","卡哇伊寵物有限公司","新北市蘆洲區長榮路70號","null","廢止","2022-01-01 02:44:55.64"
"80612740","昇總實業有限公司","新北市新店區秀水路三號六樓","null","廢止","2022-01-01 02:44:55.64"
"80633512","晉宇寵物服務股份有限公司","新北市新莊區豐年街２０巷１３號","4000000","廢止","2022-01-01 02:44:55.64"
"80694691","班福寵物有限公司","臺北市內湖區成功路3段162之1號","null","解散","2022-01-01 02:44:55.64"
"80712425","臻興貿易有限公司","桃園市平鎮區民族路二段二○五號","null","解散","2022-01-01 02:44:55.64"
"80723181","達寶國際企業有限公司","臺中市南屯區文心路一段一五九號一樓","null","解散","2022-01-01 02:44:55.64"
"80739064","豪峻實業有限公司","嘉義市西區博愛路二段37號1樓","0","核准設立","2022-01-01 02:44:55.64"
"82770364","晴虹貓咪美容有限公司","臺中市南區福順里南陽街90號1、2樓","0","核准設立","2022-01-01 02:44:55.64"
"83058148","萌家國際貿易有限公司","桃園市中壢區仁愛里普忠路581巷25號(2樓、3樓、4樓)","0","核准設立","2022-01-01 02:44:55.64"
"83104017","愛微笑興業有限公司","臺南市新市區港墘里中山路13巷37號","0","核准設立","2022-01-01 02:44:55.64"
"83229733","金利海貿易有限公司","高雄市楠梓區大學十一街312號1樓","0","核准設立","2022-01-01 02:44:55.64"
"83251811","心語雁實業有限公司","桃園市中壢區少康一街12號","0","核准設立","2022-01-01 02:44:55.64"
"83273420","貓行天下寵物有限公司","桃園市桃園區光興里5鄰縣府路18號地下一樓","0","核准設立","2022-01-01 02:44:55.64"
"83426241","狗福美學館有限公司","臺中市南屯區田心里五權西路二段518之1號","0","核准設立","2022-01-01 02:44:55.64"
"83531911","頌喜商貿有限公司","高雄市三民區河北二路80號2樓之5","0","核准設立","2022-01-01 02:44:55.64"
"84089632","全有國際企業有限公司","新北市三重區重新路4段97號17樓","null","廢止","2022-01-01 02:44:55.64"
"85035199","台灣皇爵貿易股份有限公司","高雄市楠梓區藍昌路421號2樓","10000000","核准設立","2022-01-01 02:44:55.64"
"85117430","朏朏有限公司","臺中市大甲區中山路一段908巷103號1樓、2樓","0","解散","2022-01-01 02:44:55.64"
"86974017","詰鎧實業有限公司","臺中市豐原區田心里中山路一九七號","0","核准設立","2022-01-01 02:44:55.64"
"89633350","御業企業有限公司","臺北市士林區德行東路137號1樓","0","核准設立","2022-01-01 02:44:55.64"
"90687781","旺旺萌寵有限公司","臺中市南屯區永春路11之6號","0","核准設立","2022-01-01 02:44:55.64"
"Y2913920","品榮營造有限公司","臺中市沙鹿區鹿寮里中山路五二四︱三號一樓","null","撤銷","2022-01-01 02:44:55.64"
