﻿"統一編號","公司名稱","公司地址","實收資本額","公司狀態","產製日期"
"04406559","長榮國際儲運股份有限公司","桃園市桃園區經國路899號","10671410940","核准設立","2022-01-01 02:44:57.063"
"12724830","濱海汽車客運股份有限公司","臺南市北區北門里北門路二段七三號一樓","30000000","廢止","2022-01-01 02:44:57.063"
"16302918","皇家客運有限公司","新北市金山區中山路95號","0","核准設立","2022-01-01 02:44:57.063"
"16349271","中南汽車客運股份有限公司","高雄市三民區鼎強街79巷13號6樓","110000000","核准設立","2022-01-01 02:44:57.063"
"16594295","台灣聯合汽車客運股份有限公司","臺北市中正區愛國西路9號5樓之9","50000000","廢止","2022-01-01 02:44:57.063"
"16594669","台聯汽車客運股份有限公司","臺北市內湖區新湖三路237號3樓","46000000","核准設立","2022-01-01 02:44:57.063"
"16613119","亞通汽車客運股份有限公司","桃園市大溪區仁武里仁善一街102號(2樓)","80000000","核准設立","2022-01-01 02:44:57.063"
"16638435","尊龍汽車客運股份有限公司","新北市三重區信安里重陽路4段73號","120000000","廢止","2022-01-01 02:44:57.063"
"16752907","豪泰汽車客運股份有限公司","臺北市大同區承德路1段70之1號9樓之1","133980000","核准設立","2022-01-01 02:44:57.063"
"16811906","總達客運股份有限公司","臺中市中區雙十路一段13號1樓","80000000","核准設立","2022-01-01 02:44:57.063"
"16899037","全航汽車客運股份有限公司","臺中市東區富仁里雙十路一段4之33號6樓之2","135000000","核准設立","2022-01-01 02:44:57.063"
"18598304","中興大業巴士股份有限公司","臺北市士林區中正路499號1樓","557000000","核准設立","2022-01-01 02:44:57.063"
"21242047","汎航通運股份有限公司","臺北市松山區敦化北路197號1樓","140952690","核准設立","2022-01-01 02:44:57.063"
"23471299","統聯汽車客運股份有限公司","新北市三重區光復路2段73號","2346489740","核准設立","2022-01-01 02:44:57.063"
"27043501","指南汽車客運股份有限公司","新北市淡水區中正東路2段27之8號3樓","611007490","核准設立","2022-01-01 02:44:57.063"
"27608887","藍天汽車客運股份有限公司","新北市板橋區新府路７５號","50000000","廢止","2022-01-01 02:44:57.063"
"28070701","葛瑪蘭汽車客運股份有限公司","宜蘭縣羅東鎮光榮路342-2號2樓","207900000","核准設立","2022-01-01 02:44:57.063"
"28387449","中鹿汽車客運股份有限公司","臺中市南屯區大業路241號3樓之1","100000000","核准設立","2022-01-01 02:44:57.063"
"29521465","光華巴士股份有限公司","臺北市士林區中正路499號1樓","426900000","核准設立","2022-01-01 02:44:57.063"
"33846205","新店客運股份有限公司","新北市新店區松林路9號","180000000","核准設立","2022-01-01 02:44:57.063"
"34049262","首都客運股份有限公司","新北市三重區重新路2段78號8樓","530000000","核准設立","2022-01-01 02:44:57.063"
"35025506","三重汽車客運股份有限公司","新北市三重區三和路3段109號2樓之1","290000000","核准設立","2022-01-01 02:44:57.063"
"35505603","臺北汽車客運股份有限公司","新北市三重區重新路2段78號8樓","390000000","核准設立","2022-01-01 02:44:57.063"
"39136103","基隆汽車客運股份有限公司","新北市淡水區中正東路2段27之8號3樓","300000000","核准設立","2022-01-01 02:44:57.063"
"43266009","桃園汽車客運股份有限公司","桃園市桃園區延平路28號3樓","977138520","核准設立","2022-01-01 02:44:57.063"
"50143806","苗栗汽車客運股份有限公司","苗栗縣頭份市中正路206號","27809000","核准設立","2022-01-01 02:44:57.063"
"53400069","金牌客運有限公司","新竹縣竹北市斗崙里縣政三街122號2樓之2","0","核准設立","2022-01-01 02:44:57.063"
"55397201","豐原汽車客運股份有限公司","臺中市豐原區三民路46號","392369940","核准設立","2022-01-01 02:44:57.063"
"58616601","彰化汽車客運股份有限公司","彰化縣彰化市陽明里建國南路177號","253440000","核准設立","2022-01-01 02:44:57.063"
"59667206","員林汽車客運股份有限公司","彰化縣員林市和平里中正路585號3樓","141440000","核准設立","2022-01-01 02:44:57.063"
"61268818","豐榮汽車客運股份有限公司","臺中市南屯區寶山里工業區十八路31-1號2樓","130000000","核准設立","2022-01-01 02:44:57.063"
"61871154","杉林溪遊樂事業股份有限公司","南投縣竹山鎮大鞍里溪山路6號","254150000","核准設立","2022-01-01 02:44:57.063"
"62119008","南投汽車客運股份有限公司","南投縣埔里鎮中正四路18之1號","100800000","核准設立","2022-01-01 02:44:57.063"
"65849204","嘉義汽車客運股份有限公司","嘉義市中山路503號","119548000","核准設立","2022-01-01 02:44:57.063"
"70483351","亞聯汽車客運股份有限公司","新北市新店區中央路218號1樓","86000000","核准設立","2022-01-01 02:44:57.063"
"70498299","科技之星交通股份有限公司","新竹市水田里經國路二段56號5樓之1","100000000","核准設立","2022-01-01 02:44:57.063"
"70667246","板橋汽車客運股份有限公司","新北市三峽區�岸s里復興路三○五號","50000000","廢止","2022-01-01 02:44:57.063"
"70747419","阿羅哈客運股份有限公司","高雄市三民區建國二路261號1樓","252000000","核准設立","2022-01-01 02:44:57.063"
"70755825","和欣汽車客運股份有限公司","臺南市佳里區文化路305號","499990000","核准設立","2022-01-01 02:44:57.063"
"70775821","連祥發汽車客運股份有限公司","高雄市三民區博愛里建國二路三十四號九樓","110000000","廢止","2022-01-01 02:44:57.063"
"70810572","國光汽車客運股份有限公司","新北市三重區重陽路4段53號1樓","1000000000","核准設立","2022-01-01 02:44:57.063"
"80336169","東南汽車客運股份有限公司","臺北市中山區建國北路3段169號","200000000","核准設立","2022-01-01 02:44:57.063"
"80653426","大都會汽車客運股份有限公司","臺北市內湖區港墘路3號1樓","740000000","核准設立","2022-01-01 02:44:57.063"
"82823469","泰樂客運股份有限公司","臺北市內湖區舊宗路2段181巷6號4樓","85000000","核准設立","2022-01-01 02:44:57.063"
"82950416","日豪汽車客運股份有限公司","新北市三重區河邊北街168號","100000000","核准設立","2022-01-01 02:44:57.063"
"85248708","高雄汽車客運股份有限公司","高雄市鳳山區成功里中山路138號","1027000000","核准設立","2022-01-01 02:44:57.063"
"90724553","屏東汽車客運股份有限公司","屏東縣屏東市橋南里工業路4號","124800000","核准設立","2022-01-01 02:44:57.063"
"93083027","鼎東汽車客運股份有限公司","臺東縣臺東市興國里復興路185號","104490000","核准設立","2022-01-01 02:44:57.063"
"94175208","花蓮汽車客運股份有限公司","花蓮縣花蓮市中山路137號2樓","150000000","核准設立","2022-01-01 02:44:57.063"
"96976746","日統汽車客運股份有限公司","雲林縣斗六市大同路23號5樓","150000000","核准設立","2022-01-01 02:44:57.063"
