﻿"統一編號","公司名稱","負責人","公司地址","實收資本額","公司狀態","產製日期"
"03787101","臺灣菸酒股份有限公司","丁O哲","臺北市中正區南昌路1段4號1樓","43854999730","核准設立","2022-01-01 03:30:42.917"
"28413544","台英帝國菸草製造股份有限公司","JOred David Wiener","苗栗縣竹南鎮群義路8號","3100195000","核准設立","2022-01-01 03:30:42.917"
"53411452","臺灣苗栗捲煙廠股份有限公司","李O池","苗栗縣後龍鎮埔頂里厝勝路205-22號","800000000","核准設立","2022-01-01 03:30:42.917"
"54368658","日煙國際製造股份有限公司","費O華 Benoit Philibert","臺北市信義區西村里松仁路32號7樓","6284286320","核准設立","2022-01-01 03:30:42.917"
