﻿"統一編號","公司名稱","公司地址","實收資本額","公司狀態","產製日期"
"24614984","裔點股份有限公司","桃園市中壢區自立里自立五街108號13樓","3078000","核准設立","2022-01-01 02:45:09.55"
"24699717","綠利有限公司","新北市新店區中正路361號3樓","0","核准設立","2022-01-01 02:45:09.55"
"29003408","喜樂泉源股份有限公司","臺北市松山區八德路3段32號12樓","10000000","核准設立","2022-01-01 02:45:09.55"
"42938177","聖曜文教事業股份有限公司","臺南市東區裕農里裕農路291巷26號1樓","15000000","核准設立","2022-01-01 02:45:09.55"
"43942543","翠綠浩斯有限公司","臺北市信義區信安街52號4樓","0","核准設立","2022-01-01 02:45:09.55"
"46272004","創局興業有限公司","新北市汐止區康寧街751巷27號11樓之3","0","解散","2022-01-01 02:45:09.55"
"54339492","洋學有限公司","臺北市大安區信義路4段199巷2號4樓之3","0","核准設立","2022-01-01 02:45:09.55"
"54653055","綸堡國際教育股份有限公司","臺北市信義區吳興街366號5樓","18100000","核准設立","2022-01-01 02:45:09.55"
"57145300","萬連有限公司","南投縣南投市三興里南崗一路129號","0","核准設立","2022-01-01 02:45:09.55"
"58717586","泓語有限公司","嘉義市西區文化里垂楊路400號6樓之1","0","解散","2022-01-01 02:45:09.55"
"70676630","吉的堡網路科技股份有限公司","新北市新店區建國路148號1樓","118800000","核准設立","2022-01-01 02:45:09.55"
"85001374","翰科教育股份有限公司","新北市林口區東湖路25巷7號2樓","30000000","核准設立","2022-01-01 02:45:09.55"
"86575784","興園股份有限公司","桃園市桃園區大樹里桃鶯路196號","106025480","核准設立","2022-01-01 02:45:09.55"
