﻿"統一編號","公司名稱","負責人","公司地址","實收資本額","公司狀態","產製日期"
"03543210","台榮產業股份有限公司","陳O凱","臺北市中山區南京東路2段206號6樓","1770779440","核准設立","2022-01-01 03:30:50.69"
"03787101","臺灣菸酒股份有限公司","丁O哲","臺北市中正區南昌路1段4號1樓","43854999730","核准設立","2022-01-01 03:30:50.69"
"03794905","台灣糖業股份有限公司","陳O義","臺南市東區生產路68號","56367498650","核准設立","2022-01-01 03:30:50.69"
"16194256","健逢生物科技企業有限公司","黃O富","新北市鶯歌區育才街34號(1樓)","0","核准設立","2022-01-01 03:30:50.69"
"50531334","景明化工股份有限公司","熊O英","苗栗縣頭份市蘆竹里16鄰工業路16號","80000000","核准設立","2022-01-01 03:30:50.69"
"54878483","宸鼎生物科技股份有限公司","紀O孝","苗栗縣苗栗市文聖里文發路955號","29000000","核准設立","2022-01-01 03:30:50.69"
"56121907","味丹企業股份有限公司","楊O雄","臺中市沙鹿區興安路65號","3751000000","核准設立","2022-01-01 03:30:50.69"
"80334726","金廈國際貿易股份有限公司","","金門縣金城鎮莒光路一五六-二、一五六-三號","30000000","廢止","2022-01-01 03:30:50.69"
