﻿"統一編號","公司名稱","負責人","公司地址","實收資本額","公司狀態","產製日期"
"01993858","新北市果菜運銷股份有限公司","劉O通","新北市三重區中正北路111號","25000000","核准設立","2022-01-01 03:31:59.43"
"02908107","苗栗魚市場股份有限公司","邱O軍","苗栗縣苗栗市文山里至公路642號","1240000","核准設立","2022-01-01 03:31:59.43"
"04550147","臺北農產運銷股份有限公司","黃O羣","臺北市中山區民族東路336號","189792000","核准設立","2022-01-01 03:31:59.43"
"08096909","臺東縣農產股份有限公司","饒O鈴","臺東縣臺東市豐原里中華路4段861巷350號","28720000","核准設立","2022-01-01 03:31:59.43"
"08121837","花蓮縣農產運銷股份有限公司","顏O章","花蓮縣鳳林鎮林榮里林榮路338號","3000000","核准設立","2022-01-01 03:31:59.43"
"12780425","日月興食品股份有限公司","張O城","宜蘭縣冬山鄉義成路3段383巷31弄10號","3000000","核准設立","2022-01-01 03:31:59.43"
"12798620","佺茂科技股份有限公司","","雲林縣臺西鄉和豐村信義路14號1樓","1000000","解散","2022-01-01 03:31:59.43"
"12827420","賢夆貿易有限公司","","臺南市中西區開山里一五鄰大同路一段七○巷一號五樓","null","廢止","2022-01-01 03:31:59.43"
"12880677","益吉富有限公司","姜O美","臺北市中山區松江路85巷7之3號2樓","null","核准設立","2022-01-01 03:31:59.43"
"12925392","鑫旺資產管理股份有限公司","","桃園市平鎮區復興街六二號","30000000","廢止","2022-01-01 03:31:59.43"
"12949198","夶鱻有限公司","","新北市中和區福美路２５１號２樓","null","解散","2022-01-01 03:31:59.43"
"13001262","利滿山實業有限公司","周O卿","臺中市西區五權路1-15號","0","核准設立","2022-01-01 03:31:59.43"
"13123856","台富興業有限公司","黃O華","臺北市中山區新生北路3段1號3樓之6","0","核准設立","2022-01-01 03:31:59.43"
"13170935","高雄國際花卉股份有限公司","蘇O凱","高雄市前鎮區翠亨南路231號","53150000","核准設立","2022-01-01 03:31:59.43"
"16013500","東建興業有限公司","","新北市汐止區茄苳路二七四號","null","解散","2022-01-01 03:31:59.43"
"16072182","雅立山企業有限公司","","臺中市北區錦祥里進化路四九七巷十九號一樓","null","解散","2022-01-01 03:31:59.43"
"16160164","昌佑國際開發有限公司","雷O慧","臺北市松山區南京東路5段59巷30弄2號","0","核准設立","2022-01-01 03:31:59.43"
"16161071","楓姿花藝有限公司","邱O宏","新北市新店區新和街71號","null","核准設立","2022-01-01 03:31:59.43"
"16222648","祥奘企業有限公司","","新北市三重區三民街二九五號四樓","0","解散","2022-01-01 03:31:59.43"
"16256230","普立擎企業有限公司","","臺北市萬華區環河南路２段２５０巷２９號","null","廢止","2022-01-01 03:31:59.43"
"16390876","風火輪貿易有限公司","","新北市中和區景安路一六七巷一號","null","廢止","2022-01-01 03:31:59.43"
"16405843","耕城國際有限公司","","苗栗縣苗栗市北苗里北安街一五○號五樓之三","null","撤銷","2022-01-01 03:31:59.43"
"16492591","漁鱻有限公司","","新北市中和區永和路一○○號","null","解散","2022-01-01 03:31:59.43"
"16528710","青信企業有限公司","","桃園市楊梅區梅山東街六九號","null","解散","2022-01-01 03:31:59.43"
"16538885","益生多食品企業有限公司","","屏東縣屏東市大武里武士街５６號","null","廢止","2022-01-01 03:31:59.43"
"16792443","山水環球企業有限公司","","新北市中和區捷運路八三號二樓","null","解散","2022-01-01 03:31:59.43"
"16794076","福建行興業有限公司","","臺北市中山區林森北路107巷81號2樓之7","null","解散","2022-01-01 03:31:59.43"
"16967935","麥米樂全球企業有限公司","王O蘊","新北市永和區中和路343號9樓之1","0","核准設立","2022-01-01 03:31:59.43"
"16974957","欣和園企業有限公司","","新竹縣湖口鄉中山路一段三六八號","null","解散","2022-01-01 03:31:59.43"
"16977779","台中利有限公司","","臺中市潭子區勝利路五二號二樓","null","廢止","2022-01-01 03:31:59.43"
"20944436","台灣芬瑟貿易股份有限公司","","臺中市北屯區東光路八二二巷十二號一樓","5000000","解散","2022-01-01 03:31:59.43"
"22002283","雲林縣肉品市場股份有限公司","鍾O明","雲林縣虎尾鎮延平里下南100號","50000000","核准設立","2022-01-01 03:31:59.43"
"22057961","社頭鄉果菜市場股份有限公司","劉O昌","彰化縣社頭鄉橋頭村員集路三段750號","1000000","核准設立","2022-01-01 03:31:59.43"
"22120606","南投縣農產運銷股份有限公司","林O溱","南投縣名間鄉仁和村彰南路256號","1000000","核准設立","2022-01-01 03:31:59.43"
"22124785","溪湖鎮果菜市場股份有限公司","黃O珠","彰化縣溪湖鎮湖東里長青街22號","1050000","核准設立","2022-01-01 03:31:59.43"
"22207687","新竹農產運銷股份有限公司","沈O虹","新竹市經國路1段411號","1000000","核准設立","2022-01-01 03:31:59.43"
"22266405","屏東縣肉品巿場股份有限公司","簡O弘","屏東縣竹田鄉永豐村永豐路14巷35號","323880000","核准設立","2022-01-01 03:31:59.43"
"22380665","桃園果菜市場股份有限公司","邱O芬","桃園市桃園區永安里中正路403號","1000000","核准設立","2022-01-01 03:31:59.43"
"22416072","陳高實業有限公司","","新北市新莊區中榮街91號5樓","0","解散","2022-01-01 03:31:59.43"
"22486702","台中果菜運銷股份有限公司","莊O慧","臺中市西屯區港尾里8鄰中清路二段1558號","3000000","核准設立","2022-01-01 03:31:59.43"
"22819589","台北畜產運銷股份有限公司","廖O清","臺北市萬華區環河南路2段338號(4樓)","50000000","核准設立","2022-01-01 03:31:59.43"
"22918363","臺南市農產運銷股份有限公司","黃O哲","臺南市新化區太平里建國街40號","5000000","核准設立","2022-01-01 03:31:59.43"
"22957668","台北花卉產銷股份有限公司","李O聰","臺北市內湖區新湖三路28及36號","83334000","核准設立","2022-01-01 03:31:59.43"
"23268211","光越貿易有限公司","","彰化縣彰化市光南里中興路一八六巷三一號","0","解散","2022-01-01 03:31:59.43"
"23920182","派德食品企業有限公司","潘O雄","新北市汐止區福德二路359巷5號","null","核准設立","2022-01-01 03:31:59.43"
"24233943","秝碩企業有限公司","","桃園市蘆竹區奉化路114號9樓","null","廢止","2022-01-01 03:31:59.43"
"24251028","本一雜貨有限公司","","宜蘭縣蘇澳鎮隘丁里忠孝路300號1樓","null","解散","2022-01-01 03:31:59.43"
"24256972","嘉順成有限公司","","桃園市桃園區國強二街247號13樓","null","解散","2022-01-01 03:31:59.43"
"24664175","元山企業有限公司","楊O嫣","高雄市大寮區大寮路686巷30弄10號","0","核准設立","2022-01-01 03:31:59.43"
"27387462","黃金海岸開發股份有限公司","","桃園市桃園區大德一街六○號　","10000000","廢止","2022-01-01 03:31:59.43"
"27468653","邦理有限公司","","基隆市信義區信二路１４２號","null","廢止","2022-01-01 03:31:59.43"
"27910452","野田工業有限公司","","彰化縣員林市三多里中山路２段５５６巷３１弄１９號","null","廢止","2022-01-01 03:31:59.43"
"28005147","葆福實業有限公司","","臺北市中山區民權西路７９號９樓之６","null","解散","2022-01-01 03:31:59.43"
"28053604","鼎灃興業有限公司","","彰化縣秀水鄉埔崙村民生街621號","0","解散","2022-01-01 03:31:59.43"
"28088478","弘寬科技有限公司","田O香","新竹縣竹東鎮大同路95號","0","核准設立","2022-01-01 03:31:59.43"
"28493201","田園好農業資材有限公司","朱O瑤","屏東縣九如鄉後庄村後庄路180號","null","核准設立","2022-01-01 03:31:59.43"
"28499492","太揚物產有限公司","","臺中市西屯區上明一街74號1樓","null","解散","2022-01-01 03:31:59.43"
"28569399","活悦養生實業有限公司","沈O宏","宜蘭縣頭城鎮城西里開蘭路85-3號","0","核准設立","2022-01-01 03:31:59.43"
"28617391","百季有限公司","","高雄市三民區興隆街25號13樓","null","解散","2022-01-01 03:31:59.43"
"28643031","宥峰企業有限公司","","屏東縣屏東市長春里林森路1巷125-1號","null","廢止","2022-01-01 03:31:59.43"
"28655036","泓剛企業有限公司","","彰化縣北斗鎮文昌里中興街３０１號","null","廢止","2022-01-01 03:31:59.43"
"35034890","功用企業有限公司","","臺中市大肚區蔗里太平路三號","null","解散","2022-01-01 03:31:59.43"
"42981217","勝銘貿易有限公司","呂O瑜","嘉義縣水上鄉大崙村16鄰二重溝2-16號","0","核准設立","2022-01-01 03:31:59.43"
"45067217","綠采有限公司","周O珍","桃園市桃園區樹仁三街122號1樓","0","核准設立","2022-01-01 03:31:59.43"
"45086586","鈞印實業有限公司","陳O銘","南投縣名間鄉中正村庄仔巷5之9號1樓","0","核准設立","2022-01-01 03:31:59.43"
"45104634","一畝三分田有限公司","黃O香","苗栗縣公館鄉鶴山村鶴山33之1號1樓","0","核准設立","2022-01-01 03:31:59.43"
"45105438","立杰管理顧問有限公司","黃O誠","宜蘭縣羅東鎮中山里浮崙巷2號","0","核准設立","2022-01-01 03:31:59.43"
"45110185","呂發有限公司","黎O綸","雲林縣斗六市虎溪里興農路171號","0","核准設立","2022-01-01 03:31:59.43"
"46272004","創局興業有限公司","","新北市汐止區康寧街751巷27號11樓之3","0","解散","2022-01-01 03:31:59.43"
"47072617","桑托斯有限公司","邵O寅","新北市三重區重陽路1段113巷17號4樓","0","核准設立","2022-01-01 03:31:59.43"
"48405418","新竹肉品巿場股份有限公司","楊O科","新竹縣竹北市中正西路2077號","100000000","核准設立","2022-01-01 03:31:59.43"
"52545762","夢世界創藝有限公司","陳O微","臺北市萬華區康定路105號21樓之5","0","核准設立","2022-01-01 03:31:59.43"
"53041753","富錸康生物科技有限公司","江O程","嘉義縣新港鄉宮後村大興路55號","null","核准設立","2022-01-01 03:31:59.43"
"53050823","威士統國際貿易有限公司","","臺中市南屯區黎光里博愛街80巷115號1樓","null","解散","2022-01-01 03:31:59.43"
"53891375","杏林置業有限公司","","高雄市前鎮區一心二路119號8樓之3","0","廢止","2022-01-01 03:31:59.43"
"53973713","全蓬貿易有限公司","陳O香","澎湖縣馬公市西衛里五福路3巷36弄2號1樓","null","核准設立","2022-01-01 03:31:59.43"
"53992922","顏香大慶有限公司","顏O鋐","臺中市南區大慶街二段6之16巷3號2樓","null","核准設立","2022-01-01 03:31:59.43"
"54347916","順聯國際有限公司","","臺北市大安區信義路4段184號9樓","null","解散","2022-01-01 03:31:59.43"
"54504339","華廈通貿易有限公司","","新竹市北區海濱里聯興路26號1樓","null","解散","2022-01-01 03:31:59.43"
"55967949","源長生物科技有限公司","林O蓉","雲林縣元長鄉西莊村西庄300-10號","0","核准設立","2022-01-01 03:31:59.43"
"56718238","城市生活市集有限公司","陳O蓉","南投縣名間鄉埔中村埔中巷14號","0","核准設立","2022-01-01 03:31:59.43"
"56811620","豐原農產品股份有限公司","蔡O傳","臺中市豐原區豐圳里豐原大道八段369號","1000000","核准設立","2022-01-01 03:31:59.43"
"59007275","臺曜生物科技有限公司","","新竹縣竹東鎮幸福路9號","0","解散","2022-01-01 03:31:59.43"
"60333066","員林果菜市場股份有限公司","游O雄","彰化縣員林市南平里祥平街18號","1000000","核准設立","2022-01-01 03:31:59.43"
"70363715","宏通全球行銷事業有限公司","","臺北市中正區衡陽路82號2樓","0","廢止","2022-01-01 03:31:59.43"
"70549966","明帝實業有限公司","","新北市永和區民族路三三之二號一樓","0","廢止","2022-01-01 03:31:59.43"
"70793953","永鑫食品股份有限公司","","金門縣金城鎮光前路六號","1000000","核准設立","2022-01-01 03:31:59.43"
"80046014","元利兆企業有限公司","","雲林縣北港鎮華勝里吉祥路９５號","null","解散","2022-01-01 03:31:59.43"
"80059333","乙將國際貿易有限公司","林O財","雲林縣二崙鄉楊賢村楊賢路43之1號1樓","0","核准設立","2022-01-01 03:31:59.43"
"80060562","頌馥企業有限公司","","嘉義市東區興村里溪興街七三巷一○九號","null","解散","2022-01-01 03:31:59.43"
"80176971","長玉整合行銷廣告有限公司","","臺北市松山區光復南路４５巷２之２號１樓","null","廢止","2022-01-01 03:31:59.43"
"80258972","依莉國際有限公司","","臺北市中山區龍江路３５６巷４號４樓","null","解散","2022-01-01 03:31:59.43"
"80417227","御台香貿易有限公司","","新北市新店區安民街三○三巷三號三樓","null","解散","2022-01-01 03:31:59.43"
"80429526","十全行銷股份有限公司","","高雄市鳳山區建國路三段二二九巷二之一號","5000000","廢止","2022-01-01 03:31:59.43"
"80590767","鴻洋水產有限公司","","嘉義縣太保市過溝里瓦厝8號","null","解散","2022-01-01 03:31:59.43"
"80609111","山珍餐飲事業有限公司","","桃園市桃園區建國里桃鶯路29號4樓","null","廢止","2022-01-01 03:31:59.43"
"80633914","扁嘴有限公司","","臺南市永康區鹽行里中正北路七一巷一七號一樓","null","廢止","2022-01-01 03:31:59.43"
"80743145","冠慧生物科技有限公司","","臺南市新營區新北里14鄰南新街13巷4號","null","廢止","2022-01-01 03:31:59.43"
"82838049","客樂印有限公司","","高雄市鳳山區立德街220號13樓","0","解散","2022-01-01 03:31:59.43"
"83236376","谷樺國際有限公司","張O嘉","基隆市暖暖區興隆街10之1號一樓","0","核准設立","2022-01-01 03:31:59.43"
"83756066","采星國際貿易有限公司","王O諄","連江縣北竿鄉坂里村82號","0","核准設立","2022-01-01 03:31:59.43"
"83761547","台灣金瑞益國際貿易有限公司","林O賢","基隆市信義區深美街86巷43號","0","核准設立","2022-01-01 03:31:59.43"
"84495998","富濱企業有限公司","","臺北市大安區光復南路280巷39之1號","null","解散","2022-01-01 03:31:59.43"
"84658182","晨雅貿易股份有限公司","","新北市三重區力行路一段八一號一樓","5000000","解散","2022-01-01 03:31:59.43"
"85038941","季季鑫有限公司","","苗栗縣苗栗市北苗里18鄰中山北路219號1樓","0","解散","2022-01-01 03:31:59.43"
"86502690","鳳祥有限公司","","臺北市大安區仁愛路４段６８號４樓","null","解散","2022-01-01 03:31:59.43"
"86870667","台灣山源科技有限公司","","臺北市中正區南昌路１段５１巷５號１樓","null","廢止","2022-01-01 03:31:59.43"
"89511883","桃農綜合農產品批發市場股份有限公司","李O政","桃園市蘆竹區中福里文中路一段107號","6500000","核准設立","2022-01-01 03:31:59.43"
"89551287","象王企業有限公司","","臺中市南屯區大墩十四街一三二號一樓","null","廢止","2022-01-01 03:31:59.43"
"90797725","皇盛農產物股份有限公司","陳O綱","屏東縣九如鄉九清村九如路二段36之1號","29000000","核准設立","2022-01-01 03:31:59.43"
"90832899","愛達旺有限公司","唐O尹","臺北市士林區承德路4段294之3號1樓","0","核准設立","2022-01-01 03:31:59.43"
"96956636","松園聯合企業有限公司","","臺北市萬華區萬大路329巷26號1樓","null","廢止","2022-01-01 03:31:59.43"
"97207203","乙展發實業有限公司","","嘉義縣太保市前潭里後潭六號","null","解散","2022-01-01 03:31:59.43"
