﻿"統一編號","公司名稱","負責人","公司地址","實收資本額","公司狀態","產製日期"
"01180260","巨煥興業股份有限公司","","臺北市中山區南京東路2段125號8樓之1","5000000","廢止","2022-01-01 03:30:33.987"
"02634682","超秦企業股份有限公司","卓O裕","桃園市桃園區永安路1061號","244420000","核准設立","2022-01-01 03:30:33.987"
"03413005","富洋實業股份有限公司","","臺北市大安區忠孝東路3段251巷2弄5號1樓","29400000","廢止","2022-01-01 03:30:33.987"
"04211978","國際農畜股份有限公司","李O翰","高雄市路竹區中華路518號","25000000","核准設立","2022-01-01 03:30:33.987"
"04713183","信功實業股份有限公司","楊O仁","臺北市大安區復興南路1段82號2樓之3","79200000","核准設立","2022-01-01 03:30:33.987"
"07046620","中日國際企業股份有限公司","中O超商企業股份有限公司","臺北市中山區力行里12鄰復興北路48號7樓","2731664070","核准設立","2022-01-01 03:30:33.987"
"07933674","昌勇企業股份有限公司","","高雄市彌陀區文安里文安路東段200號","560000000","破產","2022-01-01 03:30:33.987"
"07993638","復進企業股份有限公司","黃O足","屏東縣內埔鄉豐田村建業路1號","190000000","核准設立","2022-01-01 03:30:33.987"
"08096909","臺東縣農產股份有限公司","饒O鈴","臺東縣臺東市豐原里中華路4段861巷350號","28720000","核准設立","2022-01-01 03:30:33.987"
"08121837","花蓮縣農產運銷股份有限公司","顏O章","花蓮縣鳳林鎮林榮里林榮路338號","3000000","核准設立","2022-01-01 03:30:33.987"
"11086525","中美火腿食品工業股份有限公司","賴O臻","臺北市中山區吉林路24號11樓之1","50000000","核准設立","2022-01-01 03:30:33.987"
"12631024","山湖興業股份有限公司","","彰化縣社頭鄉山湖村清興路116之2號","1000000","廢止","2022-01-01 03:30:33.987"
"12640446","金灃食品有限公司","許O瑜","臺北市中正區和平西路1段57-2號","null","核准設立","2022-01-01 03:30:33.987"
"12748328","源欣興農畜食品股份有限公司","李O興","高雄市左營區孟子路525號18樓","160000000","核准設立","2022-01-01 03:30:33.987"
"12754242","元吉利有限公司","洪O書","花蓮縣吉安鄉東昌村東里十一街6號1樓","null","核准設立","2022-01-01 03:30:33.987"
"12770545","東杭畜產有限公司","盧O任","彰化縣埤頭鄉大湖村中央路241之9號","null","核准設立","2022-01-01 03:30:33.987"
"12773698","弘昌肉品有限公司","許O燕惠","新北市永和區潭安里中正路7號1樓","null","核准設立","2022-01-01 03:30:33.987"
"12805642","惠碩企業有限公司","","高雄市鳳山區文衡路四九七號","null","解散","2022-01-01 03:30:33.987"
"12806044","順愛食品股份有限公司","","臺中市外埔區水美里水美路二八五巷八六號","1000000","解散","2022-01-01 03:30:33.987"
"12815043","全頂食品有限公司","","屏東縣屏東市豐榮里民貴四街二九號一樓","null","解散","2022-01-01 03:30:33.987"
"12830635","今元肉品股份有限公司","洪O海","彰化縣二林鎮後厝里永定街23號","12000000","核准設立","2022-01-01 03:30:33.987"
"12871993","嘉彬股份有限公司","","臺北市萬華區西藏路２６１之１號１樓","28000000","解散","2022-01-01 03:30:33.987"
"12882534","立穩國際遊樂股份有限公司","李O才","新北市萬里區公館崙21號","15000000","核准設立","2022-01-01 03:30:33.987"
"12888811","鉦元食品有限公司","","新北市土城區福仁街六三號五樓","null","廢止","2022-01-01 03:30:33.987"
"12907802","物豐農產運銷股份有限公司","","高雄市鳳山區文山里文山路九九巷十三號一樓","1500000","廢止","2022-01-01 03:30:33.987"
"12912087","台灣優畜食品有限公司","","桃園市楊梅區仁美里福德街一三六巷四號一樓","null","廢止","2022-01-01 03:30:33.987"
"12997000","御隆食品有限公司","何O洲","臺中市太平區中和街102巷3號1樓","0","核准設立","2022-01-01 03:30:33.987"
"13002109","台鵝食品企業有限公司","莊O賢","臺中市大雅區三和里龍善街131號","null","核准設立","2022-01-01 03:30:33.987"
"13073504","元棋實業股份有限公司","","臺南市新營區興業里新進路232號6樓","16000000","解散","2022-01-01 03:30:33.987"
"13079057","祥盟肉品股份有限公司","","彰化縣溪湖鎮河東里濱河街七六號","3000000","解散","2022-01-01 03:30:33.987"
"15979217","香里食品企業股份有限公司","洪O美","臺北市萬華區環河南路2段280巷9號2樓","88000000","核准設立","2022-01-01 03:30:33.987"
"16040366","利達農牧有限公司","蘇O涵","雲林縣口湖鄉謝厝村拔拉路68號1樓","0","核准設立","2022-01-01 03:30:33.987"
"16050639","萬烽實業股份有限公司","","桃園市楊梅區紅梅里中山路236號3樓","29000000","解散","2022-01-01 03:30:33.987"
"16056789","泰衍企業有限公司","賴O喜","雲林縣斗六市榴南里斗工七路1號","0","核准設立","2022-01-01 03:30:33.987"
"16067477","泳明實業有限公司","","新北市板橋區中正路1巷16弄24之2號","0","解散","2022-01-01 03:30:33.987"
"16103087","友宏有限公司","吳O瑜","高雄市三民區大豐二路346號1樓","0","核准設立","2022-01-01 03:30:33.987"
"16148599","拉米絲事業有限公司","陳O文","高雄市桃源區建山里建山巷43號1樓","0","核准設立","2022-01-01 03:30:33.987"
"16254900","統盛企業有限公司","","屏東縣屏東市大武里武愛街一三九巷七號一樓","null","廢止","2022-01-01 03:30:33.987"
"16275314","維廣食品企業有限公司","","桃園市中壢區五權里環西路114巷5號1樓","null","廢止","2022-01-01 03:30:33.987"
"16360888","久育食品有限公司","","臺中市北屯區東山路一段一五六之六號七樓之一","null","解散","2022-01-01 03:30:33.987"
"16393240","宏青企業股份有限公司","汪O寶蕉","屏東縣屏東市工業路1號","200000000","核准設立","2022-01-01 03:30:33.987"
"16396056","輔彬實業有限公司","李O霞","臺南市東區忠孝里崇明十街45號3樓","0","核准設立","2022-01-01 03:30:33.987"
"16420273","彩光興業有限公司","","臺中市大雅區民生路一段十三巷二號","null","解散","2022-01-01 03:30:33.987"
"16420674","天楓實業有限公司","林O喜","雲林縣虎尾鎮三合里三合33之1號","0","核准設立","2022-01-01 03:30:33.987"
"16446577","台灣麥肯食品股份有限公司","AOthony Jason Robinson","臺北市內湖區洲子街183號3樓","10000000","核准設立","2022-01-01 03:30:33.987"
"16473807","海富順機械有限公司","","高雄市鼓山區民強里九如四路716巷18號1樓","null","解散","2022-01-01 03:30:33.987"
"16486211","啟勝食品股份有限公司","","雲林縣西螺鎮福田里社口六八之十九號","75000000","廢止","2022-01-01 03:30:33.987"
"16492993","太有道有限公司","黃O錦","新北市板橋區八德路三段九十一巷三號","null","核准設立","2022-01-01 03:30:33.987"
"16508762","振鎔電機有限公司","邱O慶","桃園市中壢區至善里後興路一段六一巷二二號","0","核准設立","2022-01-01 03:30:33.987"
"16535640","彥銘食品有限公司","","新北市三峽區文化路一二○巷二二弄二號","null","解散","2022-01-01 03:30:33.987"
"16550607","上豪國際有限公司","","新北市土城區中央路二段三四六巷十三號四樓","null","解散","2022-01-01 03:30:33.987"
"16614449","煜橋有限公司","李O敏","臺北市中正區懷寧街64號7樓","null","核准設立","2022-01-01 03:30:33.987"
"16692520","慧道商業有限公司","劉O修","臺中市大肚區福山里沙田路一段428巷10號1樓","0","核准設立","2022-01-01 03:30:33.987"
"16719400","深藍海洋企業有限公司","","澎湖縣馬公市虎井里三六號","null","解散","2022-01-01 03:30:33.987"
"16769479","大悅國際股份有限公司","何O寧","臺北市中山區復興北路66號4樓","30000000","核准設立","2022-01-01 03:30:33.987"
"16851574","台億食品股份有限公司","陳O榮","雲林縣元長鄉下寮村經建街10號","30000000","核准設立","2022-01-01 03:30:33.987"
"16855713","唐煜工業有限公司","陳O芬","雲林縣東勢鄉東南村東勢西路78號1樓","0","核准設立","2022-01-01 03:30:33.987"
"16900386","九達生活禮品股份有限公司","楊O彬","臺南市歸仁區許厝里公園路152號","15000000","核准設立","2022-01-01 03:30:33.987"
"16905452","吉田製帶工業有限公司","阮O惠","彰化縣和美鎮嘉犁里東坡路八六巷一號","null","核准設立","2022-01-01 03:30:33.987"
"16961783","興中台股份有限公司","賴O富","彰化縣埤頭鄉大湖村中央路89-10號","66000000","核准設立","2022-01-01 03:30:33.987"
"16977618","順嶸紡織有限公司","","桃園市龜山區山頂里明興路六一巷一一弄一一號","null","解散","2022-01-01 03:30:33.987"
"16985997","參嵥畜產有限公司","","高雄市大樹區小坪路2之3號1樓","null","解散","2022-01-01 03:30:33.987"
"16997677","佳益冷凍食品股份有限公司","陳O貴","屏東縣潮州鎮三星里潮州路1153號","60000000","核准設立","2022-01-01 03:30:33.987"
"18795706","茂生農經股份有限公司","吳O德","臺北市中正區和平西路1段30號2樓","367601850","核准設立","2022-01-01 03:30:33.987"
"20514787","中美嘉吉股份有限公司","JOhn Fering  范睿哲","臺北市大安區信義路3段149號7樓","140000000","核准設立","2022-01-01 03:30:33.987"
"22002283","雲林縣肉品市場股份有限公司","鍾O明","雲林縣虎尾鎮延平里下南100號","50000000","核准設立","2022-01-01 03:30:33.987"
"22061310","銓來企業股份有限公司","陳O桂","桃園市龜山區福源里海萍路8號","6000000","核准設立","2022-01-01 03:30:33.987"
"22096182","農生企業股份有限公司","楊O昌","高雄市路竹區竹園里環球路21號","452970000","核准設立","2022-01-01 03:30:33.987"
"22120606","南投縣農產運銷股份有限公司","林O溱","南投縣名間鄉仁和村彰南路256號","1000000","核准設立","2022-01-01 03:30:33.987"
"22166285","富景國際工程有限公司","郭O毅","高雄市旗山區中正路三五六號","0","核准設立","2022-01-01 03:30:33.987"
"22176410","嘉一香食品股份有限公司","陳O訓","臺北市萬華區桂林路128號21樓","460000000","核准設立","2022-01-01 03:30:33.987"
"22266405","屏東縣肉品巿場股份有限公司","簡O弘","屏東縣竹田鄉永豐村永豐路14巷35號","323880000","核准設立","2022-01-01 03:30:33.987"
"22568859","存忠企業有限公司","許O安","苗栗縣造橋鄉豐湖村阿考崎口3之3號(B棟2樓)","0","核准設立","2022-01-01 03:30:33.987"
"22685569","金麟國際有限公司","許O","新北市三重區光復路1段61巷27號5樓之3","0","核准設立","2022-01-01 03:30:33.987"
"22713517","笙榮紙業股份有限公司","黃O宏","臺南市七股區樹林里樹林65之18號","35000000","核准設立","2022-01-01 03:30:33.987"
"22765964","峰榮食品工業股份有限公司","林O梅","臺北市大安區信義路4段69號5樓","177000000","核准設立","2022-01-01 03:30:33.987"
"22819589","台北畜產運銷股份有限公司","廖O清","臺北市萬華區環河南路2段338號(4樓)","50000000","核准設立","2022-01-01 03:30:33.987"
"22822108","二十一世紀建設企業股份有限公司","陳O宗","新北市樹林區忠愛街2之6號","50000000","核准設立","2022-01-01 03:30:33.987"
"23180118","皇佳食品工業股份有限公司","駱O祥","新北市中和區中正路818號1樓","100000000","核准設立，但已命令解散","2022-01-01 03:30:33.987"
"23212527","鴻昕食品有限公司","曾O丹","花蓮縣吉安鄉東昌村東里十一街8號1樓","null","核准設立","2022-01-01 03:30:33.987"
"23348931","協川冷凍食品有限公司","吳O滿","高雄市大寮區昭明里鳳林一路34巷48之4號1樓","0","核准設立","2022-01-01 03:30:33.987"
"23496088","結凰食品有限公司","邱O樹","屏東縣鹽埔鄉新二村大仁西街55號","0","核准設立","2022-01-01 03:30:33.987"
"23670889","美藍雷股份有限公司","莊O炎","臺南市永康區環工路87號","480000000","核准設立","2022-01-01 03:30:33.987"
"23834715","津懋企業有限公司","","屏東縣屏東市瑞光里香揚巷十弄十一號","null","廢止","2022-01-01 03:30:33.987"
"23902065","華漢冷凍食品工業股份有限公司","李O來","新北市五股區五工六路47號","88000000","核准設立","2022-01-01 03:30:33.987"
"24215375","永軒食品有限公司","方O貞","桃園市中壢區五光一街79號2樓","0","核准設立","2022-01-01 03:30:33.987"
"24215683","台灣矽能能源股份有限公司","缺O","臺中市西屯區臺灣大道三段658號9樓之5","308793250","核准設立","2022-01-01 03:30:33.987"
"24222158","永亨畜牧場股份有限公司","李O亨","新北市林口區下福99之1號","70000000","核准設立","2022-01-01 03:30:33.987"
"24266492","中盟生物科技股份有限公司","","新竹縣竹北市興隆路三段275號","27000000","廢止","2022-01-01 03:30:33.987"
"24282508","台亞食品有限公司","翁O玲","雲林縣東勢鄉四美村永安路1之2號1樓","0","核准設立","2022-01-01 03:30:33.987"
"24330874","利口樂通路有限公司","","臺北市北投區大業路490號1樓","0","廢止","2022-01-01 03:30:33.987"
"24336602","鑫湛國際管理顧問股份有限公司","","臺北市中正區忠孝東路2段35號","30000000","廢止","2022-01-01 03:30:33.987"
"24358859","聯合莊農產品有限公司","莊O鐘","臺中市外埔區土城里土城東路6號","null","核准設立","2022-01-01 03:30:33.987"
"24387361","三達畜牧科技企業股份有限公司","邱O凱","雲林縣麥寮鄉橋頭村仁德路236巷96號","10000000","核准設立","2022-01-01 03:30:33.987"
"24441506","精鵠股份有限公司","龔O俊","花蓮縣玉里鎮中城里忠孝路27號1樓","25000000","核准設立","2022-01-01 03:30:33.987"
"24445989","東南畜產有限公司","張O榮","臺中市西屯區何厝里何厝東二街23號9樓之3","0","核准設立","2022-01-01 03:30:33.987"
"24534700","福馨投資有限公司","張O榮","臺北市萬華區環河南路2段280巷9號2樓","0","核准設立","2022-01-01 03:30:33.987"
"24560158","綺冠實業有限公司","","臺北市大同區寧夏路155號6樓","0","解散","2022-01-01 03:30:33.987"
"24562677","世野食業股份有限公司","","臺北市大同區迪化街1段197號","5000000","解散","2022-01-01 03:30:33.987"
"24571628","威瞬實業有限公司","譚O文","臺北市中山區松江路182號11樓之1","0","核准設立","2022-01-01 03:30:33.987"
"24594740","登鋒有限公司","黃O鋒","彰化縣埤頭鄉合興村2鄰斗苑西路202巷8之1號","0","核准設立","2022-01-01 03:30:33.987"
"24594896","長振股份有限公司","陳O澈","臺中市西屯區福和里臺灣大道四段925號7樓之1","48288430","核准設立","2022-01-01 03:30:33.987"
"24607647","杰絲實業有限公司","","臺中市西屯區福恩里工業區一路58巷11弄48號1樓","0","廢止","2022-01-01 03:30:33.987"
"24608218","富宥生技有限公司","","雲林縣土庫鎮越港里大同路1之2號1樓","0","廢止","2022-01-01 03:30:33.987"
"24619398","延豐農產有限公司","","南投縣竹山鎮中崎里7鄰民生巷40之5號","0","廢止","2022-01-01 03:30:33.987"
"24623251","昇樺食品有限公司","吳O田","雲林縣斗南鎮將軍里將軍3-12號","0","核准設立","2022-01-01 03:30:33.987"
"24630268","順易昌餐飲有限公司","","臺北市中正區中山北路1段2號4樓之2","0","廢止","2022-01-01 03:30:33.987"
"24649581","領仙生技股份有限公司","曾O祥","新竹市東區新莊街129巷70弄1號","8000000","核准設立","2022-01-01 03:30:33.987"
"24656132","艾士實業有限公司","翁O倫","嘉義市東區保康路180號","0","核准設立","2022-01-01 03:30:33.987"
"24660706","立穎生鮮有限公司","黃O莉","高雄市前金區新田路229號1樓","0","核准設立","2022-01-01 03:30:33.987"
"24674618","康城食品有限公司","黃O勛","高雄市楠梓區大學三十街130號1樓","0","核准設立","2022-01-01 03:30:33.987"
"24703493","鴻緯智慧科技股份有限公司","陳O儒","新北市中和區建八路16號7樓之2","92801000","核准設立","2022-01-01 03:30:33.987"
"24729698","阿昌雞肉有限公司","曾O燕","新北市板橋區民治街42巷1號3樓","null","核准設立","2022-01-01 03:30:33.987"
"24730077","有鴻生物科技股份有限公司","王O玉","新北市中和區建八路16號7樓之2","10000000","核准設立","2022-01-01 03:30:33.987"
"24764940","達克寵物有限公司","陳O維","臺北市士林區大南路325號9樓之12","0","核准設立","2022-01-01 03:30:33.987"
"24794873","英屬維京群島商庖丁堂國際股份有限公司","張O政","新北市新莊區新北大道三段7號2樓之7","0","核准登記","2022-01-01 03:30:33.987"
"24831960","五更物產有限公司","","臺中市大里區塗城路33巷7號","null","解散","2022-01-01 03:30:33.987"
"24856997","貝吉特有限公司","","新竹縣竹北市嘉豐南路一段78號1樓及80號1樓","0","解散","2022-01-01 03:30:33.987"
"24863081","御正食品有限公司","黃O汝","嘉義縣朴子市仁和里嘉朴路西段60號1樓","0","核准設立","2022-01-01 03:30:33.987"
"24864814","樂樂農業科技有限公司","陳O哲","嘉義市東區新店里義教西路18巷17號1樓","0","核准設立","2022-01-01 03:30:33.987"
"24874926","禾勝畜產有限公司","","雲林縣褒忠鄉埔姜村太湖路20-3號","0","解散","2022-01-01 03:30:33.987"
"24877819","明泰陽實業有限公司","","屏東縣鹽埔鄉新二村維新路68巷11之7號1樓","0","廢止","2022-01-01 03:30:33.987"
"24883474","源欣怡股份有限公司","李O靜","雲林縣虎尾鎮光復路391號3樓","60000000","核准設立","2022-01-01 03:30:33.987"
"24897435","慶豐冷凍實業有限公司","吳O敏","雲林縣元長鄉西莊村西庄路109之17號","0","核准設立","2022-01-01 03:30:33.987"
"24899406","豐富有限公司","","臺南市安平區育平里育平二街166號1樓","null","解散","2022-01-01 03:30:33.987"
"24904962","鑫鮮企業有限公司","","臺南市歸仁區武東里中正南路2段17號1樓","0","解散","2022-01-01 03:30:33.987"
"24910401","通勤企業有限公司","陳O木","臺南市東區復興里裕學路157號1樓","0","核准設立","2022-01-01 03:30:33.987"
"24914103","寶營畜產有限公司","温O泉","臺南市下營區新興里中興南路272之2號","0","核准設立","2022-01-01 03:30:33.987"
"24917967","勝鉦實業有限公司","蘇O毅","臺南市安定區中榮里許中營24之17號","0","核准設立","2022-01-01 03:30:33.987"
"24945197","美生金有限公司","","臺北市內湖區南京東路6段266號4樓","0","解散","2022-01-01 03:30:33.987"
"24963146","創意無限室內裝修設計有限公司","","基隆市中正區中船路102-1號5樓","0","廢止","2022-01-01 03:30:33.987"
"24991001","億興企業股份有限公司","許O惜","高雄市大寮區濱南街6號","130000000","核准設立","2022-01-01 03:30:33.987"
"25002434","逢海實業有限公司","","臺中市梧棲區大庄里光復路48號1樓","null","廢止","2022-01-01 03:30:33.987"
"25008417","芳苑肉品有限公司","歐O宏","彰化縣芳苑鄉五俊村民權路62號","0","核准設立","2022-01-01 03:30:33.987"
"25008768","天太子貿易實業有限公司","","高雄市岡山區通校路150號2樓","null","解散","2022-01-01 03:30:33.987"
"25021397","御軒食品有限公司","陳O齡","新北市土城區日新街37之1號","0","核准設立","2022-01-01 03:30:33.987"
"25034098","哲利食品股份有限公司","","彰化縣二林鎮後厝里永定街23號","1000000","解散","2022-01-01 03:30:33.987"
"25035385","羅記食品有限公司","羅O耀","嘉義縣溪口鄉溪西村1鄰中正路143-1號1樓","null","核准設立","2022-01-01 03:30:33.987"
"25040599","東勢肉品有限公司","游O仲","臺中市太平區東平里東村路109號1樓","0","核准設立","2022-01-01 03:30:33.987"
"25067029","帝彤有限公司","陳O悅","高雄市鳳山區華泰街135號1樓","0","核准設立","2022-01-01 03:30:33.987"
"25067908","三和生技有限公司","莊O造","屏東縣里港鄉永春村永豐路1段66號","0","核准設立","2022-01-01 03:30:33.987"
"25089375","禾瑞開發有限公司","","雲林縣虎尾鎮安慶里中山路11巷112號1樓","null","解散","2022-01-01 03:30:33.987"
"25113425","約亞拿國際股份有限公司","","新北市林口區中山路532號3樓之10","500000","解散","2022-01-01 03:30:33.987"
"25160952","金穎畜產有限公司","","臺中市龍井區龍西里龍門路54巷20號","0","廢止","2022-01-01 03:30:33.987"
"25167955","友盛食品股份有限公司","陳O倫","彰化縣芳苑鄉漢寶村漢崙路16號","40500000","核准設立","2022-01-01 03:30:33.987"
"25171851","東靚規劃設計有限公司","林O煌","花蓮縣吉安鄉北昌村中央路三段554號1樓","null","核准設立","2022-01-01 03:30:33.987"
"27212344","漢堡先生餐飲事業有限公司","","高雄市楠梓區德明路1006之1號","null","解散","2022-01-01 03:30:33.987"
"27271336","正元食品有限公司","許O勳","桃園市八德區大漢里忠勇街216巷2號7樓","0","核准設立","2022-01-01 03:30:33.987"
"27273334","祥盟畜產股份有限公司","鄧O絨","彰化縣溪湖鎮湖東里向上路71號","3000000","核准設立","2022-01-01 03:30:33.987"
"27293161","靖和租賃股份有限公司","呂O貞","臺北市大安區通化街57巷6號6樓","5000000","核准設立","2022-01-01 03:30:33.987"
"27389784","嶺東屠宰場有限公司","","臺中市北區明德里漢口南一街六三號二樓","null","廢止","2022-01-01 03:30:33.987"
"27411913","荃薪有限公司","張O琳","桃園市中壢區五光一街79號","null","核准設立","2022-01-01 03:30:33.987"
"27412960","立瑞畜產有限公司","王O慧","雲林縣土庫鎮後埔里雙人厝123號","0","核准設立","2022-01-01 03:30:33.987"
"27455854","紳豐畜產加工股份有限公司","張O娥","南投縣竹山鎮德興里鯉南路118-35號","14000000","核准設立","2022-01-01 03:30:33.987"
"27463263","韻之村實業股份有限公司","張O銍","新竹縣竹北市十興里文平路2號","10000000","核准設立","2022-01-01 03:30:33.987"
"27505144","冠鈞家實業有限公司","黃O淑","高雄市鳥松區華美里溫州街33號1樓","0","核准設立","2022-01-01 03:30:33.987"
"27522811","淞品生技有限公司","高O泓","嘉義縣溪口鄉美北村崙尾1-18號","0","核准設立","2022-01-01 03:30:33.987"
"27596897","佳那有限公司","林O堂","屏東縣潮州鎮潮州路1153號","0","核准設立","2022-01-01 03:30:33.987"
"27638186","元進莊企業股份有限公司","吳O源","新北市中和區中山路2段332巷45號","314000000","核准設立","2022-01-01 03:30:33.987"
"27647495","吉家食品股份有限公司","鄭O源","新北市土城區中華路2段243號","5000000","核准設立","2022-01-01 03:30:33.987"
"27693027","盛聯興業有限公司","郭O閎","高雄市燕巢區大成路26號","0","核准設立","2022-01-01 03:30:33.987"
"27714796","美特多股份有限公司","趙O生","臺北市內湖區南京東路6段266號1樓","70000000","核准設立","2022-01-01 03:30:33.987"
"27723177","云晟企管顧問股份有限公司","黃O民","臺北市大安區和平東路2段181號2樓","1000000","核准設立","2022-01-01 03:30:33.987"
"27779116","全宏食品企業有限公司","蔡O津","南投縣埔里鎮南村里中山路四段206之3號","0","核准設立","2022-01-01 03:30:33.987"
"27798845","盛隆食品有限公司","謝O良","新北市淡水區原德路117號","0","核准設立","2022-01-01 03:30:33.987"
"27806319","明方實業有限公司","許O彰","雲林縣北港鎮大同里義民路９９號","0","核准設立","2022-01-01 03:30:33.987"
"27820706","台灣香腸食品股份有限公司","李O閎","雲林縣林內鄉九芎村大埔15號1樓","25000000","核准設立","2022-01-01 03:30:33.987"
"27856289","佺興實業有限公司","","屏東縣屏東市復興南路一段66巷12號","null","解散","2022-01-01 03:30:33.987"
"27856632","展新食品有限公司","張O輝","桃園市中壢區月眉路一段328巷35之3號","0","核准設立","2022-01-01 03:30:33.987"
"27863198","奇品農產品有限公司","楊O鈞","臺中市龍井區中厝路51巷6弄19號1樓","0","核准設立","2022-01-01 03:30:33.987"
"27877307","翔憶食品有限公司","","雲林縣水林鄉土厝村陳厝寮１號","null","解散","2022-01-01 03:30:33.987"
"27883693","味奇食品有限公司","","雲林縣元長鄉西莊村１０號１樓","null","廢止","2022-01-01 03:30:33.987"
"27883737","和榮食品有限公司","陳O山","雲林縣水林鄉灣東村正義南路3之2號","0","核准設立","2022-01-01 03:30:33.987"
"27885382","祥瑋肉品有限公司","姚O梅","屏東縣屏東市北興里興隆街17號","0","核准設立","2022-01-01 03:30:33.987"
"27896037","鴻群冷凍食品股份有限公司","蔡O章","彰化縣大城鄉東港村福建路75號","15000000","核准設立","2022-01-01 03:30:33.987"
"27899956","福裕食品有限公司","","雲林縣水林鄉土厝村陳厝寮1號","null","解散","2022-01-01 03:30:33.987"
"27939845","良金實業有限公司","薛O琛","金門縣金湖鎮新湖里漁村160號","0","核准設立","2022-01-01 03:30:33.987"
"27960229","金泰食品有限公司","吳O玲","臺北市內湖區舊宗路2段121巷34號1樓","null","核准設立","2022-01-01 03:30:33.987"
"28068613","金峰生物科技有限公司","温O昌","屏東縣里港鄉中和村南進路10-6號","0","核准設立","2022-01-01 03:30:33.987"
"28071455","關山優質農產股份有限公司","呂O青","臺東縣關山鎮中福里信義路3之1號","1000000","核准設立","2022-01-01 03:30:33.987"
"28076803","國興冷凍肉品股份有限公司","林O添","彰化縣大城鄉西港村中央路1之8號","100000000","核准設立","2022-01-01 03:30:33.987"
"28082214","展安食品有限公司","鄭O源","新北市土城區中華路2段243號","0","核准設立","2022-01-01 03:30:33.987"
"28092775","博瑜國際貿易有限公司","郭O莨","屏東縣新園鄉興龍村南興路339之1號1樓","0","核准設立","2022-01-01 03:30:33.987"
"28099550","勝安冷凍食品有限公司","李O財","屏東縣屏東市莊敬街一段106巷17弄13號一樓","0","核准設立","2022-01-01 03:30:33.987"
"28110801","典味食品有限公司","蘇O明","高雄市鳳山區八德路2段142巷5號8樓","0","核准設立","2022-01-01 03:30:33.987"
"28190044","北區家禽肉品綜合開發股份有限公司","","臺北市信義區忠孝東路5段770號5樓","50000000","解散","2022-01-01 03:30:33.987"
"28288736","金龍肉品有限公司","","高雄市楠梓區大學三十街130號1樓","0","解散","2022-01-01 03:30:33.987"
"28292154","龍騰食品有限公司","卓O樺","彰化縣大城鄉西城村西勢路23號","0","核准設立","2022-01-01 03:30:33.987"
"28306116","健康牛實業有限公司","","高雄市三民區晉元街29號1樓","0","廢止","2022-01-01 03:30:33.987"
"28344694","利農畜產有限公司","許O添","桃園市大園區溪海里柴梳崙路267巷30號1樓","0","核准設立","2022-01-01 03:30:33.987"
"28352103","振芳冷凍食品股份有限公司","邱O天","屏東縣屏東市和興里忠孝路250號","110000000","核准設立","2022-01-01 03:30:33.987"
"28363570","鎮源農牧場有限公司","林O賢","雲林縣斗六市鎮東里永樂街34號","0","核准設立","2022-01-01 03:30:33.987"
"28375788","永昇禽品企業有限公司","","臺南市鹽水區舊營里舊營1號之28","null","解散","2022-01-01 03:30:33.987"
"28392246","富禾食品有限公司","","雲林縣虎尾鎮公安里明正路27巷14號1樓","0","解散","2022-01-01 03:30:33.987"
"28398924","鵝媽媽企業有限公司","劉O彩鳳","屏東縣竹田鄉泗洲村連成路45號","null","核准設立","2022-01-01 03:30:33.987"
"28516984","台灣鵝業有限公司","余O飛","彰化縣北斗鎮神農路8之13號1樓","null","核准設立","2022-01-01 03:30:33.987"
"28519624","敦越有限公司","","新北市中和區景平路732之1號","0","解散","2022-01-01 03:30:33.987"
"28532470","欣泰流通有限公司","柯O芳","高雄市湖內區自強街8號","0","核准設立","2022-01-01 03:30:33.987"
"28538404","大安肉品有限公司","","臺中市大安區龜売里大安港路541號","0","廢止","2022-01-01 03:30:33.987"
"28539451","池上米業有限公司","王O偉","臺東縣臺東市自強里正氣北路134號","0","核准設立","2022-01-01 03:30:33.987"
"28551623","澎湖縣肉品市場股份有限公司","洪O鷲","澎湖縣馬公市西文里97-14號","3000000","核准設立","2022-01-01 03:30:33.987"
"28554142","山水畜產開發股份有限公司","林O春","屏東縣新埤鄉萬隆村4鄰平山路68之30號","400000000","核准設立","2022-01-01 03:30:33.987"
"28590787","普路達興業股份有限公司","李O宏","高雄市楠梓區安泰街182巷1號6樓之11","8000000","核准設立","2022-01-01 03:30:33.987"
"28632077","巧活食品科技股份有限公司","王O行","新北市中和區板南路671號11樓","20000000","核准設立","2022-01-01 03:30:33.987"
"28633955","富農興業股份有限公司","吳O富","桃園市大園區中華路593號","4900000","核准設立","2022-01-01 03:30:33.987"
"28634791","松柏食品有限公司","何O錤","臺中市大雅區上楓里民生路三段267巷17號","0","核准設立","2022-01-01 03:30:33.987"
"28658744","劉家庄美食股份有限公司","劉O憨","高雄市鳳山區國泰里國富路10號","660000","核准設立","2022-01-01 03:30:33.987"
"28726412","勝贏屠宰場股份有限公司","林O菁","宜蘭縣壯圍鄉新南村新南路96-7號","27900000","核准設立","2022-01-01 03:30:33.987"
"28765147","玉茂勝有限公司","許O柱","雲林縣土庫鎮奮起里綺湖61之2號","0","核准設立","2022-01-01 03:30:33.987"
"28765575","昇模股份有限公司","王O鎮","彰化縣溪湖鎮大突里大同路116巷11號","1000000","核准設立","2022-01-01 03:30:33.987"
"28777853","全聚得企業股份有限公司","","桃園市大園區菓林里36鄰拔子林66-12號","20000000","解散","2022-01-01 03:30:33.987"
"28779542","泰山肉品有限公司","","新北市蘆洲區光華路70巷13號3樓","null","廢止","2022-01-01 03:30:33.987"
"28785045","鮮時代冷凍食品有限公司","陳O甄","新北市樹林區柑園街1段1之1號","0","核准設立","2022-01-01 03:30:33.987"
"28789871","義昌食品股份有限公司","陳O香","雲林縣土庫鎮東平里新光路36之12號1樓","5000000","核准設立","2022-01-01 03:30:33.987"
"28839112","愛特多肉品有限公司","廖O琴","臺北市內湖區南京東路6段266號1樓","null","核准設立","2022-01-01 03:30:33.987"
"28928944","宇台肉品股份有限公司","劉O廷","高雄市湖內區和平路148巷57號","72000000","核准設立","2022-01-01 03:30:33.987"
"28947301","新村福畜產有限公司","張O俊","苗栗縣竹南鎮崎頂里12鄰東崎頂15之5號","0","核准設立","2022-01-01 03:30:33.987"
"29039089","淶淶生物科技有限公司","葉O愷","臺北市萬華區長順街44號1樓","0","核准設立","2022-01-01 03:30:33.987"
"29040494","廣湛有限公司","陳O賓","臺北市內湖區南京東路6段298號1樓","0","核准設立","2022-01-01 03:30:33.987"
"29055539","天合行銷廣告股份有限公司","閻O靖","臺北市中山區建國北路2段92號2樓","32000000","核准設立","2022-01-01 03:30:33.987"
"29091839","王印食品股份有限公司","","彰化縣大城鄉東城村南平路324號","4800000","解散","2022-01-01 03:30:33.987"
"29095069","益加聯實業有限公司","林O蘋","屏東縣鹽埔鄉鹽南村建設街12-1號","0","核准設立","2022-01-01 03:30:33.987"
"29160321","龍翔國際有機生技有限公司","蔡O翔","新北市三峽區紫新路65號7樓","0","核准設立","2022-01-01 03:30:33.987"
"33115502","艾德蒙海外股份有限公司","李O雄","新北市中和區中正路716號12樓之3","577506450","核准設立","2022-01-01 03:30:33.987"
"35986264","欽松企業股份有限公司","林O美","新北市三重區重新路2段21號12樓","80000000","核准設立","2022-01-01 03:30:33.987"
"36514783","台灣卜蜂企業股份有限公司","鄭O樾","臺北市中山區朱園里松江路87號17樓","2679909980","核准設立","2022-01-01 03:30:33.987"
"40548899","發昌企業有限公司","楊O宏","宜蘭縣宜蘭市延平里東港路二段26號","0","核准設立","2022-01-01 03:30:33.987"
"41547911","格全食品工業股份有限公司","林O秀琴","宜蘭縣蘇澳鎮新榮路57號","68000000","核准設立","2022-01-01 03:30:33.987"
"42570354","萬順畜牧場股份有限公司","","屏東縣鹽埔鄉鹽中村勝利路17-30號","10000000","解散","2022-01-01 03:30:33.987"
"42578031","阿米巴國際股份有限公司","","桃園市新屋區下田里中山西路二段1181巷6弄2號3樓","800000","解散","2022-01-01 03:30:33.987"
"42582302","愛爸爸實業有限公司","郭O鳳京","宜蘭縣羅東鎮復興路一段51號1樓","0","核准設立","2022-01-01 03:30:33.987"
"42583772","永銨畜產有限公司","吳O玲","桃園市大園區圳頭路311巷141弄128號","0","核准設立","2022-01-01 03:30:33.987"
"42599991","葳菁科技有限公司","余O郡","花蓮縣花蓮市民光452號","0","核准設立","2022-01-01 03:30:33.987"
"42668238","凱威興業有限公司","","臺中市西屯區上明一街58號","0","廢止","2022-01-01 03:30:33.987"
"42717717","全國有限公司","張O維","新北市樹林區光興街294號","0","核准設立","2022-01-01 03:30:33.987"
"42732745","嘉峰食品有限公司","陳O玲","新北市淡水區新春街7號6樓","0","核准設立","2022-01-01 03:30:33.987"
"42775764","台一農業科技有限公司","張O禎","南投縣埔里鎮蜈蚣里中山路一段176號","0","核准設立","2022-01-01 03:30:33.987"
"42784601","允濤實業有限公司","鄭O堯","彰化縣二林鎮大永里永安路18-8號","0","核准設立","2022-01-01 03:30:33.987"
"42789009","豚聚畜牧股份有限公司","黃O志","彰化縣二林鎮振興里民保巷576弄建80號","16000000","核准設立","2022-01-01 03:30:33.987"
"42789079","楷優食品股份有限公司","李O靜","雲林縣虎尾鎮新興里光復路391號3樓","129000000","核准設立","2022-01-01 03:30:33.987"
"42794734","九六國際食品有限公司","蘇O盛","高雄市三民區大豐二路344號1樓","0","核准設立","2022-01-01 03:30:33.987"
"42800497","祥盛肉品有限公司","曾O鈞","高雄市苓雅區輔仁路35巷8號","0","核准設立","2022-01-01 03:30:33.987"
"42809602","欣樂食品股份有限公司","朱O煌","屏東縣長治鄉繁昌村中山路152號","400000000","核准設立","2022-01-01 03:30:33.987"
"42813176","大源食品有限公司","黃O慧","高雄市大寮區立德路315巷9號","0","核准設立","2022-01-01 03:30:33.987"
"42868995","潤民有限公司","陳O凱","新北市中和區保健路50巷53號","0","核准設立","2022-01-01 03:30:33.987"
"42889181","台鼎生技股份有限公司","孫O信","臺中市北區篤行路90巷2弄15號2樓","2000000","核准設立","2022-01-01 03:30:33.987"
"42922013","富安食品有限公司","潘O蓉","臺南市仁德區太子路689巷10號","0","核准設立","2022-01-01 03:30:33.987"
"42956527","鑫東昇食品有限公司","陳O仁","新竹市東區前溪里經國路一段252號","0","核准設立","2022-01-01 03:30:33.987"
"42964976","嘉義家禽屠宰場有限公司","","嘉義市東區新開里體育路57號1樓","0","解散","2022-01-01 03:30:33.987"
"42965785","大屯畜產有限公司","陳O在","雲林縣虎尾鎮東屯里大屯77號","0","核准設立","2022-01-01 03:30:33.987"
"42965933","松圃農業生物科技有限公司","陳O宇","南投縣國姓鄉北港村北原路68之5號","0","核准設立","2022-01-01 03:30:33.987"
"42983117","禾加力有限公司","陳O婉","連江縣南竿鄉清水村133號","0","核准設立","2022-01-01 03:30:33.987"
"42984354","興全台實業有限公司","陳O新","雲林縣虎尾鎮東屯里大屯1-6號1樓","0","核准設立","2022-01-01 03:30:33.987"
"45075053","洪興實業有限公司","黃O維","屏東縣長治鄉長興村中興路91號1樓","0","核准設立","2022-01-01 03:30:33.987"
"45106627","龍陞興業有限公司","林O君","雲林縣北港鎮溝皂里1鄰溝皂路80-35號","0","核准設立","2022-01-01 03:30:33.987"
"45142270","順富水產有限公司","張O賢","高雄市旗津區商港街14巷48號","0","核准設立","2022-01-01 03:30:33.987"
"45190574","彼思吉網路行銷顧問有限公司","彭O劭","臺中市西屯區林厝里福林路480號1樓","0","核准設立","2022-01-01 03:30:33.987"
"45881824","三珍有限公司","周O玲","臺中市豐原區翁子里豐勢路二段535巷41弄3號1樓","0","核准設立","2022-01-01 03:30:33.987"
"45888158","北極興冷凍食品有限公司","簡O興","臺中市烏日區三和里學田路68號","0","核准設立","2022-01-01 03:30:33.987"
"47085681","全國氣體有限公司","張O維","新北市樹林區光興街294號","0","核准設立","2022-01-01 03:30:33.987"
"47114222","錦蒼有限公司","陳O桐","新北市八里區博物館路93號","0","核准設立","2022-01-01 03:30:33.987"
"48405418","新竹肉品巿場股份有限公司","楊O科","新竹縣竹北市中正西路2077號","100000000","核准設立","2022-01-01 03:30:33.987"
"50547217","苗栗肉品市場股份有限公司","葉O航","苗栗縣後龍鎮豐富里4鄰新東路46-1號","1180000","核准設立","2022-01-01 03:30:33.987"
"50770088","翼展國際有限公司","范O昊","新北市三重區重新路1段84號(4樓)","0","核准設立","2022-01-01 03:30:33.987"
"50774296","永豐順興業有限公司","林O敬","臺北市萬華區環河南路2段304號7樓","0","核准設立","2022-01-01 03:30:33.987"
"50775611","曜輝畜牧股份有限公司","李O絮","臺北市大安區市民大道4段102號8樓","40000000","核准設立","2022-01-01 03:30:33.987"
"50775627","佑榮畜牧股份有限公司","蔡O達","臺北市大安區市民大道4段102號8樓","40000000","核准設立","2022-01-01 03:30:33.987"
"50778645","和陽國際企業有限公司","涂O豪","新北市板橋區板南路498號7樓之3","0","核准設立","2022-01-01 03:30:33.987"
"50840401","台普融通有限公司","陳O章","臺中市清水區武鹿里中央路102號之1","0","核准設立","2022-01-01 03:30:33.987"
"50875076","思創構股份有限公司","方O人","臺北市大安區和平東路1段177之4號3樓","15000000","核准設立","2022-01-01 03:30:33.987"
"50915465","鑫玉山實業有限公司","袁O賓","桃園市大園區田心里30鄰華興路一段271巷180弄15號","0","核准設立","2022-01-01 03:30:33.987"
"50915768","薰月宅有限公司","王O億","桃園市中壢區中央里裕民街26之1號11樓","0","核准設立","2022-01-01 03:30:33.987"
"50926667","斐燦企業股份有限公司","楊O崴","高雄市楠梓區大學二十八街20號","50000000","核准設立","2022-01-01 03:30:33.987"
"50930177","享樂基有限公司","","高雄市燕巢區瓊林路162號1樓","0","解散","2022-01-01 03:30:33.987"
"50934955","和順肉品有限公司","吳O樟","高雄市鳳山區和成路525號1樓","0","核准設立","2022-01-01 03:30:33.987"
"50964866","勝安食品有限公司","張O娟","桃園市中壢區月眉路一段328巷35之2號","0","核准設立","2022-01-01 03:30:33.987"
"50973422","皇采餐飲股份有限公司","連O華","新北市永和區中山路1段9號及11號(1樓)","6000000","核准設立","2022-01-01 03:30:33.987"
"52255593","百豐國際食品有限公司","","臺北市信義區松山路324號","0","解散","2022-01-01 03:30:33.987"
"52282450","漢寶農畜產企業股份有限公司","陳O雄","臺中市烏日區中山路三段102號2樓","460000000","核准設立","2022-01-01 03:30:33.987"
"52592722","好處好物國際有限公司","黃O","臺北市大安區羅斯福路3段283巷14弄30號","0","核准設立","2022-01-01 03:30:33.987"
"52669708","華喬國際股份有限公司","","臺北市松山區南京東路4段176號","2000000","解散","2022-01-01 03:30:33.987"
"53012292","洪師父金饌股份有限公司","","金門縣金寧鄉榜林村伯玉路1段218之1號","13200000","解散","2022-01-01 03:30:33.987"
"53033780","子岡有限公司","","彰化縣溪湖鎮大突里二溪路大突巷92號","null","解散","2022-01-01 03:30:33.987"
"53040261","德紘企業有限公司","蔡O倩","高雄市美濃區忠孝路2段4巷12號1樓","0","核准設立","2022-01-01 03:30:33.987"
"53047665","民雄屠宰場有限公司","劉O文","嘉義縣民雄鄉大崎村正大路二段1807號","null","核准設立","2022-01-01 03:30:33.987"
"53057635","松霖農產品有限公司","","雲林縣水林鄉溪墘村湖仔內路20-1號","null","解散","2022-01-01 03:30:33.987"
"53061981","酉堂食品有限公司","","彰化縣二林鎮豐田里南安路56號1樓","null","解散","2022-01-01 03:30:33.987"
"53065699","道祥有限公司","許O閔","花蓮縣花蓮市主農里中正路73號","0","核准設立","2022-01-01 03:30:33.987"
"53067612","太原冷凍食品有限公司","","臺中市烏日區螺潭里13鄰溪南路2段248巷105號","null","解散","2022-01-01 03:30:33.987"
"53080657","樂饗食品有限公司","","臺北市士林區忠誠路2段154巷3號1樓","null","廢止","2022-01-01 03:30:33.987"
"53088709","九甲食品有限公司","賴O銓","臺北市中山區吉林路24號11樓之1","0","核准設立","2022-01-01 03:30:33.987"
"53089664","昊鼎股份有限公司","葉O偉","新竹縣新豐鄉福興村7鄰圓山子116-2號五樓","5000000","核准設立","2022-01-01 03:30:33.987"
"53115419","元鯕股份有限公司","葉O愷","臺北市萬華區長順街44號","73000000","核准設立","2022-01-01 03:30:33.987"
"53147480","米其林評鑑股份有限公司","","桃園市桃園區南埔里大興西路二段265號18樓之2","1000000","解散","2022-01-01 03:30:33.987"
"53150668","大高雄禽產運銷有限公司","吳O俊","高雄市岡山區嘉新東路1巷12號","0","核准設立","2022-01-01 03:30:33.987"
"53177646","晉達食品有限公司","李O樹","雲林縣元長鄉山內村安務75號","0","核准設立","2022-01-01 03:30:33.987"
"53182423","愚人農場有限公司","黃O國","新北市新店區順安街68號(1樓)","0","核准設立","2022-01-01 03:30:33.987"
"53195237","新進發有機生技股份有限公司","","新北市板橋區長安街16號","7500000","解散","2022-01-01 03:30:33.987"
"53207249","綠舍企業有限公司","蔡O萍","新北市五股區登林路81之22號","0","核准設立","2022-01-01 03:30:33.987"
"53215521","祥豪味實業有限公司","","新北市三重區國隆里國隆路10號","null","廢止","2022-01-01 03:30:33.987"
"53231037","順豐國際實業股份有限公司","陳O學","高雄市岡山區岡山路610巷8號","25000000","核准設立","2022-01-01 03:30:33.987"
"53235961","蕙如企管顧問有限公司","","高雄市苓雅區四維四路5號7樓之1","null","解散","2022-01-01 03:30:33.987"
"53259436","福宥有限公司","辛O儀","高雄市阿蓮區峰南66－12號1樓","0","核准設立","2022-01-01 03:30:33.987"
"53263092","泰利肉品有限公司","張O章","雲林縣褒忠鄉馬鳴村泰安21號-2","0","核准設立","2022-01-01 03:30:33.987"
"53281872","陞煇食品股份有限公司","曾O凱","雲林縣斗南鎮新崙里新崙路87-16號1樓","15000000","核准設立","2022-01-01 03:30:33.987"
"53323937","無限創意科技工程有限公司","","基隆市中正區中船路102-1號5樓","0","廢止","2022-01-01 03:30:33.987"
"53329600","全鼎香食品有限公司","","臺北市內湖區內湖路1段91巷12弄10號2樓","0","廢止","2022-01-01 03:30:33.987"
"53394340","三豐肉品有限公司","楊O峰","臺中市中區中華里民族路238號2樓","null","核准設立","2022-01-01 03:30:33.987"
"53399324","坤翰有限公司","黃O閔","屏東縣長治鄉榮華村和平路23巷26號","0","核准設立","2022-01-01 03:30:33.987"
"53400808","陸水班冷凍肉品有限公司","王O坤","臺中市梧棲區永興路一段402巷179號1樓","0","核准設立","2022-01-01 03:30:33.987"
"53415513","欣宇祥企業有限公司","","新北市新莊區中正路566號","null","解散","2022-01-01 03:30:33.987"
"53457837","汐止八連家禽電宰有限公司","","新北市汐止區環河里福德一路408號","0","解散","2022-01-01 03:30:33.987"
"53480823","嘉周農產有限公司","周O霖","嘉義市新開里體育路57號2樓","0","核准設立","2022-01-01 03:30:33.987"
"53497795","榮添肉品股份有限公司","","臺中市北屯區昌平東六路317號1樓","15000000","解散","2022-01-01 03:30:33.987"
"53510452","一品村企業股份有限公司","李O惠","雲林縣東勢鄉龍潭村和平路77-11號","20000000","核准設立","2022-01-01 03:30:33.987"
"53601262","宏瑋企業有限公司","","臺中市大肚區太平路8巷62之15號1樓","0","廢止","2022-01-01 03:30:33.987"
"53601328","谷斯特有限公司","","苗栗縣頭屋鄉象山路200號","null","解散","2022-01-01 03:30:33.987"
"53602699","詳義有限公司","莊O麟","屏東縣里港鄉永春村永豐路1段68號","0","核准設立","2022-01-01 03:30:33.987"
"53617314","順達電宰有限公司","劉O賢","彰化縣溪湖鎮湖東里大溪路二段73巷208號1樓","0","核准設立","2022-01-01 03:30:33.987"
"53641270","彰興畜產有限公司","周O雄","彰化縣埔鹽鄉瓦磘村光明路二段179之2號","0","核准設立","2022-01-01 03:30:33.987"
"53673167","伯仲有限公司","朱O剛","連江縣南竿鄉清水村20號","0","核准設立","2022-01-01 03:30:33.987"
"53684782","鉦好家國際食品有限公司","","新北市新莊區中港二街120號","0","廢止","2022-01-01 03:30:33.987"
"53690757","樂饕食品有限公司","","臺北市士林區忠誠路2段154巷3號1樓","0","廢止","2022-01-01 03:30:33.987"
"53696611","豪盈興業股份有限公司","","新北市三重區大同南路44巷25號","1000000","解散","2022-01-01 03:30:33.987"
"53710613","五香國際有限公司","","新北市蘆洲區中正路158號7樓","0","廢止","2022-01-01 03:30:33.987"
"53714266","潹淵富股份有限公司","","新北市蘆洲區中正路313巷1號19樓","15000000","解散","2022-01-01 03:30:33.987"
"53805738","東廣食品股份有限公司","","雲林縣臺西鄉牛厝村成功172之9號1樓","11000000","解散","2022-01-01 03:30:33.987"
"53853338","伽昇企業有限公司","許O發","雲林縣元長鄉子茂村三民路43-3號1樓","0","核准設立","2022-01-01 03:30:33.987"
"53858919","祥竤肉品股份有限公司","王O忠","屏東縣屏東市北興里興隆街17號1樓","1200000","核准設立","2022-01-01 03:30:33.987"
"53859987","德志發有限公司","曾O德","新竹縣新豐鄉員山村員山25-2號1樓","null","核准設立","2022-01-01 03:30:33.987"
"53866679","中央畜產有限公司","蘇O","屏東縣麟洛鄉新田村民族路437號2樓","0","核准設立","2022-01-01 03:30:33.987"
"53871482","田倉一食品有限公司","潘O德","臺南市仁德區土庫里中正路三段523巷97號","null","核准設立","2022-01-01 03:30:33.987"
"53898840","樂享網科技有限公司","鄭O菁","高雄市茄萣區民治路37號1樓","null","核准設立","2022-01-01 03:30:33.987"
"53901373","酵泉生物科技股份有限公司","林O建","高雄市鳳山區五甲二路226號3樓","20000000","核准設立","2022-01-01 03:30:33.987"
"53925831","榮騰農產股份有限公司","李O國黛","新北市三重區光復路1段111之1號","88160000","核准設立","2022-01-01 03:30:33.987"
"53955243","鼎超食品有限公司","","臺北市萬華區長泰街139巷17號5樓","0","廢止","2022-01-01 03:30:33.987"
"53981426","清真城有限公司","曾O克","臺東縣臺東市卑南里志航路1段105號1樓","0","核准設立","2022-01-01 03:30:33.987"
"53988096","金豐盛食品股份有限公司","柯O河","臺中市烏日區高鐵路一段1號","256544550","核准設立","2022-01-01 03:30:33.987"
"54014163","永泰和股份有限公司","王O祥(Ong Kee Song)","新北市板橋區南雅東路27之21號6樓","14000000","核准設立","2022-01-01 03:30:33.987"
"54047143","鼎心鮮國際有限公司","江O盷","桃園市桃園區春日路1651巷34號(1樓)","0","核准設立","2022-01-01 03:30:33.987"
"54061989","允豐畜產開發有限公司","吳O俊","高雄市岡山區嘉新東路1巷12號","0","核准設立","2022-01-01 03:30:33.987"
"54069758","台南物產國際貿易有限公司","張O娥","臺南市新營區忠政里府西路257巷11弄6號1樓","0","核准設立","2022-01-01 03:30:33.987"
"54075999","福肉品股份有限公司","洪O華","臺南市永康區和平東路112號1樓","3000000","核准設立","2022-01-01 03:30:33.987"
"54084224","元頂畜產股份有限公司","","臺南市麻豆區小埤里埤頭1-1號","50000000","解散","2022-01-01 03:30:33.987"
"54097570","宏暉實業有限公司","","新北市汐止區茄苳路88巷6弄14號1樓","null","廢止","2022-01-01 03:30:33.987"
"54100049","巨立食品股份有限公司","陳O傑","臺中市北區健行里民權路555號1樓","23000000","核准設立","2022-01-01 03:30:33.987"
"54105749","洽富實業股份有限公司","洪O欣","臺中市梧棲區草湳里自立一街183號","400000000","核准設立","2022-01-01 03:30:33.987"
"54128052","綠動國際有限公司","","臺東縣綠島鄉公館村公館路61號","0","解散","2022-01-01 03:30:33.987"
"54128807","台安禽品有限公司","王O昭","臺中市大安區中庄里中海路102號","null","核准設立","2022-01-01 03:30:33.987"
"54158581","百佳食品實業股份有限公司","呂O毅","新北市三重區重新路2段13巷17號(1樓)","4000000","核准設立","2022-01-01 03:30:33.987"
"54180161","鈜景食品企業股份有限公司","楊O如","嘉義縣朴子市祥和三路西段71號","20000000","核准設立","2022-01-01 03:30:33.987"
"54185285","旭松能源股份有限公司","羅O聖","臺北市中山區中山北路3段47號4樓","20000000","核准設立","2022-01-01 03:30:33.987"
"54203559","捷銳科技有限公司","陳O金","高雄市鼓山區中華一路21號5樓","0","核准設立","2022-01-01 03:30:33.987"
"54205732","七老爺農產有限公司","王O奇","高雄市楠梓區加昌路998號1樓","null","核准設立","2022-01-01 03:30:33.987"
"54222367","財進源肉品有限公司","陳O珠","屏東縣萬丹鄉廈北村廈北路120號1樓","0","核准設立","2022-01-01 03:30:33.987"
"54239775","昌富食品有限公司","","雲林縣北港鎮南安里信義路47-1號1樓","null","解散","2022-01-01 03:30:33.987"
"54246945","雙鑫冷凍食品股份有限公司","辛O玲","屏東縣長治鄉繁榮村新榮路3之40號","50000000","核准設立","2022-01-01 03:30:33.987"
"54250497","翰寶得實業有限公司","謝O翰","屏東縣內埔鄉和興村和興路90號1樓","null","核准設立","2022-01-01 03:30:33.987"
"54253430","大都會肉品實業有限公司","張O銓","桃園市平鎮區自強街92巷24號","0","核准設立","2022-01-01 03:30:33.987"
"54256268","天合國際貿易科技有限公司","","臺中市豐原區府前街85號1樓","null","廢止","2022-01-01 03:30:33.987"
"54258738","坤宏農牧有限公司","鄭O昌","雲林縣北港鎮樹腳里武德街50號1樓","null","核准設立","2022-01-01 03:30:33.987"
"54286360","四季生鮮肉品有限公司","簡O錦","新北市三重區國隆路10號","0","核准設立","2022-01-01 03:30:33.987"
"54286729","春發食品有限公司","張O冠","新北市淡水區中山路95巷10之3號","0","核准設立","2022-01-01 03:30:33.987"
"54286832","協麟企業股份有限公司","","高雄市前金區七賢一路469號9樓之1","23930000","廢止","2022-01-01 03:30:33.987"
"54309928","啟勝國際實業有限公司","","新北市板橋區江寧路3段123巷12之1號","0","解散","2022-01-01 03:30:33.987"
"54321084","京王品餐飲股份有限公司","邱O福","臺北市松山區復興北路473號1樓","15000000","核准設立","2022-01-01 03:30:33.987"
"54333315","起元國際企業有限公司","林O雲","臺北市內湖區內湖路1段737巷8弄3號","null","核准設立","2022-01-01 03:30:33.987"
"54364533","創使國際股份有限公司","","新北市板橋區板新路23號6樓","6000000","解散","2022-01-01 03:30:33.987"
"54504008","奕興旺有限公司","蔡O章","彰化縣大城鄉東港村福建路75號","0","核准設立","2022-01-01 03:30:33.987"
"54507075","大順王食品有限公司","王O尚","桃園市新屋區笨港里文化路二段931號","null","核准設立","2022-01-01 03:30:33.987"
"54507504","弘晟食品有限公司","","彰化縣芬園鄉茄荖村原新街914巷32號","null","解散","2022-01-01 03:30:33.987"
"54509952","百威國際科技股份有限公司","張O亨","雲林縣斗六市八德里引善路99號","10000000","核准設立","2022-01-01 03:30:33.987"
"54513528","仰富國際有限公司","蔡O宸","嘉義縣溪口鄉美南村天赦1號1樓","0","核准設立","2022-01-01 03:30:33.987"
"54514694","鴻業海洋冷凍食品有限公司","蔡O嬌","嘉義縣布袋鎮振寮里後壁寮205之15號","null","核准設立","2022-01-01 03:30:33.987"
"54517566","恭寶農業生物科技有限公司","彭O珠","桃園市中壢區仁福里仁德街18號1樓","0","核准設立","2022-01-01 03:30:33.987"
"54522646","東辰商業股份有限公司","蕭O中","桃園市蘆竹區南崁里經國路890號7樓","73000000","核准設立","2022-01-01 03:30:33.987"
"54525279","信富食品有限公司","","屏東縣屏東市自由路西段120號2樓","0","解散","2022-01-01 03:30:33.987"
"54531363","懋蘅股份有限公司","林O源","彰化縣福興鄉福寶村新生路36號","29000000","核准設立","2022-01-01 03:30:33.987"
"54532927","慶隆肉品有限公司","","屏東縣林邊鄉林邊村2鄰中林路140號1樓","0","解散","2022-01-01 03:30:33.987"
"54539251","一心屠宰場有限公司","林O文","桃園市大園區溪海里田溪路171巷22號","0","核准設立","2022-01-01 03:30:33.987"
"54540638","德賢屠宰場有限公司","李O鈴","桃園市大園區田心里華興路1段271巷188號1樓","0","核准設立","2022-01-01 03:30:33.987"
"54542241","台野畜產有限公司","林O成","雲林縣大埤鄉豐田村延平路三段72巷60號","0","核准設立","2022-01-01 03:30:33.987"
"54542798","宏諺有限公司","游O邦","彰化縣溪湖鎮汴頭里弘農二街32號","0","核准設立","2022-01-01 03:30:33.987"
"54557237","名都食品有限公司","林O恩","臺南市西港區西港里文化路83巷24號","0","核准設立","2022-01-01 03:30:33.987"
"54581588","是美鴨有限公司","歐O華","臺中市烏日區溪南路二段215號1樓","0","核准設立","2022-01-01 03:30:33.987"
"54595859","強陞有限公司","蔡O強","臺中市西屯區大石里中平路327號1樓","0","核准設立","2022-01-01 03:30:33.987"
"54603957","榮謙肉品有限公司","","臺中市北區立人里華美街二段262號7樓之2","0","廢止","2022-01-01 03:30:33.987"
"54620077","育牧畜牧有限公司","蘇O彰","高雄市左營區文自路603號1樓","0","核准設立","2022-01-01 03:30:33.987"
"54636726","品健康股份有限公司","林O伶","臺中市大里區長榮里德芳南路356號1樓","10000000","核准設立","2022-01-01 03:30:33.987"
"54648878","進鑫食品有限公司","","臺北市文山區興隆路3段185巷15弄8號(1樓)","0","廢止","2022-01-01 03:30:33.987"
"54741059","有信心有限公司","陳O霖","彰化縣大城鄉豐美村過湖路256號","0","核准設立","2022-01-01 03:30:33.987"
"54751540","毅鼎新光電有限公司","林O毅","臺中市神岡區社口里民權一街63號1樓","null","核准設立","2022-01-01 03:30:33.987"
"54787322","先啟科技有限公司","蘇O泉","彰化縣福興鄉福南村沿海路4段780號","0","核准設立","2022-01-01 03:30:33.987"
"54804080","新農南台飼料股份有限公司","楊O崴","屏東縣萬丹鄉廣維路123號1樓","100000000","核准設立","2022-01-01 03:30:33.987"
"54806572","鼎盛食品有限公司","陳O濠","雲林縣土庫鎮興新里頂圍路2巷13號","0","核准設立","2022-01-01 03:30:33.987"
"54825509","亦盛實業有限公司","林O宏","高雄市鳳山區過雄街55巷45號","0","核准設立","2022-01-01 03:30:33.987"
"54828479","登亮股份有限公司","吳O銘","高雄市苓雅區中山二路368號","1000000","核准設立","2022-01-01 03:30:33.987"
"54834346","順鑫家禽有限公司","陳O玲","新北市五股區成泰路3段355號","0","核准設立","2022-01-01 03:30:33.987"
"54880571","彭勝食品有限公司","彭O皓","新北市樹林區三俊街213之1號","0","核准設立","2022-01-01 03:30:33.987"
"54891824","台灣中世大同農業貿易科技有限公司","孫O林","新北市永和區福和路318號14樓之5","0","核准設立","2022-01-01 03:30:33.987"
"54897411","萬豪企業有限公司","","臺中市北區健行里民權路555號1樓","0","解散","2022-01-01 03:30:33.987"
"54899987","鉅峰食品生技股份有限公司","蔡O興","臺中市西屯區工業區一路2巷3號9樓之1","29000000","核准設立","2022-01-01 03:30:33.987"
"54905600","好友餐飲有限公司","","臺中市潭子區雅豐街226巷26弄38號1樓","0","解散","2022-01-01 03:30:33.987"
"54925198","翔騰食品有限公司","楊O承","桃園市龜山區文化里復興三路52號1樓","0","核准設立","2022-01-01 03:30:33.987"
"54940493","嘉昇國際有限公司","温O晞","桃園市大園區菓林里菓林路152號(2樓)","0","核准設立","2022-01-01 03:30:33.987"
"54946757","茂豐農業生物科技有限公司","彭O珠","桃園市中壢區仁福里仁德街18號1樓","0","核准設立","2022-01-01 03:30:33.987"
"54958275","新福畜產有限公司","張O翔","嘉義市東區新店里林森東路456-106號","0","核准設立","2022-01-01 03:30:33.987"
"54964749","大城農業生技股份有限公司","黃O敏","彰化縣永靖鄉崙子村九分路492-1號1樓","2600000","核准設立","2022-01-01 03:30:33.987"
"54982520","柏灃實業有限公司","陳O全","屏東縣屏東市豐榮里自立路282號","0","核准設立","2022-01-01 03:30:33.987"
"54985569","集和食品有限公司","胡O嫣","屏東縣潮州鎮蓬萊里榮祥路30號","0","核准設立","2022-01-01 03:30:33.987"
"54992533","樂舞雁養鴨場股份有限公司","","新竹縣五峰鄉桃山村清泉263號1樓","3000000","解散","2022-01-01 03:30:33.987"
"55717204","炘宏企業有限公司","","臺北市信義區忠孝東路4段553巷46弄10號2樓","0","解散","2022-01-01 03:30:33.987"
"55749487","灃紜實業有限公司","","臺北市中山區敬業一路139號5樓之7","0","解散","2022-01-01 03:30:33.987"
"55848867","展丞食品有限公司","郭O哲","新北市三重區新北大道2段25號","0","核准設立","2022-01-01 03:30:33.987"
"55878995","淞品實業有限公司","高O泓","嘉義縣溪口鄉美北村崙尾1-18號","null","核准設立","2022-01-01 03:30:33.987"
"55935243","添福豬有限公司","林O兆","基隆市信義區深溪路104號2樓","0","核准設立","2022-01-01 03:30:33.987"
"56089126","興誠鑫有限公司","","彰化縣永靖鄉瑚璉村裕農路82巷18號1樓","0","解散","2022-01-01 03:30:33.987"
"56192402","福壽實業股份有限公司","洪O昆","臺中市沙鹿區沙田路45號","3220138870","核准設立","2022-01-01 03:30:33.987"
"56231518","永達畜產有限公司","","彰化縣彰化市東芳里彰馬路101巷39號","0","解散","2022-01-01 03:30:33.987"
"56275705","吉祥畜產有限公司","","彰化縣彰化市東芳里永芳路432巷21號","0","解散","2022-01-01 03:30:33.987"
"56276303","祥順畜產有限公司","","彰化縣彰化市東芳里永芳路432巷17號","0","解散","2022-01-01 03:30:33.987"
"56602291","沅和食品有限公司","許O豪","新北市三重區國道路1段67號(1樓)","0","核准設立","2022-01-01 03:30:33.987"
"56603762","容人有限公司","廖O瑩","臺東縣東河鄉尚德村前寮71號","0","核准設立","2022-01-01 03:30:33.987"
"56603812","上方冷凍食品材料有限公司","鄭O朝","苗栗縣苑裡鎮苑港里中山路346號","0","核准設立","2022-01-01 03:30:33.987"
"56655846","飛台農業生物科技股份有限公司","盧O宏","屏東縣新園鄉興龍村南興路339-1號","137000000","核准設立","2022-01-01 03:30:33.987"
"56701362","興禽食品股份有限公司","林O麗","屏東縣高樹鄉新南村大和路1之11號","150000000","核准設立","2022-01-01 03:30:33.987"
"56712939","甲順企業股份有限公司","","臺中市大甲區文武里八德街七一號","1000000","解散","2022-01-01 03:30:33.987"
"59137734","昌賀食品有限公司","唐O山","高雄市岡山區仁壽路300巷39號1樓","0","核准設立","2022-01-01 03:30:33.987"
"59265054","祥鮮肉品有限公司","董O蒼","高雄市大寮區翁園路204號1樓","0","核准設立","2022-01-01 03:30:33.987"
"59270985","富士旺企業有限公司","","高雄市苓雅區中正一路326號1樓","0","解散","2022-01-01 03:30:33.987"
"59646842","瑞羽畜產股份有限公司","翁O銘","屏東縣潮州鎮三共里朝昇路2號","5000000","核准設立","2022-01-01 03:30:33.987"
"60230266","凱威生技有限公司","羅O棋","臺中市龍井區藝術街107巷3號1樓","0","核准設立，但已命令解散","2022-01-01 03:30:33.987"
"60243282","欣立食品加工有限公司","陳O雄","臺中市南區長榮里公理街97號1樓","0","核准設立","2022-01-01 03:30:33.987"
"60256743","啟三肉品有限公司","劉O環","臺中市中區中華里民族路238號1樓","0","核准設立","2022-01-01 03:30:33.987"
"60268494","佳益企業有限公司","陳O葳","臺中市神岡區溪洲里神洲路852巷68號1樓","0","核准設立","2022-01-01 03:30:33.987"
"60271792","昕勤食品有限公司","趙O汶","臺中市龍井區田中里龍北路126巷50號1樓","0","核准設立","2022-01-01 03:30:33.987"
"60288787","高田會社有限公司","","臺中市西屯區何德里成都路18號1樓","0","解散","2022-01-01 03:30:33.987"
"60326826","兆丰安有限公司","洪O民","臺中市南屯區三和里黎明路二段359之9號8樓","0","核准設立","2022-01-01 03:30:33.987"
"60371151","美鴻畜產有限公司","","臺中市大雅區四德里11鄰義和路46巷1弄2號1樓","0","解散","2022-01-01 03:30:33.987"
"60379772","欣鋅生物科技股份有限公司","","臺中市南區長春里民生路9巷6號1樓","800000","解散","2022-01-01 03:30:33.987"
"60379816","長墡生物科技股份有限公司","蔡O素","臺中市南區長春里民生路9巷6號1樓","1600000","核准設立","2022-01-01 03:30:33.987"
"61777101","寶家肉品有限公司","","臺中市太平區福隆里東方四街1巷56號1樓","0","解散","2022-01-01 03:30:33.987"
"61925601","國產畜產有限公司","王O強","臺中市大安區中庄里中海路136號","0","核准設立","2022-01-01 03:30:33.987"
"61934334","億光開發有限公司","鄭O宏","臺中市大里區文化街83之1號2樓","0","核准設立","2022-01-01 03:30:33.987"
"61944868","鼎泰豐冷凍有限公司","黃O彬","臺中市霧峰區北勢里豐正路510號","0","核准設立","2022-01-01 03:30:33.987"
"62030406","良茂肉品有限公司","吳O賢","臺北市中正區南昌路2段31號2樓","0","核准設立","2022-01-01 03:30:33.987"
"62654704","裕榮旺實業有限公司","張O語","臺中市西區大忠里五權五街257巷27號1樓","0","核准設立","2022-01-01 03:30:33.987"
"63252405","台灣儲能股份有限公司","陳O銘","臺中市南區復興路三段146號","5000000","核准設立","2022-01-01 03:30:33.987"
"63610803","大裕國際事業股份有限公司","蔡O杰","嘉義縣六腳鄉蘇厝村152號","13356000","核准設立","2022-01-01 03:30:33.987"
"64351446","諾亞牧場股份有限公司","沈O佑","臺南市下營區仁里里公園路181號1樓","10800000","核准設立","2022-01-01 03:30:33.987"
"65529080","野田生技有限公司","羅O君","新竹縣新埔鎮中正路236號","0","核准設立","2022-01-01 03:30:33.987"
"66484060","宇展興業有限公司","仇O易","新北市土城區承天路87巷5號","0","核准設立","2022-01-01 03:30:33.987"
"66640034","東峰股份有限公司","曾O銘","嘉義縣朴子市竹村里朴子工業區二街4號","260000000","核准設立","2022-01-01 03:30:33.987"
"66844608","永寶婚宴會館有限公司","林O煌","新北市新莊區新樹路170號","0","核准設立","2022-01-01 03:30:33.987"
"69522715","佳利豐企業股份有限公司","蔡O國","臺南市南區新樂路11號","6000000","核准設立","2022-01-01 03:30:33.987"
"69532805","俐冠食品有限公司","","桃園市龜山區大華里頂湖二街28號【1樓】","0","解散","2022-01-01 03:30:33.987"
"69651631","京雅資產管理有限公司","趙O彬","新北市新莊區新北大道3段7號22樓之5","0","核准設立","2022-01-01 03:30:33.987"
"69675459","立棋國際有限公司","","桃園市平鎮區新富里新富一街9號16樓之3","0","解散","2022-01-01 03:30:33.987"
"69693843","仕廣企業有限公司","李O弘","桃園市桃園區龍壽里龍祥街112巷8號9樓","0","核准設立","2022-01-01 03:30:33.987"
"69705812","雞大王股份有限公司","黃O州","桃園市八德區竹園里新興路988號1樓","11400000","核准設立","2022-01-01 03:30:33.987"
"69708536","鳳凰畜產股份有限公司","黃O州","桃園市八德區竹園里新興路988號2樓","1000000","核准設立","2022-01-01 03:30:33.987"
"69800512","新農科技股份有限公司","楊O崴","臺南市官田區二鎮里官田工業區富強路27號","650000000","核准設立","2022-01-01 03:30:33.987"
"70390831","上德食品有限公司","林O禮","桃園市觀音區白玉里玉林路一段522號","null","核准設立","2022-01-01 03:30:33.987"
"70457023","美瑞亞洲股份有限公司","","臺中市大雅區大楓里德勝路186號","1000000","解散","2022-01-01 03:30:33.987"
"70457277","旭圃股份有限公司","陳O雲","臺北市中山區南京東路2段98號9樓之3","36000000","核准設立","2022-01-01 03:30:33.987"
"70466682","合興食品股份有限公司","","臺北市大安區忠孝東路4段205巷7弄6號3樓之1","3530000","廢止","2022-01-01 03:30:33.987"
"70506805","和榮意食品有限公司","郭O","雲林縣元長鄉鹿北村同安48號　","null","核准設立","2022-01-01 03:30:33.987"
"70522179","莊泰昌鐵網有限公司","劉O美","桃園市蘆竹區中福里龍壽街1段22號","0","核准設立","2022-01-01 03:30:33.987"
"70522636","粲弘有限公司","藍O斐","高雄市岡山區本洲路61號","0","核准設立","2022-01-01 03:30:33.987"
"70601511","奇碁國際生物科技股份有限公司","","臺中市北區太原路二段二六一號","2500000","解散","2022-01-01 03:30:33.987"
"70607310","鎰發農畜產品有限公司","","高雄市湖內區田尾里中山路一段五八六號一樓","null","解散","2022-01-01 03:30:33.987"
"70641674","保億冷凍食品有限公司","蘇O旭","屏東縣九如鄉玉泉村黃金路51號","null","核准設立","2022-01-01 03:30:33.987"
"70653209","琦翔機電有限公司","林O翔","新北市樹林區太平路150巷52號8樓","null","核准設立","2022-01-01 03:30:33.987"
"70653910","雞媽媽冷凍冷藏調理食品有限公司","","桃園市中壢區新興里百韜二街五二巷一九號四樓","null","廢止","2022-01-01 03:30:33.987"
"70730493","禾佳豐食品有限公司","","桃園市平鎮區關爺西路一一五巷十二號二樓","null","解散","2022-01-01 03:30:33.987"
"70731577","允香有限公司","","臺中市霧峰區四德路45號4樓","null","廢止","2022-01-01 03:30:33.987"
"70735103","永利順有限公司","郭O芙美","臺南市中西區忠義路2段146號","0","核准設立","2022-01-01 03:30:33.987"
"73008303","大成長城企業股份有限公司","韓O宇","臺南市永康區蔦松里蔦松二街3號","8521592590","核准設立","2022-01-01 03:30:33.987"
"79959814","連興食品有限公司","","臺中市大安區龜殼里大安港路五四一號","null","廢止","2022-01-01 03:30:33.987"
"79961380","沙展企業有限公司","","臺南市安平區安平路三七○巷三弄一九號二樓","null","廢止","2022-01-01 03:30:33.987"
"79967764","九星食品企業有限公司","","雲林縣水林鄉土厝村陳厝寮１５號","null","解散","2022-01-01 03:30:33.987"
"79978782","師傅企業股份有限公司","林O勲","高雄市鳳山區大東二路56號1樓","630000000","核准設立","2022-01-01 03:30:33.987"
"80021132","盛掄股份有限公司","","金門縣金寧鄉安美村西浦頭27號","6000000","解散","2022-01-01 03:30:33.987"
"80058257","寶宇興業有限公司","","屏東縣恆春鎮網紗里恒公路970巷24號1樓","0","解散","2022-01-01 03:30:33.987"
"80081588","鄭寶生物科技有限公司","","臺中市南屯區豐樂里黎明路1段790-1號1樓","0","廢止","2022-01-01 03:30:33.987"
"80113343","興誠鑫有限公司","","彰化縣田中鎮西路里西路街一五五號","null","解散","2022-01-01 03:30:33.987"
"80130997","福新食品有限公司","","臺南市永康區復華里一六鄰復國二路一八七號","null","解散","2022-01-01 03:30:33.987"
"80132138","信博企業有限公司","","屏東縣屏東市自由路西段120號","0","解散","2022-01-01 03:30:33.987"
"80245061","正義食品有限公司","","臺中市大里區金城里萬壽街二四號一樓","null","廢止","2022-01-01 03:30:33.987"
"80249088","燦輝畜牧有限公司","","臺南市新化區全興里竹子腳一六三之一號","null","廢止","2022-01-01 03:30:33.987"
"80274065","沛達生物科技股份有限公司","","新北市中和區永和路128巷10號1樓","5000000","解散","2022-01-01 03:30:33.987"
"80369652","兆聖實業有限公司","","高雄市三民區鼎貴路54號1樓","null","解散","2022-01-01 03:30:33.987"
"80370095","運聖企業有限公司","","高雄市三民區鼎貴路54號1樓","null","解散","2022-01-01 03:30:33.987"
"80374281","圓昌實業有限公司","","高雄市鼓山區龍德路226號1樓","null","解散","2022-01-01 03:30:33.987"
"80403238","久菖實業有限公司","","新北市新店區玫瑰路59巷28號2樓","null","廢止","2022-01-01 03:30:33.987"
"80405762","松下電宰有限公司","","彰化縣埔鹽鄉天盛村番金路61-13號","null","廢止","2022-01-01 03:30:33.987"
"80407282","北境食品有限公司","","屏東縣長治鄉繁榮村新榮路3-40號","0","廢止","2022-01-01 03:30:33.987"
"80427034","良茂食品有限公司","劉O金","臺中市大里區夏田里國中路十股巷109號","null","核准設立","2022-01-01 03:30:33.987"
"80438102","大鼎肉品股份有限公司","","臺中市大安區龜�磣齯j安港路五四一號","14550000","解散","2022-01-01 03:30:33.987"
"80468105","中原製酒股份有限公司","王O源","高雄市林園區中門里中門路339巷26弄35號","5000000","核准設立","2022-01-01 03:30:33.987"
"80471903","田園冷凍食品有限公司","","桃園市八德區永豐路二四四號","null","廢止","2022-01-01 03:30:33.987"
"80491909","福伯食品有限公司","張O壽","臺北市大安區和平東路1段12巷3號1樓","null","核准設立","2022-01-01 03:30:33.987"
"80606368","誠信物流有限公司","","臺中市北區健行里民權路555號1樓","null","解散","2022-01-01 03:30:33.987"
"80617359","正源畜產實業有限公司","黃O雄","臺中市北屯區陳平路65巷123弄4號5樓之2","0","核准設立","2022-01-01 03:30:33.987"
"80628927","旭紘食品有限公司","蔡O倩","高雄市岡山區竹圍東街182巷2號11樓","0","核准設立","2022-01-01 03:30:33.987"
"80634792","德勝家畜肉食品股份有限公司","","新北市樹林區柑園街1段1之1號","1000000","解散","2022-01-01 03:30:33.987"
"80665990","鴻鮮食品有限公司","洪O榛","臺北市萬華區雙園街152巷10號","0","核准設立","2022-01-01 03:30:33.987"
"80723577","啟揚食品股份有限公司","","雲林縣臺西鄉牛厝村成功一七二之九號二樓","50100000","廢止","2022-01-01 03:30:33.987"
"80725884","元太畜產股份有限公司","賴O賢","彰化縣員林市崙雅里員集路2段386巷380號","20000000","核准設立","2022-01-01 03:30:33.987"
"80737489","欣洲食品有限公司","熊O芳","新北市三重區國道路1段67號(1樓)","0","核准設立","2022-01-01 03:30:33.987"
"81242632","振聲農業科技股份有限公司","邱O天","屏東縣鹽埔鄉新二村維新路168之8號","316000000","核准設立","2022-01-01 03:30:33.987"
"82786062","歐凡特和牛有限公司","","臺中市西區博館路103號","0","解散","2022-01-01 03:30:33.987"
"82790523","翰品食品有限公司","廖O嫻","臺中市北屯區大德里平德路140號4樓之2","0","核准設立","2022-01-01 03:30:33.987"
"82811999","晶豪國際股份有限公司","李O桓","臺北市中山區民權東路2段16號、18號","1000000","核准設立","2022-01-01 03:30:33.987"
"82852718","友順畜產有限公司","黃O仁","新北市板橋區三民路1段31巷84號7樓","0","核准設立","2022-01-01 03:30:33.987"
"82886415","用力股份有限公司","張O潔","臺北市中山區中山北路1段5巷73弄4號","1588980","核准設立","2022-01-01 03:30:33.987"
"82922279","盛發實業有限公司","","新北市淡水區原德路117號","0","解散","2022-01-01 03:30:33.987"
"82923740","乾坤庭股份有限公司","黃O如","新北市中和區中山路3段114巷13號","600000","核准設立","2022-01-01 03:30:33.987"
"82944837","富宏騰有限公司","","臺南市中西區赤嵌里公園路56號1樓","0","解散","2022-01-01 03:30:33.987"
"83061967","伍大興肉品股份有限公司","蔣O彥","彰化縣員林市崙雅里員集路二段386巷380號","5000000","核准設立","2022-01-01 03:30:33.987"
"83072346","蒂美生技股份有限公司","米O蒂","臺北市大安區敦化南路2段1號6樓","5000000","核准設立","2022-01-01 03:30:33.987"
"83100841","中辰國際實業股份有限公司","蕭O中","桃園市蘆竹區南崁里經國路890號7樓","10000000","核准設立","2022-01-01 03:30:33.987"
"83132484","萬順興環保科技有限公司","劉O婷","屏東縣九如鄉東寧村林森路32號1樓","0","核准設立","2022-01-01 03:30:33.987"
"83139607","匯通租賃股份有限公司","沈O德","臺南市北區華德里中華北路二段232號1樓","1000000","核准設立","2022-01-01 03:30:33.987"
"83201550","金威生物科技股份有限公司","潘O翔","新北市中和區圓通路71號","38200000","核准設立","2022-01-01 03:30:33.987"
"83236761","嘉東環保科技股份有限公司","林O晨","臺東縣臺東市豐田里中興路四段614巷46號","900000","核准設立","2022-01-01 03:30:33.987"
"83270850","盛香味建設有限公司","郭O雯","高雄市燕巢區大成路26號","0","核准設立","2022-01-01 03:30:33.987"
"83273358","百城食品有限公司","湯O瑋","彰化縣二林鎮南光里裕民街8號2樓之2","0","核准設立","2022-01-01 03:30:33.987"
"83298560","天麟台灣豬肉企業有限公司","陳O涵","高雄市仁武區永新四街58號1樓","0","核准設立","2022-01-01 03:30:33.987"
"83302255","順吉冷凍食品股份有限公司","陳O廷","屏東縣潮州鎮三星里潮州路1153號","6000000","核准設立","2022-01-01 03:30:33.987"
"83362128","萬集盛農業科技股份有限公司","洪O霖","臺中市沙鹿區興安里沙田路45號","50000000","核准設立","2022-01-01 03:30:33.987"
"83408757","卉豐有限公司","熊O帆","臺中市北屯區新平里中清路二段479巷66弄7號5樓","0","核准設立","2022-01-01 03:30:33.987"
"83414771","神農氏觀光藥草股份有限公司","張O慈","新北市新莊區新北大道四段135號17樓之5","100000","核准設立","2022-01-01 03:30:33.987"
"83424567","小明肉品有限公司","王O明","臺中市太平區福隆里光興路2140巷148號1樓","0","核准設立","2022-01-01 03:30:33.987"
"83428515","金門鄉土食品股份有限公司","黃O強","金門縣金湖鎮蓮庵里三谿橋3-5號三樓","2250000","核准設立","2022-01-01 03:30:33.987"
"83471744","上佳屠宰有限公司","顏O富","嘉義市西區頭港里育人路381巷51號1樓","0","核准設立","2022-01-01 03:30:33.987"
"83484121","土雞王農產品有限公司","何O澤","新北市新莊區新泰路2之3號2樓","0","核准設立","2022-01-01 03:30:33.987"
"83531573","珍心綻有限公司","","高雄市鳳山區文建街241號8樓","0","解散","2022-01-01 03:30:33.987"
"83558621","福鑫畜牧場有限公司","蕭O發","嘉義市東區後湖里17鄰保義路248號","0","核准設立","2022-01-01 03:30:33.987"
"83579040","富農畜產生物科技股份有限公司","吳O富","桃園市桃園區愛五街48號","120000000","核准設立","2022-01-01 03:30:33.987"
"83597194","愷維食品有限公司","邱O雯","高雄市鳳山區鳳仁路93之33號","0","核准設立","2022-01-01 03:30:33.987"
"83600472","蜂勝股份有限公司","羅O欽","臺中市潭子區栗林里祥和路33號3樓","200000000","核准設立","2022-01-01 03:30:33.987"
"83605379","育膳有限公司","范O繘","彰化縣埔鹽鄉埔南村埔菜路臨58-18號","0","核准設立","2022-01-01 03:30:33.987"
"83615897","烏來合創有限公司","周O","新北市淡水區新市三路1段150號2樓","0","核准設立","2022-01-01 03:30:33.987"
"83682353","普菲肉品股份有限公司","黃O輝","臺北市松山區南京東路4段1號10樓","10000000","核准設立","2022-01-01 03:30:33.987"
"83689530","生益生技有限公司","張O棟","雲林縣斗六市重光里成功路913號","0","核准設立","2022-01-01 03:30:33.987"
"83707495","建豐農牧企業有限公司","吳O仁","臺南市安平區國平里建平七街453巷31號1樓","0","核准設立","2022-01-01 03:30:33.987"
"83722088","家樂生鮮肉品有限公司","林O勇","桃園市平鎮區中豐路252號2樓","0","核准設立","2022-01-01 03:30:33.987"
"83753342","三福畜產股份有限公司","洪O拼","臺中市霧峰區南勢里峰北路668號","500000","核准設立","2022-01-01 03:30:33.987"
"83790466","星之洲企業有限公司","吳O裕","宜蘭縣羅東鎮信義里天津路88巷4號1樓","0","核准設立","2022-01-01 03:30:33.987"
"83796216","法農股份有限公司","邱O男","花蓮縣鳳林鎮林榮里水車路55號1樓","1500000","核准設立","2022-01-01 03:30:33.987"
"84160711","台灣福基畜牧股份有限公司","楊O輝","臺南市麻豆區小埤里埤頭1之1號","150000000","核准設立","2022-01-01 03:30:33.987"
"84275967","仕特曼興業有限公司","周O章","新北市淡水區自強路122巷13弄52號","null","核准設立","2022-01-01 03:30:33.987"
"84302937","至鴻科技股份有限公司","周O興","新北市中和區建一路166號7樓之1","580503660","核准設立","2022-01-01 03:30:33.987"
"84318044","吉之口膳食企業股份有限公司","","高雄市左營區文恩路185號","25000000","解散","2022-01-01 03:30:33.987"
"84341994","斐成企業股份有限公司","張O銘","臺南市安平區建平里永華路2段248號11樓之2","987707760","核准設立","2022-01-01 03:30:33.987"
"84352746","瀧騰皓有限公司","許O彰","雲林縣北港鎮新街里民樂路246號","0","核准設立","2022-01-01 03:30:33.987"
"84558070","萬偉股份有限公司","蘇O偉","屏東縣萬丹鄉社上村萬丹路3段331號","79000000","核准設立","2022-01-01 03:30:33.987"
"84573494","彰寅農畜食品有限公司","黃O鈴","彰化縣和美鎮和東里愛民路1號","0","核准設立","2022-01-01 03:30:33.987"
"84630087","巨虹電子股份有限公司","鄭O卿","新北市中和區連城路258號9樓之1","695141490","核准設立","2022-01-01 03:30:33.987"
"84842266","勤農畜產有限公司","趙O奢","臺中市龍井區田中里舊車路北一巷338號","null","核准設立","2022-01-01 03:30:33.987"
"85052458","山野青隆有限公司","蔡O安","臺中市豐原區社皮里中正路691巷51號1樓","0","核准設立","2022-01-01 03:30:33.987"
"85056996","津泰冷凍食品有限公司","張O謀","彰化縣竹塘鄉竹塘村竹林路一段442號1樓","0","核准設立","2022-01-01 03:30:33.987"
"85059950","泳鑫水產肉品有限公司","","臺中市北屯區廍子里太和東街171號","0","解散","2022-01-01 03:30:33.987"
"85099593","茂生食品股份有限公司","吳O德","彰化縣芳苑鄉崙腳村草崙路11之22號","270000000","核准設立","2022-01-01 03:30:33.987"
"85122406","樂寶國際有限公司","王O習","新竹市東區文華里經國路1段534號4樓之2","0","核准設立","2022-01-01 03:30:33.987"
"85133430","瑞丘股份有限公司","蔡O學","新北市三重區中興北街130之1號5樓","150000","核准設立","2022-01-01 03:30:33.987"
"86006355","舜泰食品有限公司","","臺北市內湖區舊宗路2段121巷34號1樓","null","解散","2022-01-01 03:30:33.987"
"86090472","協麟食品企業股份有限公司","","新北市三峽區正義街16號","25000000","解散","2022-01-01 03:30:33.987"
"86220637","凱馨實業股份有限公司","鄧O得","新北市汐止區大同路1段276之1號10樓","304170000","核准設立","2022-01-01 03:30:33.987"
"86284456","富鑫企業有限公司","楊O華","臺北市大安區忠孝東路3段251巷2弄5號1樓","0","核准設立","2022-01-01 03:30:33.987"
"86556604","永源有限公司","蘇O愽","屏東縣長治鄉崙上村崑崙路152號","0","核准設立","2022-01-01 03:30:33.987"
"86573049","宇鄉企業股份有限公司","王O清","高雄市鼓山區龍勝路88號2樓","12500000","核准設立","2022-01-01 03:30:33.987"
"86632265","欣鑫食品有限公司","","臺南市歸仁區西埔二街一五○巷一七○弄六六號壹樓","null","解散","2022-01-01 03:30:33.987"
"86641736","晨為企業股份有限公司","胡O幸","臺中市北屯區四民里昌平路二段125號1樓","5000000","核准設立","2022-01-01 03:30:33.987"
"86660894","國興畜產股份有限公司","林O添","屏東縣屏東市工業一路11號","750000000","核准設立","2022-01-01 03:30:33.987"
"86898617","鳳山農產股份有限公司","李O森","高雄市楠梓區右昌街280號","10000000","核准設立","2022-01-01 03:30:33.987"
"89218369","上福食品有限公司","張O福","彰化縣秀水鄉鶴鳴村彰鹿路568巷臨7號","0","核准設立","2022-01-01 03:30:33.987"
"89386581","義達利農產股份有限公司","陳O瑞","屏東縣萬丹鄉萬丹路3段371號","160000000","核准設立","2022-01-01 03:30:33.987"
"89603601","家佑食品有限公司","","新北市泰山區明志路3段407巷3號","0","廢止","2022-01-01 03:30:33.987"
"89626702","鼎耀國際食品股份有限公司","劉O靜","新北市新店區寶橋路235巷14號1樓","1000000","核准設立","2022-01-01 03:30:33.987"
"89634695","崴盛營造工程股份有限公司","巫O吉","彰化縣員林市中央里13鄰中山路一段155巷50號一樓","13000000","核准設立","2022-01-01 03:30:33.987"
"89724366","新彬企業有限公司","","臺南市仁德區一甲里太乙六街四Ｏ號","null","廢止","2022-01-01 03:30:33.987"
"89782371","全球寵物用品有限公司","江O鋒","南投縣草屯鎮土城里中正路137之26號","0","核准設立","2022-01-01 03:30:33.987"
"89815838","耀陞食品股份有限公司","陳O乾","臺中市大肚區營埔里營埔一街2號","31000000","核准設立","2022-01-01 03:30:33.987"
"89856226","勇誠海產股份有限公司","","彰化縣伸港鄉全興村西全路3號","5000000","廢止","2022-01-01 03:30:33.987"
"89948794","碩益興業有限公司","","臺北市內湖區舊宗路２段１２１巷３６號１樓","null","解散","2022-01-01 03:30:33.987"
"90408508","萬豐畜產有限公司","賴O詠","臺中市北區賴福里梅川西路三段86號1樓","0","核准設立","2022-01-01 03:30:33.987"
"90420691","甲天畝實業有限公司","李O漸","金門縣金寧鄉榜林村桃園路236號","0","核准設立","2022-01-01 03:30:33.987"
"90457325","元吉沅有限公司","張O晟","高雄市鳳山區頂新五街60號8樓","0","核准設立","2022-01-01 03:30:33.987"
"90460840","台灣農畜產工業股份有限公司","張O欣","臺北市內湖區陽光街321巷60號3樓","606477770","核准設立","2022-01-01 03:30:33.987"
"90471240","永勝科技有限公司","沈O佑","臺南市新營區三仙里三民路99之10號1樓","0","核准設立","2022-01-01 03:30:33.987"
"90471781","翰諾有限公司","陳O力","臺南市新市區新市里中正路301巷17號","0","核准設立","2022-01-01 03:30:33.987"
"90494861","羽喬國際有限公司","黃O閔","臺中市北屯區中清路二段638號14樓","0","核准設立","2022-01-01 03:30:33.987"
"90497987","東信發有限公司","許O麟","新北市三重區重新路2段21號12樓","0","核准設立","2022-01-01 03:30:33.987"
"90504805","思牧企業股份有限公司","李O德","屏東縣內埔鄉豐田村延平路133號","200000000","核准設立","2022-01-01 03:30:33.987"
"90507726","晉鴻食品國際貿易有限公司","李O配","雲林縣元長鄉山內村安務42之15號一樓","0","核准設立","2022-01-01 03:30:33.987"
"90586833","鈺庭食品有限公司","何O玲","臺中市太平區聖和里長龍路一段197巷29號","0","核准設立","2022-01-01 03:30:33.987"
"90707230","安廚食品股份有限公司","吳O勳","新北市土城區承天路67號","25000000","核准設立","2022-01-01 03:30:33.987"
"90715457","澄鏔科技有限公司","楊O澄","高雄市鳳山區埤北路55號3樓","0","核准設立","2022-01-01 03:30:33.987"
"90804042","志鋼環科有限公司","朱O剛","連江縣南竿鄉復興村221-4號","0","核准設立","2022-01-01 03:30:33.987"
"90870422","國寶冷凍食品有限公司","曾O玲","屏東縣屏東市前進里建國路405巷100弄29號2樓","0","核准設立","2022-01-01 03:30:33.987"
"90882068","台灣肉聯股份有限公司","張O欣","臺北市大安區敦化南路2段71號4樓","105000000","核准設立","2022-01-01 03:30:33.987"
"90898809","安捏食品股份有限公司","方O慶","高雄市新興區八德一路332號12樓","100000","核准設立","2022-01-01 03:30:33.987"
"91001083","溪口家禽屠宰廠有限公司","高O涵","嘉義縣大林鎮三塊厝152號","0","核准設立","2022-01-01 03:30:33.987"
"91015544","皇飴國際有限公司","洪O榛","臺北市萬華區雙園街152巷10號","0","核准設立","2022-01-01 03:30:33.987"
"91048720","穩富發造鎮股份有限公司","徐O棟","臺中市南區新榮里新華街88號","3000000","核准設立","2022-01-01 03:30:33.987"
"91051554","綠可寧有限公司","丁O委","雲林縣臺西鄉海北村五港路2號1樓","0","核准設立","2022-01-01 03:30:33.987"
"91064495","巧倡有限公司","游O鈞","臺中市潭子區嘉仁里仁愛路二段79巷9號1樓","0","核准設立","2022-01-01 03:30:33.987"
"91069689","太楓食品行銷股份有限公司","吳O憲","新北市樹林區保安街2段2之3號(1樓)","5000000","核准設立","2022-01-01 03:30:33.987"
"91078152","千秋樂國際開發有限公司","彭O揚","臺北市松山區復興北路57號2樓之1","0","核准設立","2022-01-01 03:30:33.987"
"91103173","佳年農牧股份有限公司","呂O潔","臺北市中正區水源路65號2樓","1000000","核准設立","2022-01-01 03:30:33.987"
"91105524","理財王有限公司","","高雄市苓雅區仁智街9號1樓","0","解散","2022-01-01 03:30:33.987"
"91116085","穎信牧場股份有限公司","陳O甫","臺南市新營區新北里新北二街9巷11號1樓","28000000","核准設立","2022-01-01 03:30:33.987"
"91121658","元進莊股份有限公司","吳O憲","新北市中和區中山路2段332巷45號2樓","40000000","核准設立","2022-01-01 03:30:33.987"
"91789940","屏萬企業股份有限公司","楊O元","高雄市苓雅區永平路74巷27號1樓","33100000","核准設立","2022-01-01 03:30:33.987"
"96865798","立蜂實業有限公司","","高雄市鳳山區中山東路27巷19號1樓","0","解散","2022-01-01 03:30:33.987"
"96999754","榮祿企業有限公司","","高雄市岡山區本洲路二一七巷三九號","null","解散","2022-01-01 03:30:33.987"
"97025153","大正銳業有限公司","林O正","桃園市新屋區石牌里6鄰石牌嶺1之3號","0","核准設立","2022-01-01 03:30:33.987"
"97031991","品鴻食品股份有限公司","尤O鴻","屏東縣鹽埔鄉新圍村21鄰豐隆路81-1號","14000000","核准設立","2022-01-01 03:30:33.987"
"97290650","竺冠企業有限公司","林O吟","新北市蘆洲區和平路114巷9號4樓","null","核准設立","2022-01-01 03:30:33.987"
"97314647","岱強企業有限公司","李O發","新竹市東區民生路194號7樓之2","null","核准設立","2022-01-01 03:30:33.987"
"97319333","中日保利食品股份有限公司","辜O泉","臺北市中山區復興北路48號5樓","210000000","核准設立","2022-01-01 03:30:33.987"
