﻿"統一編號","公司名稱","公司地址","實收資本額","公司狀態","產製日期"
"03707901","台灣中油股份有限公司","高雄市楠梓區宏南里左楠路2號","130100000000","核准設立","2022-01-01 02:44:55.343"
"12930557","奕豪企業有限公司","臺南市將軍區平沙里168號","0","核准設立","2022-01-01 02:44:55.343"
"16506547","全日加油站有限公司","臺中市西屯區大河里長安路1段226號四樓","0","核准設立","2022-01-01 02:44:55.343"
"27815611","勗維企業有限公司","臺南市將軍區平沙里平沙170號","0","廢止","2022-01-01 02:44:55.343"
"70707205","滿豐漁船加油站股份有限公司","屏東縣東港鎮朝安里新生一路55號","10000000","核准設立","2022-01-01 02:44:55.343"
"80643151","增福加油站股份有限公司","宜蘭縣蘇澳鎮南建里跨港路152號","27500000","解散","2022-01-01 02:44:55.343"
"86522210","台塑石化股份有限公司","雲林縣麥寮鄉中興村台塑工業園區1號之1","95259596520","核准設立","2022-01-01 02:44:55.343"
"91294601","東漁實業股份有限公司","屏東縣東港鎮新生一路47號","81000000","核准設立","2022-01-01 02:44:55.343"
