﻿"統一編號","公司名稱","公司地址","實收資本額","公司狀態","產製日期"
"01509406","尚程企業股份有限公司","新北市汐止區新台五路1段79號17樓","200000000","廢止","2022-01-01 02:44:55.123"
"03707901","台灣中油股份有限公司","高雄市楠梓區宏南里左楠路2號","130100000000","核准設立","2022-01-01 02:44:55.123"
"03794905","台灣糖業股份有限公司","臺南市東區生產路68號","56367498650","核准設立","2022-01-01 02:44:55.123"
"04927158","陸海股份有限公司","臺北市松山區復興北路99號13樓","806743130","核准設立","2022-01-01 02:44:55.123"
"05712099","磐亞股份有限公司","臺北市中正區新生南路1段50號11樓","3280262820","核准設立","2022-01-01 02:44:55.123"
"12886721","史丹尼斯實業有限公司","臺北市內湖區安康路147號1樓","null","核准設立","2022-01-01 02:44:55.123"
"16216982","久井企業股份有限公司","臺南市永康區中華路1069號","170000000","核准設立","2022-01-01 02:44:55.123"
"16272843","聯泉企業股份有限公司","宜蘭縣員山鄉員山村員山路1段12號","10000000","核准設立","2022-01-01 02:44:55.123"
"16385585","新安和加氣站股份有限公司","新北市新店區安和路3段37號","78000000","核准設立","2022-01-01 02:44:55.123"
"16741769","北極星能源股份有限公司","新北市板橋區新海路137號","70000000","核准設立","2022-01-01 02:44:55.123"
"22745790","西歐加油站股份有限公司","臺北市士林區中山北路5段570號","399500000","核准設立","2022-01-01 02:44:55.123"
"22921439","車亭企業股份有限公司","臺中市南區忠明南路760號33樓","467400000","核准設立","2022-01-01 02:44:55.123"
"22958907","全國加油站股份有限公司","臺北市文山區羅斯福路6段140號4樓","3090430000","核准設立","2022-01-01 02:44:55.123"
"23218091","北基國際股份有限公司","新北市板橋區新海路137號","2062377650","核准設立","2022-01-01 02:44:55.123"
"23489241","證揚股份有限公司","嘉義縣中埔鄉和美村大義路606號","10000000","核准設立","2022-01-01 02:44:55.123"
"24209991","裕明國際股份有限公司","臺中市北屯區水景里東山路一段147巷40弄29號1樓","9000000","解散","2022-01-01 02:44:55.123"
"24241520","歐盟能源股份有限公司","桃園市桃園區汴洲里健行路29號","31000000","核准設立","2022-01-01 02:44:55.123"
"24270566","大中和能源股份有限公司","新北市中和區連城路126號","20000000","核准設立","2022-01-01 02:44:55.123"
"24343462","鈉叡股份有限公司","臺北市北投區承德路6段359號、359號2樓","51100000","核准設立","2022-01-01 02:44:55.123"
"24406769","峰錡企業有限公司","臺南市永康區永康里永大路二段641號","null","核准設立","2022-01-01 02:44:55.123"
"24508180","上亞能源股份有限公司","高雄市三民區民族一路568號","10000000","核准設立","2022-01-01 02:44:55.123"
"24634004","元隆能源開發有限公司","桃園市大園區橫峰里中正東路392號","null","核准設立","2022-01-01 02:44:55.123"
"24730766","盛德有限公司","新北市三重區重新路5段596號","null","解散","2022-01-01 02:44:55.123"
"25007727","康世美實業股份有限公司","臺北市中正區羅斯福路3段210巷8弄7之14號","5000000","核准設立，但已命令解散","2022-01-01 02:44:55.123"
"25076245","長夏股份有限公司","新北市五股區中興路1段6號5樓","38000000","廢止","2022-01-01 02:44:55.123"
"27667597","恩光有限公司","臺中市西屯區港尾里環中路一段2490號","0","核准設立","2022-01-01 02:44:55.123"
"27871198","宗源加油站股份有限公司","高雄市鳳山區油管路99號","18000000","核准設立","2022-01-01 02:44:55.123"
"28075987","億瓏加油站有限公司","桃園市桃園區中成里力行路368號","0","核准設立","2022-01-01 02:44:55.123"
"28087082","千億加油站股份有限公司","桃園市平鎮區延平路3段489號","10000000","核准設立","2022-01-01 02:44:55.123"
"28880723","中森股份有限公司","宜蘭縣宜蘭市茭白里中山路五段501號","5000000","核准設立","2022-01-01 02:44:55.123"
"28920942","龍門能源股份有限公司","新北市中和區中正路808號","25000000","核准設立","2022-01-01 02:44:55.123"
"29097073","建國加氣站股份有限公司","高雄市大寮區大漢路352號","16200000","解散","2022-01-01 02:44:55.123"
"33853232","志信國際股份有限公司","基隆市七堵區百福里實踐路294巷16號1樓","1718202470","核准設立","2022-01-01 02:44:55.123"
"45139063","紹興實業有限公司","高雄市鳳山區油管路38號","0","核准設立","2022-01-01 02:44:55.123"
"53486024","主光有限公司","臺中市西屯區港尾里環中路一段2490號","0","核准設立","2022-01-01 02:44:55.123"
"53887040","旭光瓦斯加氣站有限公司","高雄市仁武區鳳仁路332號","null","核准設立","2022-01-01 02:44:55.123"
"54205986","嘉鵬節能科技有限公司","高雄市大寮區鳳林二路806號","null","核准設立","2022-01-01 02:44:55.123"
"54631671","旭光石化開發事業有限公司","高雄市仁武區鳳仁路332號","0","核准設立","2022-01-01 02:44:55.123"
"70529321","加得利加油站股份有限公司","臺中市中區柳川西路三段2號","26000000","核准設立","2022-01-01 02:44:55.123"
"80131638","聯華能源股份有限公司","新北市樹林區保安街1段190號3樓","235000000","核准設立","2022-01-01 02:44:55.123"
"80496714","台和加氣站股份有限公司","臺北市大安區臥龍街574號","29000000","解散","2022-01-01 02:44:55.123"
"83186431","光啟股份有限公司","臺中市北屯區平興里興安路二段142巷15號1樓","5000000","核准設立","2022-01-01 02:44:55.123"
"84246529","四海加油站有限公司","新北市汐止區大同路1段1號","0","核准設立","2022-01-01 02:44:55.123"
"86286335","元太科技工程股份有限公司","新北市永和區永和路1段156號12樓之3　","25000000","核准設立","2022-01-01 02:44:55.123"
"97036779","金玉盟股份有限公司","新北市新店區安康路1段20號","60000000","核准設立","2022-01-01 02:44:55.123"
