﻿"統一編號","公司名稱","公司地址","實收資本額","公司狀態","產製日期"
"00036204","龍逸交通有限公司","基隆市七堵區福五街222號","0","核准設立","2022-01-01 02:44:58.583"
"00696140","萬昌交通股份有限公司","基隆市中正區中正路448號","3000000","核准設立","2022-01-01 02:44:58.583"
"00699884","三福交通有限公司","基隆市七堵區福五街222號","0","核准設立","2022-01-01 02:44:58.583"
"00802114","喜寶交通有限公司","基隆市中正區中正路４４８號１樓","null","核准設立","2022-01-01 02:44:58.583"
"00805724","弘運交通有限公司","基隆市中正區中正路448號","0","核准設立","2022-01-01 02:44:58.583"
"02532117","萬海交通有限公司","基隆市中正區中正路448號","null","核准設立","2022-01-01 02:44:58.583"
"03563209","敦南交通股份有限公司","臺北市中正區和平西路2段21之1號","3000000","核准設立","2022-01-01 02:44:58.583"
"04488806","順峰交通有限公司","臺北市松山區南京東路4段56號9樓之1","0","核准設立","2022-01-01 02:44:58.583"
"04538030","聖欽交通事業有限公司","臺北市中正區和平西路2段21之1號","0","核准設立","2022-01-01 02:44:58.583"
"04611968","興家交通企業有限公司","臺北市文山區羅斯福路5段206之3號3樓","null","核准設立","2022-01-01 02:44:58.583"
"04617007","協春交通有限公司","臺北市中正區同安街81號1樓","0","核准設立","2022-01-01 02:44:58.583"
"04667532","祐阡交通有限公司","臺北市松山區南京東路5段66巷22弄13號","null","核准設立","2022-01-01 02:44:58.583"
"04764160","大騰交通有限公司","臺北市士林區德行西路81號1樓","0","核准設立","2022-01-01 02:44:58.583"
"04788515","國華交通有限公司","臺北市中正區和平西路2段21之1號","0","核准設立","2022-01-01 02:44:58.583"
"04793067","立元交通有限公司","臺北市松山區撫遠街403巷32號1樓","null","核准設立","2022-01-01 02:44:58.583"
"04970035","美麗佳交通有限公司","臺北市松山區光復北路11巷70號","0","核准設立","2022-01-01 02:44:58.583"
"05376650","怡鎰交通有限公司","臺中市北屯區三和里東山路一段140巷17號1樓","0","核准設立","2022-01-01 02:44:58.583"
"07641228","蘋果交通股份有限公司","臺北市中正區和平西路2段21之1號1樓","15000000","核准設立","2022-01-01 02:44:58.583"
"07646125","憶光交通有限公司","臺北市中正區和平西路2段21之1號","null","核准設立","2022-01-01 02:44:58.583"
"11082576","瑞陽交通事業有限公司","臺北市信義區松信路108號1樓","null","核准設立","2022-01-01 02:44:58.583"
"11233168","鑫悅交通有限公司","臺北市松山區南京東路5段66巷2弄15號","0","核准設立","2022-01-01 02:44:58.583"
"11285448","全方位交通事業有限公司","臺北市中正區莒光路109號1樓","0","核准設立","2022-01-01 02:44:58.583"
"12112705","六盛交通有限公司","臺北市松山區撫遠街390巷28號1樓","0","核准設立","2022-01-01 02:44:58.583"
"12128973","賓航交通事業有限公司","臺北市中正區莒光路109號1樓","0","核准設立","2022-01-01 02:44:58.583"
"12136755","美麗晶交通有限公司","臺北市松山區光復北路11巷70號","null","核准設立","2022-01-01 02:44:58.583"
"12138022","駿豪交通有限公司","臺北市北投區公館路211號","0","核准設立","2022-01-01 02:44:58.583"
"12164301","吉將交通有限公司","臺北市松山區塔悠路327號1樓","null","核准設立","2022-01-01 02:44:58.583"
"12177967","金順交通有限公司","臺北市中正區莒光路91號1樓","0","核准設立","2022-01-01 02:44:58.583"
"12181532","聯信交通事業有限公司","臺北市中正區莒光路109號1樓","0","核准設立","2022-01-01 02:44:58.583"
"12189746","聯勝交通有限公司","臺北市士林區社子街22巷84號1樓","null","核准設立","2022-01-01 02:44:58.583"
"12189909","瑞鎧交通有限公司","臺北市信義區松信路108號1樓","null","核准設立","2022-01-01 02:44:58.583"
"12229732","漢將交通有限公司","臺北市文山區羅斯福路5段206之3號3樓","0","核准設立","2022-01-01 02:44:58.583"
"12240687","北松交通有限公司","臺北市中正區和平西路2段21之1號","0","核准設立","2022-01-01 02:44:58.583"
"12241335","大量交通有限公司","臺北市文山區木新路3段11號1樓","0","核准設立","2022-01-01 02:44:58.583"
"12242279","百強交通有限公司","臺北市中正區莒光路109號1樓","null","核准設立","2022-01-01 02:44:58.583"
"14062553","佳誼交通企業有限公司","臺北市中山區長安東路2段162號1樓","0","核准設立","2022-01-01 02:44:58.583"
"15846435","朋易交通有限公司","臺北市松山區撫遠街390巷28號1樓","null","核准設立","2022-01-01 02:44:58.583"
"15850789","聖喜交通事業有限公司","臺北市松山區撫遠街390巷28號1樓","null","核准設立","2022-01-01 02:44:58.583"
"16274743","新溪計程車客運服務有限公司","新北市中和區圓通路二二三號一樓","null","解散","2022-01-01 02:44:58.583"
"16577752","板神計程車客運服務有限公司","新北市中和區中正路63號2樓","0","核准設立","2022-01-01 02:44:58.583"
"20616807","巨泰交通股份有限公司","臺北市中正區西藏路83號1樓","6000000","核准設立","2022-01-01 02:44:58.583"
"20748589","鑫明交通有限公司","臺北市信義區林口街38巷36號1樓","0","核准設立","2022-01-01 02:44:58.583"
"20764068","瑞笙交通有限公司","臺北市信義區松信路108號1樓","null","核准設立","2022-01-01 02:44:58.583"
"20774137","太豐交通有限公司","臺北市文山區木新路3段11號","0","核准設立","2022-01-01 02:44:58.583"
"20778056","樂榮交通企業有限公司","臺北市南港區忠孝東路6段70巷20號1樓","null","核准設立","2022-01-01 02:44:58.583"
"20781453","彰勝交通企業有限公司","臺北市松山區塔悠路327號","0","核准設立","2022-01-01 02:44:58.583"
"20805151","和眾交通有限公司","臺北市中山區民權西路79號5樓","0","核准設立","2022-01-01 02:44:58.583"
"20810128","欣丞交通有限公司","臺北市信義區松隆路337號1樓","null","核准設立","2022-01-01 02:44:58.583"
"20822594","祥發交通有限公司","臺北市信義區松仁路206號2樓","null","核准設立","2022-01-01 02:44:58.583"
"20838189","民鉢交通有限公司","臺北市萬華區萬大路33號","null","核准設立","2022-01-01 02:44:58.583"
"22471270","易利計程車客運服務有限公司","臺北市士林區中正路690號","null","核准設立","2022-01-01 02:44:58.583"
"22542508","百巨交通有限公司","高雄市前鎮區瑞忠街28號","null","核准設立","2022-01-01 02:44:58.583"
"22552527","雄風計程車客運服務有限公司","高雄市三民區建國一路451號","0","核准設立","2022-01-01 02:44:58.583"
"22752975","尚紘計程車客運服務有限公司","臺北市大安區辛亥路2段129號1樓","null","解散","2022-01-01 02:44:58.583"
"22832540","佳雨計程車客運服務股份有限公司","高雄市左營區文康路137號","1100000","核准設立","2022-01-01 02:44:58.583"
"23015217","協達計程車客運服務有限公司","臺北市萬華區青年路174號1樓","null","廢止","2022-01-01 02:44:58.583"
"23292795","保銓計程車客運服務事業有限公司","臺北市士林區葫蘆街110號","null","解散","2022-01-01 02:44:58.583"
"23443105","大中華計程車客運服務有限公司","臺北市大安區仁愛路4段300巷26弄27號1樓","0","廢止","2022-01-01 02:44:58.583"
"23542610","尚美交通有限公司","臺中市梧棲區草湳里自強二街103號1樓","0","核准設立","2022-01-01 02:44:58.583"
"23612241","安建計程車客運服務事業有限公司","臺北市松山區撫遠街390巷28號1樓","null","解散","2022-01-01 02:44:58.583"
"23967783","鼎華科技股份有限公司","臺北市信義區松山路130號5樓","100010000","廢止","2022-01-01 02:44:58.583"
"24308161","優良計程車股份有限公司","臺北市松山區南京東路4段56號9樓之1","10000000","核准設立","2022-01-01 02:44:58.583"
"24371473","中華大車隊股份有限公司","臺中市太平區宜佳里新平路二段219巷18號1樓","10000000","核准設立","2022-01-01 02:44:58.583"
"24451617","志英衛星股份有限公司","臺北市松山區撫遠街390巷28號1樓","10000000","核准設立","2022-01-01 02:44:58.583"
"24771739","民欣股份有限公司","臺北市萬華區西園路2段372巷76號1樓","27000000","核准設立","2022-01-01 02:44:58.583"
"25194931","中天衛星車隊股份有限公司","臺中市南屯區春社里同安西巷116號","5000000","核准設立","2022-01-01 02:44:58.583"
"27560770","聲威科技股份有限公司","臺北市大安區和平東路2段175巷36號1樓","9000000","廢止","2022-01-01 02:44:58.583"
"27767961","台灣大車隊股份有限公司","臺北市中山區長安東路2段162號2樓","592649560","核准設立","2022-01-01 02:44:58.583"
"27995698","龍典計程車客運服務股份有限公司","臺北市中山區長安東路2段162號2樓","5000000","解散","2022-01-01 02:44:58.583"
"28002205","龍欣計程車客運服務有限公司","臺北市松山區塔悠路333號","null","解散","2022-01-01 02:44:58.583"
"28822463","大都會平台科技股份有限公司","臺北市內湖區舊宗路2段107號4樓","200000000","核准設立","2022-01-01 02:44:58.583"
"29033867","大都會車隊股份有限公司","臺北市中山區南京東路1段8號4樓","5000000","核准設立","2022-01-01 02:44:58.583"
"29178791","城市衛星車隊股份有限公司","臺北市中山區長安東路2段162號2樓","5000000","核准設立","2022-01-01 02:44:58.583"
"29529500","民松交通股份有限公司","臺北市萬華區萬大路33號","4500000","核准設立","2022-01-01 02:44:58.583"
"29538613","順達交通有限公司","臺北市信義區大道路60號1樓","0","核准設立","2022-01-01 02:44:58.583"
"29817214","賓樂交通事業股份有限公司","臺北市松山區塔悠路327號1樓","5000000","核准設立","2022-01-01 02:44:58.583"
"30863995","賓旺交通事業有限公司","臺北市中山區新生北路2段108號6樓之17","null","核准設立","2022-01-01 02:44:58.583"
"30866748","聖惠交通事業有限公司","臺北市中正區和平西路2段21之1號","0","核准設立","2022-01-01 02:44:58.583"
"30880777","萬事得交通有限公司","臺北市中正區莒光路85號1樓","null","核准設立","2022-01-01 02:44:58.583"
"30894998","瑞曜交通有限公司","臺北市信義區松信路108號1樓","null","核准設立","2022-01-01 02:44:58.583"
"31095184","福倫交通股份有限公司","臺北市信義區松隆路337號1樓","65200000","核准設立","2022-01-01 02:44:58.583"
"31095190","永霖交通有限公司","臺北市松山區南京東路5段66巷22弄13號","null","核准設立","2022-01-01 02:44:58.583"
"31103207","堡安交通有限公司","臺北市中正區中華路2段303巷13號","0","核准設立","2022-01-01 02:44:58.583"
"31201278","民旺交通有限公司","臺北市萬華區西園路2段372巷76號1樓","0","核准設立","2022-01-01 02:44:58.583"
"31291550","新首都交通有限公司","臺北市大同區長安西路299之1號1樓","null","核准設立","2022-01-01 02:44:58.583"
"31298907","聖雄交通事業有限公司","臺北市中正區和平西路2段21之1號","0","核准設立","2022-01-01 02:44:58.583"
"31298913","賓仕交通事業有限公司","臺北市中山區新生北路2段108號6樓之17","null","核准設立","2022-01-01 02:44:58.583"
"33056095","天籃交通企業股份有限公司","新北市樹林區中山路1段2巷13號2樓","8000000","核准設立","2022-01-01 02:44:58.583"
"33752608","萬通交通有限公司","新北市樹林區大安路147號","null","核准設立","2022-01-01 02:44:58.583"
"33787178","豐田交通有限公司","新北市中和區員山路502之8號","null","核准設立","2022-01-01 02:44:58.583"
"33787233","文集交通有限公司","新北市中和區安邦街87號1樓","0","核准設立","2022-01-01 02:44:58.583"
"33787249","文喬交通有限公司","新北市中和區安邦街87號1樓","0","核准設立","2022-01-01 02:44:58.583"
"33836797","昇原交通有限公司","新北市新店區中正路344號1樓","0","核准設立","2022-01-01 02:44:58.583"
"33902901","哲運交通有限公司","新北市板橋區長江路1段118號5樓","0","核准設立","2022-01-01 02:44:58.583"
"34035324","日昌交通企業有限公司","新北市板橋區民生路3段251號(1樓)","0","核准設立","2022-01-01 02:44:58.583"
"34140727","青瓏交通企業有限公司","新北市中和區莒光路一二○巷五八號","null","解散","2022-01-01 02:44:58.583"
"34155241","煜發交通股份有限公司","新北市瑞芳區中山路143之1號","5000000","核准設立","2022-01-01 02:44:58.583"
"34175289","大王交通有限公司","新北市新店區北新路3段40號(1樓)","0","核准設立","2022-01-01 02:44:58.583"
"34203237","賓盛交通事業有限公司","新北市三重區中正南路8巷1弄14號5樓","0","核准設立","2022-01-01 02:44:58.583"
"34203638","文宏汽車有限公司","新北市板橋區南雅南路2段3號1樓","null","核准設立","2022-01-01 02:44:58.583"
"34231418","杰運交通有限公司","新北市林口區忠孝路622巷3弄7號","0","核准設立","2022-01-01 02:44:58.583"
"34267837","傑運交通有限公司","新北市林口區忠孝路622巷3弄7號","0","核准設立","2022-01-01 02:44:58.583"
"34300580","旺興交通股份有限公司","新北市三重區中正南路84號11樓","5000000","核准設立","2022-01-01 02:44:58.583"
"35885505","日億交通企業有限公司","新北市板橋區民生路3段251號(1樓)","0","核准設立","2022-01-01 02:44:58.583"
"35885511","日程交通企業有限公司","新北市板橋區民生路3段251號(1樓)","0","核准設立","2022-01-01 02:44:58.583"
"35933865","小雅交通有限公司","新北市板橋區大觀路3段121號之1","0","核准設立","2022-01-01 02:44:58.583"
"35935879","富昌交通有限公司","新北市瑞芳區中山路143之1號","0","核准設立","2022-01-01 02:44:58.583"
"35976272","亞太交通興業有限公司","新北市板橋區民生里板新路62號","null","核准設立","2022-01-01 02:44:58.583"
"36524570","龍一交通汽車有限公司","臺北市松山區南京東路4段56號9樓之1","0","核准設立","2022-01-01 02:44:58.583"
"36526599","鈞麟交通有限公司","臺北市南港區南港路2段206號1樓","null","核准設立","2022-01-01 02:44:58.583"
"38008100","大豐交通有限公司","新北市新店區北新路3段40號1樓","0","核准設立","2022-01-01 02:44:58.583"
"38411989","永欣汽車有限公司","新北市三重區重新路5段609巷2號7樓之1","0","核准設立","2022-01-01 02:44:58.583"
"42650552","叫車通資訊股份有限公司","臺北市中正區博愛路193號","80000000","廢止","2022-01-01 02:44:58.583"
"42789129","紅帥衛星車隊有限公司","新竹市東區光復里東勝路2號","null","核准設立","2022-01-01 02:44:58.583"
"42838536","台灣都會公共交通股份有限公司","臺北市中正區和平西路2段21之1號1樓","23000000","核准設立","2022-01-01 02:44:58.583"
"42889149","星空計程車客運服務股份有限公司","臺中市西屯區何德里甘州六街43號1樓","5000000","核准設立","2022-01-01 02:44:58.583"
"43031524","中園計程汽車股份有限公司","桃園市桃園區介新街79號1樓","10000000","核准設立","2022-01-01 02:44:58.583"
"43633808","德裕交通股份有限公司","桃園市桃園區介壽路397號","10000000","核准設立","2022-01-01 02:44:58.583"
"43708069","優酷國際有限公司","臺北市北投區公館路211號","0","核准設立","2022-01-01 02:44:58.583"
"43723717","鵬程交通有限公司","桃園市桃園區三民路三段414號（1樓）","0","核准設立","2022-01-01 02:44:58.583"
"43776848","亞洲衛星大車隊有限公司","桃園市楊梅區永美路455號（1樓）","0","核准設立","2022-01-01 02:44:58.583"
"43799119","萬有交通有限公司","桃園市桃園區介壽路390號","null","核准設立","2022-01-01 02:44:58.583"
"43835451","快樂腳汽車租賃有限公司","臺北市松山區民族東路687號","0","核准設立","2022-01-01 02:44:58.583"
"44988335","千強交通有限公司","桃園市桃園區民生路七八六巷九︱二號","null","核准設立","2022-01-01 02:44:58.583"
"44993576","大文山交通有限公司","桃園市桃園區介新街79號1樓","0","核准設立","2022-01-01 02:44:58.583"
"44997334","滼泰交通企業有限公司","桃園市桃園區介壽路545號","0","核准設立","2022-01-01 02:44:58.583"
"46541704","新進交通有限公司","新竹縣竹北市中興里嘉豐一街13號","0","核准設立","2022-01-01 02:44:58.583"
"49744892","正大計程車客運有限公司","苗栗縣頭份市蘆竹里2鄰永貞路一段75號","0","解散","2022-01-01 02:44:58.583"
"51009243","新豐交通股份有限公司","臺中市西區民龍里日進街100號1樓","3200000","核准設立","2022-01-01 02:44:58.583"
"51015786","海田交通有限公司","臺中市東區東英里東英十街210號1樓","0","核准設立","2022-01-01 02:44:58.583"
"51036678","國泰交通事業有限公司","臺中市中區綠川西街101號1樓","null","核准設立","2022-01-01 02:44:58.583"
"51076832","承泰交通事業股份有限公司","臺中市西區平和里柳川東路二段156號1樓","10000000","核准設立","2022-01-01 02:44:58.583"
"51077516","中豐交通有限公司","臺中市北區健行里忠明路412號1樓","0","核准設立","2022-01-01 02:44:58.583"
"51157010","永隆交通事業有限公司","臺中市西區忠明南路182號","0","核准設立","2022-01-01 02:44:58.583"
"51261702","西部交通事業有限公司","臺中市北屯區東山路一段140巷17號1樓","0","核准設立","2022-01-01 02:44:58.583"
"51314927","東新交通企業有限公司","臺中市西區平和里柳川東路二段156號1樓","null","核准設立","2022-01-01 02:44:58.583"
"51566492","黑馬交通有限公司","臺中市東區東英里十甲東路445號1樓","null","核准設立","2022-01-01 02:44:58.583"
"51953901","雙美交通有限公司","臺中市沙鹿區東英路78之3號1樓","0","核准設立","2022-01-01 02:44:58.583"
"51957300","中南海交通事業有限公司","臺中市南屯區黎明路一段517號","0","核准設立","2022-01-01 02:44:58.583"
"52229744","怡美交通有限公司","臺中市北屯區三和里東山路一段140巷17號1樓","0","核准設立","2022-01-01 02:44:58.583"
"52231333","進明交通有限公司","臺中市西區忠明南路182號","0","核准設立","2022-01-01 02:44:58.583"
"52236463","順富交通事業有限公司","臺中市西區忠明南路182號","0","核准設立","2022-01-01 02:44:58.583"
"52241640","仲利交通事業有限公司","臺中市南區南門里合作街302-2號","0","核准設立","2022-01-01 02:44:58.583"
"52248221","衛道交通股份有限公司","臺中市北區錦村里南京東路2段62號","5000000","核准設立","2022-01-01 02:44:58.583"
"52402259","靜華交通有限公司","臺中市東區東英里十甲東路四四五號一樓","null","核准設立","2022-01-01 02:44:58.583"
"52463071","大坑交通事業有限公司","臺中市北屯區東山路一段140巷17號1樓","0","核准設立","2022-01-01 02:44:58.583"
"52492420","星光交通事業有限公司","臺中市西區忠明南路182號","0","核准設立","2022-01-01 02:44:58.583"
"52500646","中堅交通企業股份有限公司","臺中市西區民龍里日進街100號1樓","5400000","核准設立","2022-01-01 02:44:58.583"
"52590560","佳旅交通事業股份有限公司","臺中市西區平和里林森路八六號一樓","2000000","核准設立","2022-01-01 02:44:58.583"
"52601551","和乘交通有限公司","臺中市北區健行里忠明路四一二號一樓","null","核准設立","2022-01-01 02:44:58.583"
"52642639","全國車隊股份有限公司","臺北市大同區重慶北路2段72號3樓","16000000","核准設立","2022-01-01 02:44:58.583"
"52715978","全運交通股份有限公司","臺中市北屯區新平里經貿一路108巷192號1樓","12500000","核准設立","2022-01-01 02:44:58.583"
"52802537","金誠交通有限公司","臺中市西屯區智惠街83號1樓","null","核准設立","2022-01-01 02:44:58.583"
"52807580","觔斗雲大車隊股份有限公司","臺北市大安區安和路1段27號17樓","10000000","核准設立","2022-01-01 02:44:58.583"
"52948012","瑞華交通有限公司","臺中市東區東英里十甲東路445號1樓","null","核准設立","2022-01-01 02:44:58.583"
"53456062","婦安車隊股份有限公司","新北市樹林區中山路1段2巷13號2樓","5000000","核准設立","2022-01-01 02:44:58.583"
"53511760","祥發衛星聯合大車隊股份有限公司","基隆市中正區中正路446號","10000000","核准設立","2022-01-01 02:44:58.583"
"53559433","皇冠大車隊企業股份有限公司","臺北市信義區松隆路337號1樓","10000000","核准設立","2022-01-01 02:44:58.583"
"53800591","大仁計程車客運服務有限公司","臺南市北區大道里旭日街102號1樓","null","廢止","2022-01-01 02:44:58.583"
"54120002","大安交通有限公司","桃園市桃園區介壽路397號","null","核准設立","2022-01-01 02:44:58.583"
"54120713","嘉泰交通有限公司","桃園市桃園區介壽路397號","null","核准設立","2022-01-01 02:44:58.583"
"54166822","龍星車隊股份有限公司","臺北市中山區長安東路2段162號1樓","19464690","核准設立","2022-01-01 02:44:58.583"
"54547816","第一中華股份有限公司","新竹縣竹北市斗崙里縣政九路13號3樓","7000000","核准設立","2022-01-01 02:44:58.583"
"54576760","港龍大車隊股份有限公司","臺南市東區文聖里裕義路238號1樓","5000000","核准設立","2022-01-01 02:44:58.583"
"56036228","飛牛交通有限公司","臺中市西區林森路86號1樓","null","核准設立","2022-01-01 02:44:58.583"
"56147006","明通汽車有限公司","臺中市北屯區平陽里安順東五街37號1樓","null","核准設立","2022-01-01 02:44:58.583"
"56293817","金鼎盛交通有限公司","臺中市中區綠川里光復路13之2號1樓","0","核准設立","2022-01-01 02:44:58.583"
"57119653","富山交通有限公司","臺中市外埔區大東里甲后路五段101號1樓","0","核准設立","2022-01-01 02:44:58.583"
"58004428","雙燕交通事業有限公司","彰化縣社頭鄉東興村社石路七一九號一樓","0","廢止","2022-01-01 02:44:58.583"
"59207273","辰効交通事業有限公司","彰化縣彰化市裕民街65號1樓","null","核准設立","2022-01-01 02:44:58.583"
"59261607","速優國際有限公司","高雄市新興區南台路65之1號1樓","0","核准設立","2022-01-01 02:44:58.583"
"61954128","狄邦科技有限公司","臺中市西區大忠里大忠南街61號7樓之2","0","核准設立","2022-01-01 02:44:58.583"
"64909345","全球大車隊企業股份有限公司","臺南市安南區溪心里安中路二段37巷85號1樓","6500000","核准設立","2022-01-01 02:44:58.583"
"65002564","七彩汽車交通有限公司","嘉義市西區重慶二街100號","0","核准設立","2022-01-01 02:44:58.583"
"65779609","梅花汽車交通有限公司","嘉義市竹村里竹子腳91號","null","核准設立","2022-01-01 02:44:58.583"
"66447360","蘭潭汽車交通有限公司","嘉義市東區華南里安和街90-1號1樓","null","核准設立","2022-01-01 02:44:58.583"
"66620425","安心國際事業有限公司","新北市板橋區重慶路60之1號3樓","0","核准設立","2022-01-01 02:44:58.583"
"68569923","古都交通企業有限公司","臺南市安平區安平路402號1樓","0","核准設立","2022-01-01 02:44:58.583"
"68604203","仁上交通有限公司","臺南市北區西門路四段五三四號一樓","null","核准設立","2022-01-01 02:44:58.583"
"68890493","仝安交通有限公司","臺南市東區崇成里崇善路４９８號１樓","null","核准設立","2022-01-01 02:44:58.583"
"69031485","佰佶交通股份有限公司","臺南市南區南華里中華南路2段302巷2弄5號1樓","3500000","核准設立","2022-01-01 02:44:58.583"
"69549876","大山交通企業有限公司","臺南市東區小東里小東路246號24樓","0","核准設立","2022-01-01 02:44:58.583"
"69589715","皇冠交通股份有限公司","臺南市南區大成里西門路一段348號1樓","10000000","核准設立","2022-01-01 02:44:58.583"
"69746813","大義交通有限公司","桃園市大園區興德路30號6樓","0","核准設立","2022-01-01 02:44:58.583"
"70444512","塔庫希計程車客運服務股份有限公司","臺北市松山區健康路４３２、４３４號１樓","3000000","解散","2022-01-01 02:44:58.583"
"75063456","世茂交通有限公司","高雄市仁武區八德東路582之1號","0","核准設立","2022-01-01 02:44:58.583"
"75105385","百禾交通有限公司","高雄市前鎮區瑞忠街28號","null","核准設立","2022-01-01 02:44:58.583"
"75160400","月美交通有限公司","高雄市前鎮區凱旋三路279號","0","核准設立","2022-01-01 02:44:58.583"
"75208827","立順交通有限公司","高雄市前鎮區一心一路238號","0","核准設立","2022-01-01 02:44:58.583"
"75345913","長林交通有限公司","高雄市前鎮區一心一路206號","0","核准設立","2022-01-01 02:44:58.583"
"75397019","大萬交通有限公司","高雄市前鎮區二聖1路35號1樓","0","核准設立","2022-01-01 02:44:58.583"
"75415831","高誠交通有限公司","高雄市苓雅區苓東里四維四路173號","null","核准設立","2022-01-01 02:44:58.583"
"75416705","力益交通股份有限公司","高雄市前鎮區黃埔街196號1樓","5000000","核准設立","2022-01-01 02:44:58.583"
"75470030","永綋交通有限公司","高雄市三民區民族一路445之1號","null","核准設立","2022-01-01 02:44:58.583"
"75508444","天彥交通有限公司","高雄市前鎮區一心一路206號","0","核准設立","2022-01-01 02:44:58.583"
"75572711","百慶交通有限公司","高雄市前鎮區瑞忠街28號","null","核准設立","2022-01-01 02:44:58.583"
"75630108","長吉交通有限公司","高雄市前鎮區一心一路206號","0","核准設立","2022-01-01 02:44:58.583"
"75738059","城市交通有限公司","高雄市仁武區八德東路582之1號","0","核准設立","2022-01-01 02:44:58.583"
"75940379","華山交通有限公司","高雄市前鎮區黃埔街196號1樓","0","核准設立","2022-01-01 02:44:58.583"
"75941026","天凱交通有限公司","高雄市前鎮區一心一路206號","0","核准設立","2022-01-01 02:44:58.583"
"75943093","天皓交通有限公司","高雄市前鎮區一心一路206號","0","核准設立","2022-01-01 02:44:58.583"
"75943306","大曜交通有限公司","高雄市前鎮區二聖1路37號","null","核准設立","2022-01-01 02:44:58.583"
"75944543","立葉交通有限公司","高雄市三民區民族一路445之1號","0","核准設立","2022-01-01 02:44:58.583"
"75947181","速興交通有限公司","高雄市前鎮區中華五路1007巷11之1號4樓","0","核准設立","2022-01-01 02:44:58.583"
"75959550","陸捌靈交通有限公司","高雄市三民區歸綏街44號1樓","null","核准設立","2022-01-01 02:44:58.583"
"75963549","立二交通有限公司","高雄市三民區歸綏街147號","0","核准設立","2022-01-01 02:44:58.583"
"75966004","百龍交通有限公司","高雄市前鎮區瑞忠街28號","0","核准設立","2022-01-01 02:44:58.583"
"75967545","長弘交通有限公司","高雄市前鎮區一心一路206號","0","核准設立","2022-01-01 02:44:58.583"
"75970458","一陸順交通有限公司","高雄市仁武區八德東路582之1號","0","核准設立","2022-01-01 02:44:58.583"
"75974102","華風交通有限公司","高雄市前鎮區黃埔街196號1樓","0","核准設立","2022-01-01 02:44:58.583"
"75979280","天杰交通有限公司","高雄市前鎮區一心一路206號","0","核准設立","2022-01-01 02:44:58.583"
"75979388","全速交通有限公司","高雄市楠梓區德富街286巷18號1樓","0","核准設立","2022-01-01 02:44:58.583"
"75991171","永祺交通有限公司","高雄市仁武區八德東路582之1號","0","核准設立","2022-01-01 02:44:58.583"
"79117927","直航交通有限公司","高雄市苓雅區凱旋三路817號1樓","0","核准設立","2022-01-01 02:44:58.583"
"79126708","陞運大車隊股份有限公司","高雄市三民區天津街288號1樓","15000000","核准設立","2022-01-01 02:44:58.583"
"79412408","中華日光交通股份有限公司","高雄市苓雅區光華一路148之69號","10000000","核准設立","2022-01-01 02:44:58.583"
"79412630","天軍交通股份有限公司","高雄市前鎮區一心一路206號","3000000","核准設立","2022-01-01 02:44:58.583"
"79678650","立全交通股份有限公司","高雄市三民區歸綏街147號","5000000","核准設立","2022-01-01 02:44:58.583"
"79813190","好客來計程車有限公司","高雄市三民區天津街288號1樓","0","核准設立","2022-01-01 02:44:58.583"
"79818929","百鳳交通有限公司","高雄市前鎮區瑞忠街28號","0","核准設立","2022-01-01 02:44:58.583"
"79876602","富國計程汽車有限公司","高雄市鳳山區建國路3段32號","0","核准設立","2022-01-01 02:44:58.583"
"80210598","德塔富科技股份有限公司","新北市三重區福德里成功路一一七號三樓","1500000","廢止","2022-01-01 02:44:58.583"
"80265930","大愛計程車客運服務股份有限公司","臺北市松山區健康路４３２、４３４號１樓","20000000","廢止","2022-01-01 02:44:58.583"
"80398798","東衛計程車客運服務有限公司","新北市汐止區新台五路一段九四號一一樓","null","解散","2022-01-01 02:44:58.583"
"80501370","泛亞計程車客運服務有限公司","臺北市中山區明水路672巷36號5樓","0","解散","2022-01-01 02:44:58.583"
"80540444","現代交通事業股份有限公司","臺北市內湖區民權東路６段１６０號５樓之４","5000000","解散","2022-01-01 02:44:58.583"
"81024164","高威交通有限公司","高雄市前鎮區竹東里二聖一路35號","null","核准設立","2022-01-01 02:44:58.583"
"81027057","午帝交通有限公司","高雄市前鎮區一心一路206號","0","核准設立","2022-01-01 02:44:58.583"
"81027346","伍福交通股份有限公司","高雄市三民區建國一路451號","7000000","核准設立","2022-01-01 02:44:58.583"
"81029323","高北交通有限公司","高雄市前鎮區竹東里二聖一路37號","null","核准設立","2022-01-01 02:44:58.583"
"81032559","天佑交通有限公司","高雄市前鎮區凱旋三路27號","0","核准設立","2022-01-01 02:44:58.583"
"81043747","立旺交通股份有限公司","高雄市三民區歸綏街147號","5000000","核准設立","2022-01-01 02:44:58.583"
"81049496","天傑交通股份有限公司","高雄市前鎮區一心一路206號","6000000","核准設立","2022-01-01 02:44:58.583"
"81076417","百福交通有限公司","高雄市前鎮區瑞忠街28號","0","核准設立","2022-01-01 02:44:58.583"
"81121953","高勇交通有限公司","高雄市苓雅區苓東里四維四路173號","null","核准設立","2022-01-01 02:44:58.583"
"81123782","天景交通有限公司","高雄市前鎮區一心一路206號","0","核准設立","2022-01-01 02:44:58.583"
"81126747","東峰交通有限公司","高雄市仁武區中正路415號","0","核准設立","2022-01-01 02:44:58.583"
"81133445","允順交通有限公司","高雄市仁武區八德東路582之1號","0","核准設立","2022-01-01 02:44:58.583"
"81140874","倫永交通有限公司","高雄市鳥松區本館路60號","null","核准設立","2022-01-01 02:44:58.583"
"81142009","華誠交通有限公司","高雄市前鎮區黃埔街196號1樓","0","核准設立","2022-01-01 02:44:58.583"
"81143632","天志交通有限公司","高雄市前鎮區凱旋三路27號","null","核准設立","2022-01-01 02:44:58.583"
"81146238","百進交通有限公司","高雄市前鎮區瑞忠街28號1樓","null","核准設立","2022-01-01 02:44:58.583"
"81148600","長年交通有限公司","高雄市前鎮區一心一路206號","0","核准設立","2022-01-01 02:44:58.583"
"81149002","大仁交通有限公司","高雄市鹽埕區新興街6號","null","核准設立","2022-01-01 02:44:58.583"
"81151421","天棋交通有限公司","高雄市前鎮區一心一路206號","0","核准設立","2022-01-01 02:44:58.583"
"81151724","菁英交通有限公司","高雄市前鎮區一心一路206號","0","核准設立","2022-01-01 02:44:58.583"
"81224938","長宇交通有限公司","高雄市前鎮區一心一路206號","0","核准設立","2022-01-01 02:44:58.583"
"81224971","永在交通有限公司","高雄市仁武區中正路415號","0","核准設立","2022-01-01 02:44:58.583"
"81224986","中華正大車隊股份有限公司","高雄市苓雅區光華一路148之69號","25000000","核准設立","2022-01-01 02:44:58.583"
"81228744","一定順交通有限公司","高雄市仁武區八德東路582之1號","0","核准設立","2022-01-01 02:44:58.583"
"82012953","樟昇交通企業有限公司","高雄市三民區歸綏街147號","null","核准設立","2022-01-01 02:44:58.583"
"82024183","天冠交通有限公司","高雄市前鎮區一心一路206號","0","核准設立","2022-01-01 02:44:58.583"
"82049608","大漢交通有限公司","高雄市前鎮區二聖1路35號1樓","null","核准設立","2022-01-01 02:44:58.583"
"82065888","立東交通企業有限公司","高雄市三民區歸綏街147號","null","核准設立","2022-01-01 02:44:58.583"
"83002335","天虹交通有限公司","高雄市前鎮區一心一路206號","0","核准設立","2022-01-01 02:44:58.583"
"83094170","力勇交通有限公司","高雄市前鎮區黃埔街196號1樓","0","核准設立","2022-01-01 02:44:58.583"
"83142504","有順交通有限公司","高雄市仁武區八德東路582之1號","0","核准設立","2022-01-01 02:44:58.583"
"83201448","三合利計程車客運服務有限公司","新北市永和區中正路700號8樓之1","0","核准設立","2022-01-01 02:44:58.583"
"83221009","長京交通有限公司","高雄市前鎮區一心一路206號","0","核准設立","2022-01-01 02:44:58.583"
"83266574","共享車隊股份有限公司","臺北市中正區博愛路222號5樓","10000000","核准設立","2022-01-01 02:44:58.583"
"83375670","玉祥交通股份有限公司","高雄市左營區文康路137號","5000000","核准設立","2022-01-01 02:44:58.583"
"83375968","信二交通有限公司","高雄市前鎮區凱旋三路279號","0","核准設立","2022-01-01 02:44:58.583"
"83376066","天喜交通股份有限公司","高雄市前鎮區一心一路206號","5000000","核准設立","2022-01-01 02:44:58.583"
"83395351","嘉雄交通有限公司","高雄市三民區歸綏街147號","null","核准設立","2022-01-01 02:44:58.583"
"83415624","天詠交通有限公司","高雄市前鎮區一心一路206號","0","核准設立","2022-01-01 02:44:58.583"
"83417952","利皇交通有限公司","高雄市仁武區八德東路582之1號","0","核准設立","2022-01-01 02:44:58.583"
"83457757","力量交通有限公司","高雄市前鎮區黃埔街196號1樓","0","核准設立","2022-01-01 02:44:58.583"
"83575396","好康衛星大車隊有限公司","桃園市中壢區龍岡路一段34號","0","核准設立","2022-01-01 02:44:58.583"
"83603301","喜順交通有限公司","高雄市仁武區八德東路582之1號","0","核准設立","2022-01-01 02:44:58.583"
"83603610","和運大車隊股份有限公司","高雄市苓雅區武營路573號","7500000","核准設立","2022-01-01 02:44:58.583"
"83604337","弘順交通有限公司","高雄市楠梓區德富街286巷18號1樓","0","核准設立","2022-01-01 02:44:58.583"
"83610921","和泰移動服務股份有限公司","臺北市中山區松江路433號12樓","438000000","核准設立","2022-01-01 02:44:58.583"
"83626310","友達交通有限公司","高雄市三民區民族一路445之1號1樓","0","核准設立","2022-01-01 02:44:58.583"
"83627681","力威交通有限公司","高雄市前鎮區黃埔街196號1樓","0","核准設立","2022-01-01 02:44:58.583"
"83628915","泰合交通有限公司","高雄市前金區光明街59號","0","核准設立","2022-01-01 02:44:58.583"
"83629082","大陞交通有限公司","高雄市前鎮區二聖1路35號1樓","null","核准設立","2022-01-01 02:44:58.583"
"83633591","天韋交通有限公司","高雄市前鎮區一心一路206號","0","核准設立","2022-01-01 02:44:58.583"
"83700606","立松交通有限公司","高雄市三民區歸綏街147號","null","核准設立","2022-01-01 02:44:58.583"
"83726471","富順交通有限公司","高雄市仁武區八德東路582之1號","0","核准設立","2022-01-01 02:44:58.583"
"85024550","揪車行動大車隊股份有限公司","臺北市大安區忠孝東路4段270號8樓","5000000","核准設立","2022-01-01 02:44:58.583"
"85038007","平安大車隊股份有限公司","新北市樹林區八德街230號","5000000","核准設立","2022-01-01 02:44:58.583"
"85109712","干城衛星車隊有限公司","臺中市東區旱溪里自由路三段314巷6號","0","核准設立","2022-01-01 02:44:58.583"
"85233917","傑誠交通有限公司","高雄市鳳山區國光里國泰路二段四五巷一號","0","核准設立","2022-01-01 02:44:58.583"
"85387670","通順交通有限公司","高雄市仁武區八德東路582之1號","0","核准設立","2022-01-01 02:44:58.583"
"85621254","立吉交通有限公司","高雄市三民區安和里歸綏街147號","null","核准設立","2022-01-01 02:44:58.583"
"85633998","澄清湖交通企業有限公司","高雄市鳳山區建國路三段32號","0","核准設立","2022-01-01 02:44:58.583"
"85653494","順益交通股份有限公司","高雄市鳳山區建國路3段34號","3000000","核准設立","2022-01-01 02:44:58.583"
"85780533","享榮交通有限公司","高雄市三民區綏遠一街175號","0","核准設立","2022-01-01 02:44:58.583"
"85798506","勇順交通有限公司","高雄市前鎮區一心一路238號","0","核准設立","2022-01-01 02:44:58.583"
"86813842","帝一計程車客運服務股份有限公司","臺南市東區小東里小東路244號24樓之5","5000000","核准設立","2022-01-01 02:44:58.583"
"86866517","巨利計程車客運服務業有限公司","臺北市文山區忠順街1段159號1樓","0","核准設立","2022-01-01 02:44:58.583"
"89842933","楷越資通股份有限公司","臺中市西區忠明南路270號5樓之1","20000000","核准設立","2022-01-01 02:44:58.583"
"90847416","風城車隊有限公司","新竹縣竹北市竹北里博愛街513號5樓之5","0","核准設立","2022-01-01 02:44:58.583"
"90881602","耐斯都會股份有限公司","臺北市松山區南京東路4段197號9樓之1","5000000","核准設立","2022-01-01 02:44:58.583"
"91050892","中彰車隊有限公司","臺中市南屯區黎明路一段517號","0","核准設立","2022-01-01 02:44:58.583"
"94740204","千葉交通有限公司","花蓮縣吉安鄉仁和村中正路二段288號1樓","null","核准設立","2022-01-01 02:44:58.583"
"94753896","順利交通有限公司","花蓮縣花蓮市民享里2鄰化道路182號","null","核准設立","2022-01-01 02:44:58.583"
"97468353","青溪計程車客運服務有限公司","臺北市松山區撫遠街390巷28號1樓","null","核准設立","2022-01-01 02:44:58.583"
