﻿"統一編號","公司名稱","負責人","公司地址","實收資本額","公司狀態","產製日期"
"03543210","台榮產業股份有限公司","陳O凱","臺北市中山區南京東路2段206號6樓","1770779440","核准設立","2022-01-01 03:30:43.68"
"03787101","臺灣菸酒股份有限公司","丁O哲","臺北市中正區南昌路1段4號1樓","43854999730","核准設立","2022-01-01 03:30:43.68"
"03794905","台灣糖業股份有限公司","陳O義","臺南市東區生產路68號","56367498650","核准設立","2022-01-01 03:30:43.68"
"05007903","金車股份有限公司","李O財","臺北市中正區羅斯福路3段230號","3975000000","核准設立","2022-01-01 03:30:43.68"
"11768704","義美食品股份有限公司","高O尚","臺北市大同區延平北路2段31號1樓","2000000000","核准設立","2022-01-01 03:30:43.68"
"12462408","百山釀酒廠股份有限公司","李O直","臺南市新化區復興路247號2樓","29600000","核准設立","2022-01-01 03:30:43.68"
"12658466","諦梵尹股份有限公司","盧O宸","新北市淡水區中正東路1段3巷41號3樓","5000000","核准設立","2022-01-01 03:30:43.68"
"12692062","霖展生物科技股份有限公司","陳O宗","新北市石門區大溪墘2之1號","15000000","核准設立","2022-01-01 03:30:43.68"
"12728224","葡萄田生技有限公司","","桃園市桃園區民光東路87號5樓之1","0","解散","2022-01-01 03:30:43.68"
"12819977","久揚農業科技有限公司","","屏東縣枋寮鄉東海村科技路五十號","null","廢止","2022-01-01 03:30:43.68"
"12888050","中國寶島股份有限公司","","彰化縣埔鹽鄉彰水路一段１７５號","6000000","解散","2022-01-01 03:30:43.68"
"12891230","美柏食品股份有限公司","","彰化縣二林鎮後厝里斗苑路四段三六四巷十二號　","1000000","解散","2022-01-01 03:30:43.68"
"12900701","信華農特產股份有限公司","施O婷","臺東縣臺東市正氣北路440號1樓","14980000","核准設立","2022-01-01 03:30:43.68"
"12978192","利誠餐飲有限公司","張O閔","臺北市內湖區民權東路6段469號、471號、471號2樓","0","核准設立","2022-01-01 03:30:43.68"
"13031929","文一記股份有限公司","林O志","宜蘭縣五結鄉成興村利工二路80號","9500000","核准設立","2022-01-01 03:30:43.68"
"13033172","十品鄉國際食品有限公司","","臺中市豐原區水源路343巷12號1樓","0","解散","2022-01-01 03:30:43.68"
"13043426","華葳生技股份有限公司","","新北市土城區青雲路六六五之六號","80000000","解散","2022-01-01 03:30:43.68"
"13059165","榮成動力科技有限公司","","臺中市西屯區工業區十路五號一樓","null","解散","2022-01-01 03:30:43.68"
"13152232","台精統股份有限公司","","臺南市永康區東橋里中正路279巷21弄57號","50000000","廢止","2022-01-01 03:30:43.68"
"14025869","穎聰企業股份有限公司","","新北市汐止區八連路1段77號","6000000","解散","2022-01-01 03:30:43.68"
"16031943","福星利華酒業股份有限公司","卓O樺","臺中市西屯區何安里甘州二街31號1樓","25000000","核准設立","2022-01-01 03:30:43.68"
"16033478","禾津企業股份有限公司","","臺東縣臺東市豐年里中興路3段629號","6000000","廢止","2022-01-01 03:30:43.68"
"16436466","金門酒廠實業股份有限公司","黃O凱","金門縣金寧鄉桃園路1號","4600000000","核准設立","2022-01-01 03:30:43.68"
"16450419","台灣瑞穗食品股份有限公司","玉O霸美佐子","臺北市中山區農安街271巷5號5樓之1","47450000","核准設立","2022-01-01 03:30:43.68"
"16717578","唯群食品工業股份有限公司","林O文","南投縣草屯鎮上林里草溪路二一三之二一號","17200000","核准設立","2022-01-01 03:30:43.68"
"16735529","建華開發有限公司","劉O如","花蓮縣花蓮市美工六街36號","0","核准設立","2022-01-01 03:30:43.68"
"16795954","池上蠶桑休閒農場有限公司","","臺東縣池上鄉萬安村27號","null","解散","2022-01-01 03:30:43.68"
"16845434","馬祖酒廠實業股份有限公司","陳O華","連江縣南竿鄉復興村208號","170000000","核准設立","2022-01-01 03:30:43.68"
"16879980","甲芝生物科技股份有限公司","許O草","桃園市觀音區工業二路18號","170000000","核准設立","2022-01-01 03:30:43.68"
"22102473","佳格食品股份有限公司","曹O風","臺北市大安區仁愛路3段136號5樓","9150895910","核准設立","2022-01-01 03:30:43.68"
"22265497","皇家可口股份有限公司","陳O龍","臺北市中正區懷寧街64號7樓","956683710","核准設立","2022-01-01 03:30:43.68"
"23712298","東久生技股份有限公司","涂O海","苗栗縣銅鑼鄉銅鑼村民有路34號","80000000","核准設立","2022-01-01 03:30:43.68"
"23735790","邑呈實業有限公司","","臺北市文山區興隆路2段154巷11號10樓之1","0","解散","2022-01-01 03:30:43.68"
"23834052","珈媚娜國際股份有限公司","","新北市土城區中華路一段五六巷三一號一樓","13000000","廢止","2022-01-01 03:30:43.68"
"23989457","詠升有限公司","","桃園市中壢區普忠路二一一巷一二號","null","解散","2022-01-01 03:30:43.68"
"24218274","九順酒業股份有限公司","游O民","臺中市北屯區仁美里崇德十一路90號","4380000","核准設立","2022-01-01 03:30:43.68"
"24234372","台安酒業股份有限公司","謝O羣","苗栗縣竹南鎮崎頂里15鄰尖山99號","3000000","核准設立","2022-01-01 03:30:43.68"
"24244435","台灣纖碧爾酒業股份有限公司","曾O連","新竹市香山區海山里中華路六段6之3號","122315000","核准設立","2022-01-01 03:30:43.68"
"24247046","金統洋酒業股份有限公司","鄭O天","臺中市太平區德隆里德隆路122巷37弄8號","3000000","核准設立","2022-01-01 03:30:43.68"
"24285152","有利旺科技股份有限公司","林O亞","新北市土城區日新街48號","5000000","核准設立","2022-01-01 03:30:43.68"
"24294531","兆慶酒廠有限公司","","新北市樹林區中華路379巷68號","null","廢止","2022-01-01 03:30:43.68"
"24300196","禾麥生技股份有限公司","","臺北市中山區新生北路3段21號4樓之7","10000000","廢止","2022-01-01 03:30:43.68"
"24405086","台灣養生酒業股份有限公司","賴O伃","彰化縣溪州鄉瓦厝村13鄰東安路11號","2000000","核准設立","2022-01-01 03:30:43.68"
"24411025","正好麥啤酒有限公司","","苗栗縣造橋鄉朝陽村頭家城路信義巷15號","null","廢止","2022-01-01 03:30:43.68"
"24420283","勁寶生技有限公司","","桃園市觀音區崙坪里1鄰1之19號","null","解散","2022-01-01 03:30:43.68"
"24439804","樑昕製酒股份有限公司","王O賢","屏東縣琉球鄉漁福村三民路112-1號1樓","3000000","核准設立","2022-01-01 03:30:43.68"
"24560426","昭富興業股份有限公司","葉O昇","桃園市龜山區華亞二路222號","5000000","核准設立","2022-01-01 03:30:43.68"
"24575504","臺虎精釀股份有限公司","HOANG PETER","新北市汐止區南陽街201號","20833330","核准設立","2022-01-01 03:30:43.68"
"24581604","雅麥香醇國際有限公司","楊O彰","臺中市北屯區松茂里遼寧路二段1號2樓","0","核准設立","2022-01-01 03:30:43.68"
"24616006","北洋酒業有限公司","陳O城","桃園市大園區和平里和東路582號一樓","0","核准設立","2022-01-01 03:30:43.68"
"24631908","花果椿妝股份有限公司","馬O蓮","嘉義縣民雄鄉北斗村中正路25號","4400000","核准設立","2022-01-01 03:30:43.68"
"24641841","祥茗生技股份有限公司","","新竹縣竹北市崇義里蓮花路223巷98號1樓","5000000","解散","2022-01-01 03:30:43.68"
"24692051","龍昇釀造股份有限公司","葉O廷","新北市三重區重光街1號","180000000","核准設立","2022-01-01 03:30:43.68"
"24745971","打狗酒業股份有限公司","","高雄市小港區平和路199號","40500000","解散","2022-01-01 03:30:43.68"
"24819255","連醇酒業有限公司","張O瑞","臺中市大安區海墘里大安港路1082之1號","null","核准設立","2022-01-01 03:30:43.68"
"24836584","大安甘醇股份有限公司","吳O然","臺中市大安區頂安里中山北路330號1、2樓","40000000","核准設立","2022-01-01 03:30:43.68"
"24862885","派奇國際酒品有限公司","吳O陽","雲林縣斗六市明德北路三段300巷21號2樓、3樓","0","核准設立","2022-01-01 03:30:43.68"
"24872954","蔡氏實業有限公司","蔡O緯","南投縣草屯鎮碧峰里碧山路1146號","0","核准設立","2022-01-01 03:30:43.68"
"24906201","晟業君鼎有限公司","邱O芳","嘉義縣竹崎鄉白杞村4鄰白杞36號","0","核准設立","2022-01-01 03:30:43.68"
"24920837","藏富邑股份有限公司","劉O豐","臺南市麻豆區巷口里興國路61之10號","11600160","核准設立","2022-01-01 03:30:43.68"
"25015304","祥賀酒業股份有限公司","嚴O美女","彰化縣溪州鄉溪厝村中山路2段46號","5000000","核准設立","2022-01-01 03:30:43.68"
"25021663","釀酒人酒廠股份有限公司","吳O渲","基隆市中正區正榮街112巷1號1樓、8號1樓","2000000","核准設立","2022-01-01 03:30:43.68"
"25045980","雅啤精釀啤酒股份有限公司","徐O媛","臺中市外埔區山美路436號","7000000","核准設立","2022-01-01 03:30:43.68"
"25089570","勝榮酒業股份有限公司","吳O勝","桃園市八德區茄苳里華康街205號1樓","2000000","核准設立","2022-01-01 03:30:43.68"
"25090561","十九生物科技股份有限公司","郭O隆","雲林縣元長鄉下寮村經建街6號","10800000","核准設立","2022-01-01 03:30:43.68"
"25153122","頂醇生物科技股份有限公司","張O濤","雲林縣斗南鎮小東里公論路13號","60000000","核准設立","2022-01-01 03:30:43.68"
"25153360","台灣正港製酒股份有限公司","林O華","高雄市仁武區鳳仁路329之18號","3000000","核准設立","2022-01-01 03:30:43.68"
"25154184","宜穀股份有限公司","李O嫺","南投縣南投市彰南路一段559-5號","5000000","核准設立","2022-01-01 03:30:43.68"
"25154797","尚品酒業股份有限公司","","彰化縣彰化市西勢里忠義街95號","2000000","解散","2022-01-01 03:30:43.68"
"25177200","苗栗酒廠股份有限公司","范O濤","苗栗縣公館鄉石墻村13鄰276號","25000000","核准設立","2022-01-01 03:30:43.68"
"25193476","台灣燒酎穎豐酒造有限公司","","臺中市沙鹿區鹿寮里光正街36號","null","廢止","2022-01-01 03:30:43.68"
"27221890","高雄釀造股份有限公司","鍾O清","屏東縣恆春鎮城西里草埔路29-1號","18000000","核准設立","2022-01-01 03:30:43.68"
"27230568","金門大順酒廠股份有限公司","陳O罕","金門縣金湖鎮新市里國順街22號","3000000","核准設立","2022-01-01 03:30:43.68"
"27250992","酒鄉股份有限公司","陳O人","金門縣金湖鎮新市里國順街6號","5000000","核准設立","2022-01-01 03:30:43.68"
"27275115","康田農業科技有限公司","","屏東縣枋寮鄉東海村科技路50號","null","廢止","2022-01-01 03:30:43.68"
"27276705","酒愛股份有限公司","","苗栗縣苗栗市四維街231巷10號","10000000","解散","2022-01-01 03:30:43.68"
"27284141","長盛製酒食品股份有限公司","陳O源","雲林縣古坑鄉荷苞村荷苞厝55號","10000000","核准設立","2022-01-01 03:30:43.68"
"27375493","醫豪生物科技股份有限公司","沈O松","臺中市南區和平里工學北路56號3樓之2","3000000","核准設立","2022-01-01 03:30:43.68"
"27380833","金來寶酒業股份有限公司","","新北市土城區亞洲路二號三樓","10000000","廢止","2022-01-01 03:30:43.68"
"27388949","香品酒業股份有限公司","","桃園市新屋區中山東路1段298號1樓","3000000","廢止","2022-01-01 03:30:43.68"
"27403012","豐昇華食品科技股份有限公司","","臺南市鹽水區橋南里新太路二三號","5000000","解散","2022-01-01 03:30:43.68"
"27405932","保安酒業股份有限公司","卓O樺","臺中市大肚區沙田路三段245巷70號1樓","6000000","核准設立","2022-01-01 03:30:43.68"
"27407208","帝王酒業股份有限公司","翁O清","新竹縣新豐鄉坡頭村坡子頭95-16號","4000000","核准設立","2022-01-01 03:30:43.68"
"27414664","恆昌製酒股份有限公司","","彰化縣福興鄉麥厝街七之二號","3000000","廢止","2022-01-01 03:30:43.68"
"27415501","仙飲實業有限公司","","高雄市前鎮區擴建路1之35號6樓","null","解散","2022-01-01 03:30:43.68"
"27419611","祜益酒廠股份有限公司","高O凱","宜蘭縣五結鄉成興村利工一路2段52號","20000000","核准設立","2022-01-01 03:30:43.68"
"27434612","瀧之香酒業股份有限公司","黃O良","新竹縣新豐鄉坡頭村坡子頭10號","3000000","核准設立","2022-01-01 03:30:43.68"
"27437049","國聯製酒股份有限公司","","臺中市大里區東湖里東湖路一七七號","10000000","解散","2022-01-01 03:30:43.68"
"27441655","大崗山酒廠股份有限公司","","高雄市岡山區碧紅里永樂街二巷115號","5000000","解散","2022-01-01 03:30:43.68"
"27445110","正昌酒業股份有限公司","","臺南市永康區新樹里中山北路764巷25號","3000000","核准設立","2022-01-01 03:30:43.68"
"27448616","南台灣酒廠股份有限公司","","屏東縣九如鄉九清村九如路二段323號1樓","10000000","解散","2022-01-01 03:30:43.68"
"27450648","統洋酒業股份有限公司","周O","新竹縣新豐鄉新豐村新和路102巷5號","3000000","核准設立","2022-01-01 03:30:43.68"
"27451891","南崁酒業股份有限公司","","桃園市龜山區大坑里南上路三八六巷一五號一樓","5000000","廢止","2022-01-01 03:30:43.68"
"27464946","阿瑪國際股份有限公司","宋O瑋","新北市中和區建一路148號5樓","3200000","核准設立","2022-01-01 03:30:43.68"
"27471171","春南製酒股份有限公司","","彰化縣社頭鄉協和村山腳路四段二六六號　　","2500000","廢止","2022-01-01 03:30:43.68"
"27473591","京軒製酒股份有限公司","","桃園市中壢區過嶺里４鄰過嶺１５之１２１號","5000000","解散","2022-01-01 03:30:43.68"
"27473781","自然健康企業有限公司","","宜蘭縣宜蘭市東村里東港路校舍巷二六弄一六號三樓","null","解散","2022-01-01 03:30:43.68"
"27476176","太白酒莊股份有限公司","","臺中市新社區中正里中和街五段一一八巷四七號","6000000","廢止","2022-01-01 03:30:43.68"
"27477098","大山湖釀酒廠股份有限公司","","新竹縣橫山鄉田寮村42號","3000000","廢止","2022-01-01 03:30:43.68"
"27478104","風城酒業股份有限公司","","新竹縣湖口鄉中正村中正路2段126巷91號","5000000","解散","2022-01-01 03:30:43.68"
"27481305","梅山酒莊股份有限公司","蔡O祥","嘉義縣竹崎鄉灣橋村朴子埔1-6號","6000000","廢止","2022-01-01 03:30:43.68"
"27490331","百冬酒莊股份有限公司","羅O賢","桃園市龜山區南上路520巷28弄33號","3000000","核准設立","2022-01-01 03:30:43.68"
"27497242","新園製酒股份有限公司","傅O亮","臺東縣臺東市新園里中興路六段二四六號一樓　","3000000","核准設立，但已命令解散","2022-01-01 03:30:43.68"
"27508326","岱山酒廠股份有限公司","","彰化縣田尾鄉海豐村光榮巷451之3號","3000000","廢止","2022-01-01 03:30:43.68"
"27514360","易生國際有限公司","","新北市新店區順安街36號2樓","null","廢止","2022-01-01 03:30:43.68"
"27551364","隆盛生化科技股份有限公司","","彰化縣彰化市東芳里彰馬路382號","6000000","解散","2022-01-01 03:30:43.68"
"27607212","聯合寰通股份有限公司","","苗栗縣苗栗市大同里３鄰大同路２０巷８號","5000000","廢止","2022-01-01 03:30:43.68"
"27617555","雲山酒廠股份有限公司","許O翔","桃園市龜山區大同路1300巷1號","7000000","核准設立","2022-01-01 03:30:43.68"
"27619358","台灣酒國開發有限公司","","臺中市大里區東湖里東湖路177號","0","解散","2022-01-01 03:30:43.68"
"27621093","江南酒業股份有限公司","","臺中市大肚區頂街里沙田路三段245巷80-1號","10000000","廢止","2022-01-01 03:30:43.68"
"27628785","冠淳食品股份有限公司","","桃園市蘆竹區長興里長興路4段335號","3000000","解散","2022-01-01 03:30:43.68"
"27657232","富香製酒生技股份有限公司","游O女","宜蘭縣冬山鄉群英村冬山路三段633號1樓","5000000","核准設立","2022-01-01 03:30:43.68"
"27667702","鑫囍企業股份有限公司","陳O達","花蓮縣花蓮市民心里精美路28號","12000000","核准設立","2022-01-01 03:30:43.68"
"27704755","文藝復興蘭姆酒廠有限公司","邱O雅","高雄市新興區七賢2路65號","0","核准設立","2022-01-01 03:30:43.68"
"27788017","酒亨企業股份有限公司","","桃園市蘆竹區南崁路１段２３１巷３３號","10000000","廢止","2022-01-01 03:30:43.68"
"27794854","福峰國際製酒股份有限公司","蕭O仁","彰化縣埤頭鄉崙腳村興工路18之1號","29000000","核准設立","2022-01-01 03:30:43.68"
"27808506","長宏酒廠股份有限公司","","彰化縣埔鹽鄉埔南村彰水路1段173號","30000000","解散","2022-01-01 03:30:43.68"
"27809688","牛蒡園酒廠股份有限公司","","苗栗縣後龍鎮溪洲里１４鄰１２１之５號","3000000","廢止","2022-01-01 03:30:43.68"
"27822423","百豐酒莊股份有限公司","吳O板","彰化縣溪湖鎮西溪里員鹿路二段307號","5000000","核准設立","2022-01-01 03:30:43.68"
"27839297","豪信酒業股份有限公司","","苗栗縣竹南鎮崎頂里１５鄰尖山９９號","3000000","解散","2022-01-01 03:30:43.68"
"27842568","酒嵿好酒股份有限公司","","彰化縣二林鎮原斗里中正巷９號之８","2500000","解散","2022-01-01 03:30:43.68"
"27855084","亨澤生技股份有限公司","","臺中市西屯區大河里大河街６２號","2000000","解散","2022-01-01 03:30:43.68"
"27862304","德意生物科技股份有限公司","巫O榮","桃園市龍潭區九龍里中興路九龍段129巷175弄22號","16000000","核准設立","2022-01-01 03:30:43.68"
"27864507","西部洋行有限公司","張O昇","彰化縣溪州鄉坑厝村福德路1之7號","0","核准設立","2022-01-01 03:30:43.68"
"27865787","鎧渥酒業股份有限公司","","高雄市燕巢區安招里安林五街33號","5000000","解散","2022-01-01 03:30:43.68"
"27871401","華澳酒廠股份有限公司","","苗栗縣公館鄉中義村12鄰286-1號","10000000","解散","2022-01-01 03:30:43.68"
"27872106","永泉酒品股份有限公司","鄭O珍","苗栗縣苗栗市維祥里四維街２５３巷８號","5000000","廢止","2022-01-01 03:30:43.68"
"27875407","威仕堡國際酒業股份有限公司","","彰化縣芳苑鄉新生村新復路１段３３１巷５１弄１號","3000000","解散","2022-01-01 03:30:43.68"
"27879190","伍玉酒業股份有限公司","謝O良","苗栗縣公館鄉福星村福星267之1號","2500000","核准設立","2022-01-01 03:30:43.68"
"27880653","二林酒廠股份有限公司","莊O毅","彰化縣二林鎮豐田里中和巷13號之15","2000000","核准設立","2022-01-01 03:30:43.68"
"27889731","三湖道製酒有限公司","黃O峯","苗栗縣苗栗市新英里１５鄰新英１１３之５號","null","核准設立","2022-01-01 03:30:43.68"
"27919600","承昌製酒股份有限公司","","桃園市觀音區上大里9鄰上大76號","5000000","解散","2022-01-01 03:30:43.68"
"27981688","吉比鮮釀股份有限公司","葛O林","新竹縣竹北市惟馨街79號","150000000","核准設立","2022-01-01 03:30:43.68"
"28033431","臺灣懿芝饌國際股份有限公司","陳O穆","臺中市西屯區龍門一街25號","100000000","廢止","2022-01-01 03:30:43.68"
"28034902","建興製酒實業有限公司","","臺東縣池上鄉水墜路８之１號１樓","null","解散","2022-01-01 03:30:43.68"
"28067614","原昇酒業股份有限公司","何O忠","桃園市龍潭區高楊南路37巷5號","12000000","核准設立","2022-01-01 03:30:43.68"
"28076058","澎湖酒廠股份有限公司","林O欽","澎湖縣馬公市仁愛路１１號１樓","5000000","核准設立","2022-01-01 03:30:43.68"
"28165609","東台灣生技股份有限公司","邱O德","臺東縣東河鄉泰源村蔴竹林52之2號","2000000","核准設立","2022-01-01 03:30:43.68"
"28167661","白水芳華酒業股份有限公司","唐O桓","宜蘭縣宜蘭市新生里中山路5段252巷50號","3000000","核准設立","2022-01-01 03:30:43.68"
"28330328","東潤水資源生技股份有限公司","陳O傳","花蓮縣新城鄉順安村北三棧49之1號","470000000","核准設立","2022-01-01 03:30:43.68"
"28351603","澎湖第一酒廠股份有限公司","吳O瑾","澎湖縣馬公市西文里西文澳97-12號","3600000","核准設立","2022-01-01 03:30:43.68"
"28371798","統香珍生技股份有限公司","陳O雪","苗栗縣頭份市蘆竹里16鄰蘆竹216之8號","2500000","核准設立","2022-01-01 03:30:43.68"
"28376549","台灣宮廷酒廠國際企業股份有限公司","王O平","新北市樹林區東豐街49巷8弄22號(1樓)","8000000","核准設立","2022-01-01 03:30:43.68"
"28385505","頂馨實業股份有限公司","謝O暉","新北市三重區仁華街80巷22弄6號","2500000","核准設立","2022-01-01 03:30:43.68"
"28396192","百仙酒廠股份有限公司","林O美","臺南市新市區永就里中山路271巷18號","6000000","核准設立","2022-01-01 03:30:43.68"
"28447875","品醇國際股份有限公司","林O頂","新北市五股區五工三路120號(2樓)","20000000","核准設立","2022-01-01 03:30:43.68"
"28492738","鹿嘉酒莊股份有限公司","","臺東縣鹿野鄉中華路二段120號1樓","3000000","解散","2022-01-01 03:30:43.68"
"28515009","中洲酒業股份有限公司","","新竹縣湖口鄉湖鏡村湖口101號","3000000","廢止","2022-01-01 03:30:43.68"
"28525610","勤美酒業股份有限公司","蔡O源","新竹縣新豐鄉後湖村後湖子118之2號","1500000","核准設立","2022-01-01 03:30:43.68"
"28530281","台新酒業股份有限公司","蔡O緯","新竹縣新豐鄉後湖村後湖子118之6號","1500000","核准設立","2022-01-01 03:30:43.68"
"28533858","一品香酒業股份有限公司","高O乾","苗栗縣通霄鎮通灣里7鄰62-16號","10000000","核准設立","2022-01-01 03:30:43.68"
"28547038","志昇酒廠股份有限公司","","新北市鶯歌區八德路2巷37弄6號","3000000","解散","2022-01-01 03:30:43.68"
"28554494","台灣三麥酒業股份有限公司","謝O財","臺中市神岡區新庄里2鄰溪頭路58巷26號","3000000","核准設立","2022-01-01 03:30:43.68"
"28565865","勵勝酒業股份有限公司","","苗栗縣銅鑼鄉中平村忠興街3之1號","5000000","廢止","2022-01-01 03:30:43.68"
"28573529","拾捌釀生物科技股份有限公司","謝O璟","苗栗縣苗栗市清華里為民街438號","5000000","核准設立","2022-01-01 03:30:43.68"
"28584650","東太陽製酒股份有限公司","劉O汶","臺東縣臺東市豐年里中興路3段629之5號","5000000","核准設立","2022-01-01 03:30:43.68"
"28594329","鴻興製酒股份有限公司","陳O吉","高雄市林園區中門路339巷26弄17號","3000000","核准設立","2022-01-01 03:30:43.68"
"28726594","酒香酒業股份有限公司","","臺中市后里區墩北里月湖路53號","3000000","解散","2022-01-01 03:30:43.68"
"28751930","允承生技股份有限公司","","臺中市太平區興隆里新坪３６號","3000000","解散","2022-01-01 03:30:43.68"
"28786311","金酒安股份有限公司","","臺南市關廟區埤頭里關新路2段38號","7000000","解散","2022-01-01 03:30:43.68"
"28803971","台灣豐田啤酒廠股份有限公司","","桃園市楊梅區楊湖路1段676巷1號2樓","29500000","解散","2022-01-01 03:30:43.68"
"28813719","寶麗金磚生物科技有限公司","郭O佑","苗栗縣銅鑼鄉朝陽村14鄰朝西61-3號","0","核准設立","2022-01-01 03:30:43.68"
"28875236","津旺生物科技股份有限公司","","桃園市楊梅區富岡里新明街456巷63號","10000000","廢止","2022-01-01 03:30:43.68"
"28898792","聖平生物科技股份有限公司","張O云","雲林縣元長鄉下寮村興工街8號","7000000","核准設立","2022-01-01 03:30:43.68"
"28907048","觀音酒廠股份有限公司","","桃園市觀音區新生路598之1號","5000000","解散","2022-01-01 03:30:43.68"
"28915434","中福酒廠股份有限公司","馬O增","宜蘭縣三星鄉大隱村大隱八路367號1樓","5000000","核准設立","2022-01-01 03:30:43.68"
"28916026","騰達酒廠股份有限公司","呂O政","臺南市仁德區一甲里太新路5號","10000000","核准設立","2022-01-01 03:30:43.68"
"28920056","普洛斯特酒業股份有限公司","","新竹縣竹北市泰和里博愛街711巷24弄29號1樓","4000000","解散","2022-01-01 03:30:43.68"
"28926571","勝品酒業股份有限公司","林O勝","彰化縣伸港鄉什股村什股路191-35號","5000000","核准設立","2022-01-01 03:30:43.68"
"28927451","金典國際酒業股份有限公司","","新竹縣湖口鄉湖口村湖口７４–５號","5000000","廢止","2022-01-01 03:30:43.68"
"28934137","威力酒廠股份有限公司","","高雄市燕巢區安招里安招路449號","5000000","解散","2022-01-01 03:30:43.68"
"28954148","瑪蘭村股份有限公司","","臺東縣臺東市豐樂里大忠路８號","3000000","解散","2022-01-01 03:30:43.68"
"29093013","金陳年國際酒業股份有限公司","","桃園市八德區瑞發里民權街28號","5000000","解散","2022-01-01 03:30:43.68"
"35426782","萬家香醬園股份有限公司","吳O春","臺北市中山區德惠街9號5樓之6","38500000","核准設立","2022-01-01 03:30:43.68"
"42679489","溢福有限公司","李O肇","新北市新店區中興路2段244號(1樓)","0","核准設立","2022-01-01 03:30:43.68"
"42740457","東方源有限公司","曾O","臺中市東勢區新盛街136巷20之1號","0","核准設立","2022-01-01 03:30:43.68"
"42753298","佳和食品股份有限公司","吳O成","彰化縣北斗鎮大新里四海路一段60號","29000000","核准設立","2022-01-01 03:30:43.68"
"42762212","緻品國際股份有限公司","歐O君","苗栗縣銅鑼鄉中平村15鄰七十份20號","3000000","核准設立","2022-01-01 03:30:43.68"
"42766420","台灣鄉村酒業有限公司","詹O珠","苗栗縣後龍鎮東明里13鄰下浮尾28之9號","0","核准設立","2022-01-01 03:30:43.68"
"42787889","金裕晟酒業股份有限公司","","彰化縣彰化市福山里山中街81巷85號","3000000","解散","2022-01-01 03:30:43.68"
"42830957","朋承食品股份有限公司","蔡O陞","新北市汐止區福德一路381巷2號","5000000","核准設立","2022-01-01 03:30:43.68"
"42949646","津采酒業有限公司","林O生","新竹縣竹北市泰和里博愛街771號","0","核准設立","2022-01-01 03:30:43.68"
"43008609","金蘭食品股份有限公司","鍾O名","桃園市大溪區介壽路236號","213653210","核准設立","2022-01-01 03:30:43.68"
"43211808","南亞食品工業股份有限公司","蔡O雄","桃園市桃園區桃鶯路411號","114000000","核准設立","2022-01-01 03:30:43.68"
"50531334","景明化工股份有限公司","熊O英","苗栗縣頭份市蘆竹里16鄰工業路16號","80000000","核准設立","2022-01-01 03:30:43.68"
"50854642","台灣谷季股份有限公司","林O穗","新北市五股區五工三路116巷9號","96730000","核准設立","2022-01-01 03:30:43.68"
"50862208","禾遠國際有限公司","李O芳","新北市五股區中興路1段1巷20號(1樓)","0","核准設立","2022-01-01 03:30:43.68"
"50930682","明源酒廠有限公司","謝O義","高雄市岡山區岡山北路193巷21弄2號","0","核准設立","2022-01-01 03:30:43.68"
"50969383","乾一杯股份有限公司","傑O","新北市淡水區下圭柔山114之3號(2樓)","3300000","核准設立","2022-01-01 03:30:43.68"
"51386702","威石東股份有限公司","楊O信","臺中市大肚區南榮路59號1樓","12000000","核准設立","2022-01-01 03:30:43.68"
"53013588","金門華龍酒廠股份有限公司","廖O冠","金門縣金城鎮西門里環島北路38巷1弄7號","50000000","核准設立","2022-01-01 03:30:43.68"
"53038645","琪樂薇股份有限公司","蔡O瑞","嘉義縣新港鄉月潭村月眉潭230-20號","5000000","核准設立","2022-01-01 03:30:43.68"
"53054813","將軍生技酒業股份有限公司","徐O緯","苗栗縣頭份市蘆竹里永貞路1段77巷20號","3000000","核准設立","2022-01-01 03:30:43.68"
"53069885","永璿釀酒股份有限公司","黨O渝","屏東縣春日鄉七佳村自強一路93號","3000000","核准設立","2022-01-01 03:30:43.68"
"53160407","新田製酒股份有限公司","馬O飛","臺東縣臺東市新園里中興路6段246號","3000000","核准設立","2022-01-01 03:30:43.68"
"53206874","嘉泰酒廠股份有限公司","潘O仁","新北市汐止區南陽街120巷26號","2000000","核准設立","2022-01-01 03:30:43.68"
"53223281","台灣麥酒股份有限公司","翁O弟","新北市八里區龍米路2段86之2號","5000000","核准設立","2022-01-01 03:30:43.68"
"53270100","深海企業股份有限公司","曾O雄","花蓮縣花蓮市國聯里國聯二路145號1樓","15000000","核准設立","2022-01-01 03:30:43.68"
"53398649","玄武酒廠有限公司","陳O壁子","桃園市新屋區頭洲里高鐵南路六段792巷142號","0","核准設立","2022-01-01 03:30:43.68"
"53401285","雲端製酒股份有限公司","呂O雲","苗栗縣公館鄉大坑村6鄰162之1號","10000000","核准設立","2022-01-01 03:30:43.68"
"53434265","台灣茶酒生物科技股份有限公司","王O儷","新北市八里區忠孝路286號(1樓)","20000000","核准設立","2022-01-01 03:30:43.68"
"53494761","信荃酒品股份有限公司","","苗栗縣苗栗市維祥里四維街233號1樓","1200000","解散","2022-01-01 03:30:43.68"
"53515415","迦拿國際生物科技股份有限公司","張O維","桃園市桃園區汴洲里鹽庫西街72號","500000","核准設立","2022-01-01 03:30:43.68"
"53552500","倉明實業有限公司","李O倉","臺北市信義區忠孝東路5段552號9樓","null","核准設立","2022-01-01 03:30:43.68"
"53567709","台灣阿里山國際酒業有限公司","廖O琦","桃園市平鎮區南東路50巷30號","null","核准設立","2022-01-01 03:30:43.68"
"53600088","瑞酩國際股份有限公司","莊O森","苗栗縣公館鄉福星村福星193號","3000000","核准設立","2022-01-01 03:30:43.68"
"53618708","日月星辰食品工業有限公司","","桃園市桃園區大林里大仁路58號2樓之1","0","解散","2022-01-01 03:30:43.68"
"53638520","賜豐酒業有限公司","林O賜","桃園市蘆竹區內厝里長安路一段159巷7之1號","null","核准設立","2022-01-01 03:30:43.68"
"53640933","台灣資味啤酒廠股份有限公司","","桃園市龍潭區工二路298巷15號1樓","6600000","解散","2022-01-01 03:30:43.68"
"53834071","金葉生技股份有限公司","葉O斌","新竹市香山區中埔里牛埔路287號5樓","20000000","核准設立","2022-01-01 03:30:43.68"
"53870879","伯仲酒品股份有限公司","許O槐","嘉義縣竹崎鄉鹿滿村麻箕埔91之1號","5000000","核准設立","2022-01-01 03:30:43.68"
"53976606","玉井香股份有限公司","古O立","宜蘭縣五結鄉利工一路二段116巷9號","5000000","核准設立","2022-01-01 03:30:43.68"
"54022473","恆器製酒有限公司","羅O能","桃園市蘆竹區山鼻里2鄰內新路117巷53弄26號","0","核准設立","2022-01-01 03:30:43.68"
"54037362","哈克釀酒股份有限公司","張O凱","新北市新莊區新樹路207之28號","4000000","核准設立","2022-01-01 03:30:43.68"
"54079910","翁國代家酒業股份有限公司","陳O皇","臺南市將軍區將富里將榮129之6號2樓","20000000","核准設立","2022-01-01 03:30:43.68"
"54133203","鷹祥實業股份有限公司","","屏東縣屏東市建國路332巷15號","2000000","解散","2022-01-01 03:30:43.68"
"54162353","紅點手工鮮釀啤酒股份有限公司","江O培","臺北市大安區忠孝東路3段100號9樓","1779720","核准設立","2022-01-01 03:30:43.68"
"54229191","泉輝酒莊股份有限公司","羅O貴","桃園市觀音區廣福里新廣路371巷252號","1600000","核准設立","2022-01-01 03:30:43.68"
"54238179","太陽釀造酒廠有限公司","陳O璇","臺中市新社區中和街五段103號","0","核准設立","2022-01-01 03:30:43.68"
"54266630","龍澤酒業股份有限公司","盧O敏","雲林縣虎尾鎮延平里下南15-6號","14000000","核准設立","2022-01-01 03:30:43.68"
"54295327","五十五街精釀啤酒有限公司","游O亞","桃園市桃園區大豐里樹林八街19巷2弄5號","0","核准設立","2022-01-01 03:30:43.68"
"54314366","台灣一丈紅名酒股份有限公司","吳O雄","新北市中和區建八路2號2樓之2","15000000","核准設立","2022-01-01 03:30:43.68"
"54574860","沐禾鮮釀有限公司","許O穎","臺南市仁德區一甲里太乙三街48號","0","核准設立","2022-01-01 03:30:43.68"
"54609586","高雄麥酒工房有限公司","蔡O烈","高雄市三民區灣興街94號","0","核准設立","2022-01-01 03:30:43.68"
"54631829","八九酒業有限公司","王O煒","高雄市燕巢區安林三街68號","0","核准設立","2022-01-01 03:30:43.68"
"54685508","掌門事業股份有限公司","簡O益","新北市汐止區大同路1段237號11樓","143670000","核准設立","2022-01-01 03:30:43.68"
"54789638","品青生物興業股份有限公司","陳O東","花蓮縣鳳林鎮平漢路48號","60000000","核准設立","2022-01-01 03:30:43.68"
"54793176","品盛酒業股份有限公司","林O緯","彰化縣伸港鄉什股村什股路191-39號","5000000","核准設立","2022-01-01 03:30:43.68"
"54793746","吉姆老爹股份有限公司","宋O文","宜蘭縣員山鄉蓁巷村員山路2段411號1樓、2樓","75000000","核准設立","2022-01-01 03:30:43.68"
"54843680","優貝斯國際有限公司","張O德","新北市泰山區民生路17巷39號(1樓)","0","核准設立","2022-01-01 03:30:43.68"
"54890971","萊馡文創股份有限公司","林O均","臺北市信義區忠孝東路4段553巷12號1樓","5700000","核准設立","2022-01-01 03:30:43.68"
"54896927","禾樂生技有限公司","張O玲","臺中市西屯區大河街32巷25號","0","核准設立","2022-01-01 03:30:43.68"
"54898544","巨人啤酒釀造有限公司","卡O柏","臺中市豐原區翁子里豐東路569號1樓","0","核准設立","2022-01-01 03:30:43.68"
"54953150","出力釀酒業有限公司","高O心","臺東縣東河鄉都蘭村都蘭路308號","0","核准設立","2022-01-01 03:30:43.68"
"54956240","開心酌悦有限公司","藍O峻","桃園市楊梅區環東路298巷86號","0","核准設立","2022-01-01 03:30:43.68"
"55917673","竹昌釀造有限公司","傅O姮","新竹市香山區牛埔里牛埔南路225號1樓","0","核准設立","2022-01-01 03:30:43.68"
"55951088","唐潮酒坊有限公司","江O媛","苗栗縣公館鄉福星村2鄰福星42之2號1樓","0","核准設立","2022-01-01 03:30:43.68"
"56022006","傳奇酒業股份有限公司","林O弘","新竹縣湖口鄉鳳山村仁政路3號","15000000","核准設立","2022-01-01 03:30:43.68"
"56121907","味丹企業股份有限公司","楊O雄","臺中市沙鹿區興安路65號","3751000000","核准設立","2022-01-01 03:30:43.68"
"56225500","勁揚生物科技有限公司","楊O銘","臺東縣臺東市光明里中興路2段27號1樓","0","核准設立","2022-01-01 03:30:43.68"
"57028507","金台灣太魯閣酒廠有限公司","","花蓮縣新城鄉北埔村北埔路83號1樓","0","廢止","2022-01-01 03:30:43.68"
"59216977","英川生化科技股份有限公司","","彰化縣伸港鄉大同村大同路52之1號","5000000","解散","2022-01-01 03:30:43.68"
"59274048","昱翔食品股份有限公司","潘O仁","高雄市鳳山區凱旋路317巷18之1號5樓","10500000","核准設立","2022-01-01 03:30:43.68"
"59661701","泰山企業股份有限公司","詹O宏","彰化縣田中鎮興工路6號","4999990380","核准設立","2022-01-01 03:30:43.68"
"60228613","嶝泰企業股份有限公司","張O綢","彰化縣社頭鄉里仁村員集路一臨37號","5000000","核准設立","2022-01-01 03:30:43.68"
"61181209","彩和酒業股份有限公司","游O田","臺中市大肚區王田里沙田路一段320巷33之11號","5000000","核准設立","2022-01-01 03:30:43.68"
"61865701","台灣慕凱生技股份有限公司","莊O蟾","南投縣竹山鎮延平里延平五路6號","24000000","核准設立","2022-01-01 03:30:43.68"
"63346305","福祿壽國際酒品股份有限公司","張O維","雲林縣古坑鄉中山路11號","203792310","核准設立","2022-01-01 03:30:43.68"
"64853969","酷柏精釀啤酒有限公司","陳O年","臺南市安南區新順里開安路6號1樓","0","核准設立","2022-01-01 03:30:43.68"
"65486603","國本製酒生技股份有限公司","","高雄市大寮區鳳屏二路12號","50000000","解散","2022-01-01 03:30:43.68"
"66383387","合力酒業股份有限公司","張O任","新北市鶯歌區建國路411號(2樓)","6500000","核准設立","2022-01-01 03:30:43.68"
"67002153","連長實業股份有限公司","黎O賜","新北市八里區忠孝路286號","8000000","核准設立","2022-01-01 03:30:43.68"
"67178791","青久藏有限公司","謝O恬","新北市中和區中板路15巷19號3樓","0","核准設立","2022-01-01 03:30:43.68"
"68681003","湧金啤酒股份有限公司","高O芬","桃園市龜山區頂湖路7之1號2樓","11000000","核准設立","2022-01-01 03:30:43.68"
"69729645","晟洋國際有限公司","許O宏","桃園市觀音區中山路1段388巷68號","0","核准設立","2022-01-01 03:30:43.68"
"70511862","凌志企業有限公司","","桃園市八德區介壽路二段四六一號","null","解散","2022-01-01 03:30:43.68"
"70702200","牛頓創意股份有限公司","","臺中市龍井區東海里遠東街48–5號3樓","11000000","廢止","2022-01-01 03:30:43.68"
"70717251","金勝利股份有限公司","童O慈","臺中市太平區頭汴里長龍路一段內城一巷77號","7000000","核准設立","2022-01-01 03:30:43.68"
"70770430","龍泉鑽興業股份有限公司","葉O榮","高雄市苓雅區中正二路175號32樓之2、3","402000000","核准設立","2022-01-01 03:30:43.68"
"70801784","雨宙實業股份有限公司","李O發","金門縣金湖鎮黃海路97號","20000000","核准設立","2022-01-01 03:30:43.68"
"79957077","台灣皇冠酒廠股份有限公司","","新北市淡水區淡金路3段461巷16號","5000000","廢止","2022-01-01 03:30:43.68"
"79959650","珍珠嶺股份有限公司","","桃園市蘆竹區南山路二段三九四巷五七號","1000000","解散","2022-01-01 03:30:43.68"
"79960426","泉香有限公司","","彰化縣二林鎮大永里大永路1之30號","null","解散","2022-01-01 03:30:43.68"
"79961136","九月九酒業股份有限公司","鄭O輝","臺南市安南區安順里開安五街32號","3500000","核准設立","2022-01-01 03:30:43.68"
"79961234","益多利企業有限公司","","雲林縣斗六市成功路573號1樓","null","廢止","2022-01-01 03:30:43.68"
"79990977","舜堂萊嘉股份有限公司","楊O潤","臺中市外埔區廍子路107之5號","198000000","核准設立","2022-01-01 03:30:43.68"
"79993138","馨香釀造廠股份有限公司","","屏東縣新園鄉新園村媽祖路407巷2弄1號","5000000","解散","2022-01-01 03:30:43.68"
"79997134","詮豐食品股份有限公司","吳O貴","高雄市田寮區新興村公館路19號","5000000","核准設立","2022-01-01 03:30:43.68"
"80005148","米國製酒股份有限公司","鄭O印","高雄市大寮區琉球里農場路169號","10000000","核准設立","2022-01-01 03:30:43.68"
"80008709","冠品酒莊有限公司","","新北市新莊區化成路一六二號一樓","null","解散","2022-01-01 03:30:43.68"
"80015856","芳喬生物科技股份有限公司","楊O聬","雲林縣崙背鄉羅厝村東興187號之2","3000000","核准設立","2022-01-01 03:30:43.68"
"80043234","麗發酒廠股份有限公司","","彰化縣埤頭鄉崙腳村興工路廿八號","5000000","解散","2022-01-01 03:30:43.68"
"80046393","啟億興業股份有限公司","","屏東縣屏東市工業路24號1樓","10000000","解散","2022-01-01 03:30:43.68"
"80047626","中台製酒科技股份有限公司","","新北市三峽區嘉添里嘉添227之5號　","15000000","解散","2022-01-01 03:30:43.68"
"80052423","益百齡酒業股份有限公司","","高雄市鳳山區鳳仁路110巷27號","10000000","解散","2022-01-01 03:30:43.68"
"80053653","金門遠東酒廠股份有限公司","林O城","金門縣金城鎮伯玉路1段80巷18弄26號","3000000","核准設立","2022-01-01 03:30:43.68"
"80064238","勤富酒業股份有限公司","","新竹縣新豐鄉松林村松柏林九○號","1000000","解散","2022-01-01 03:30:43.68"
"80068190","益智發酒業股份有限公司","巫O龍","高雄市燕巢區安招里安林二街61號","5000000","核准設立","2022-01-01 03:30:43.68"
"80075333","八達元帥生物科技股份有限公司","","高雄市燕巢區安招里安林四街34號","5000000","解散","2022-01-01 03:30:43.68"
"80085888","昇輝生物科技股份有限公司","鄭O彰","新北市土城區永豐路175號","24900000","核准設立","2022-01-01 03:30:43.68"
"80096652","精醇米食股份有限公司","梁O惠","南投縣竹山鎮延平里延平五路7號","10000000","核准設立","2022-01-01 03:30:43.68"
"80111719","金高生物科技股份有限公司","彭O源","苗栗縣竹南鎮大厝里12鄰獅山街19號","8000000","核准設立","2022-01-01 03:30:43.68"
"80112301","老醇酒業有限公司","","臺中市豐原區南嵩里水源路二一五巷廿一號","null","解散","2022-01-01 03:30:43.68"
"80114011","全久榮企業股份有限公司","陳O廷","臺南市歸仁區崙頂里高發三路一段35號","18000000","核准設立","2022-01-01 03:30:43.68"
"80115877","琪洋股份有限公司","","新北市中和區中正路九五九號十一樓","4000000","解散","2022-01-01 03:30:43.68"
"80121884","長品製酒股份有限公司","","高雄市鳳山區北門里鳳仁路二三○之六號一樓","4000000","解散","2022-01-01 03:30:43.68"
"80124123","泉洋食品股份有限公司","","南投縣南投市營北里東閔路一○○○號","6000000","解散","2022-01-01 03:30:43.68"
"80129181","聖果蜜多股份有限公司","何O斌","臺東縣臺東市豐樂里大業路132巷3號","5000000","核准設立","2022-01-01 03:30:43.68"
"80131074","台灣生物麴股份有限公司","廖O鈞","臺中市西區廣民里自治街9號6樓之1","29000000","核准設立","2022-01-01 03:30:43.68"
"80137014","金門皇家酒廠股份有限公司","李O松","金門縣金湖鎮三谿橋17號","1000000000","核准設立","2022-01-01 03:30:43.68"
"80152014","裕豐釀業股份有限公司","吳O屏","臺北市文山區景華街176巷1號1樓","2000000","核准設立","2022-01-01 03:30:43.68"
"80166988","邱富國際股份有限公司","","臺北市中山區錦州街30巷11號6樓之5","15000000","廢止","2022-01-01 03:30:43.68"
"80206530","泰武山酒業開發股份有限公司","陳O","屏東縣潮州鎮介壽路371號","15000000","核准設立","2022-01-01 03:30:43.68"
"80228823","玖紅食品有限公司","","桃園市平鎮區東豐路十六巷廿三號一樓","null","廢止","2022-01-01 03:30:43.68"
"80231593","神曲有限公司","","桃園市平鎮區南勢里南東路50巷24號","0","解散","2022-01-01 03:30:43.68"
"80239223","尚好酒品科技股份有限公司","廖O聖","雲林縣二崙鄉三和村三塊厝89號1樓","5000000","核准設立","2022-01-01 03:30:43.68"
"80246934","平和光酒品股份有限公司","","臺中市豐原區鎌村里鎌村路605巷38號1樓","5000000","廢止","2022-01-01 03:30:43.68"
"80249572","金龜酒莊企業有限公司","","新北市樹林區柑園街二段七六號","null","廢止","2022-01-01 03:30:43.68"
"80249756","福爾摩莎酒莊有限公司","詹O妹","臺中市大肚區王田里沙田路一段255號1樓","0","核准設立","2022-01-01 03:30:43.68"
"80255996","金漢國際有限公司","劉O芝","桃園市龍潭區凌雲里聖亭路300巷20號","0","核准設立","2022-01-01 03:30:43.68"
"80318985","金順酒業股份有限公司","盧O益","臺中市太平區新興里新福路1096號","6700000","核准設立","2022-01-01 03:30:43.68"
"80323896","酩軒製酒股份有限公司","","桃園市蘆竹區內厝里大豐街三九號","1000000","廢止","2022-01-01 03:30:43.68"
"80371340","統一林園酒廠股份有限公司","","高雄市前金區文西里五福三路61號15樓之11","1000000","解散","2022-01-01 03:30:43.68"
"80390515","誼光酒泉股份有限公司","","高雄市燕巢區安林五街23號","15000000","核准設立，但已命令解散","2022-01-01 03:30:43.68"
"80397989","新馨股份有限公司","李O瑞","臺東縣臺東市豐田里中興路四段197號1樓","3000000","核准設立","2022-01-01 03:30:43.68"
"80411906","怡志國際股份有限公司","","宜蘭縣羅東鎮樹林里樹人路三九號一樓","6000000","解散","2022-01-01 03:30:43.68"
"80414713","桃園酒廠股份有限公司","吳O丞","桃園市龜山區南美里南上路327號","3000000","核准設立","2022-01-01 03:30:43.68"
"80432424","大漠啤酒廠股份有限公司","","新北市新店區寶中路九七巷一號","10000000","廢止","2022-01-01 03:30:43.68"
"80434133","六順農產加工股份有限公司","","彰化縣竹塘鄉新廣村光明路廣福巷二四號","3000000","解散","2022-01-01 03:30:43.68"
"80443724","石園事業有限公司","陳O儀","桃園市龍潭區中正路三林段190號","0","核准設立","2022-01-01 03:30:43.68"
"80446243","穗豐釀酒股份有限公司","林O榮","臺中市大甲區頂店里中山路一段1158巷6之13號","3000000","核准設立","2022-01-01 03:30:43.68"
"80447854","逸晶股份有限公司","","彰化縣社頭鄉仁雅村仁雅巷一七七弄一０號一樓","1000000","解散","2022-01-01 03:30:43.68"
"80459302","精純酒品開發有限公司","","桃園市中壢區中山東路一段223巷61號","0","解散","2022-01-01 03:30:43.68"
"80459773","永續酒業股份有限公司","陳O瀚","苗栗縣頭份市蘆竹里2鄰蘆竹路170號","2000000","核准設立","2022-01-01 03:30:43.68"
"80464874","獅誠酒業有限公司","鄭O恩","新北市新莊區化成路660巷5號","0","核准設立","2022-01-01 03:30:43.68"
"80467181","昌甲生物科技股份有限公司","","南投縣魚池鄉中明村文正巷一︱三二號","5000000","解散","2022-01-01 03:30:43.68"
"80467844","尚賀酒廠股份有限公司","王O淳","彰化縣埔心鄉經口村明聖路2段31、33號","3000000","核准設立","2022-01-01 03:30:43.68"
"80468105","中原製酒股份有限公司","王O源","高雄市林園區中門里中門路339巷26弄35號","5000000","核准設立","2022-01-01 03:30:43.68"
"80471170","汎球製酒科技股份有限公司","黃O泉","彰化縣社頭鄉員集路二段五九八巷六七號","4000000","核准設立","2022-01-01 03:30:43.68"
"80473326","阿里山製酒股份有限公司","王O綸","高雄市燕巢區安招里安林五街31號","29620880","核准設立","2022-01-01 03:30:43.68"
"80474850","新富食品股份有限公司","","新竹縣新埔鎮鹿鳴里4鄰23號","3000000","解散","2022-01-01 03:30:43.68"
"80476436","華一酒業股份有限公司","蘇O賢","臺南市中西區文賢里和真街78號1樓","30000000","廢止","2022-01-01 03:30:43.68"
"80478531","金品酒廠股份有限公司","","新竹縣新豐鄉新豐村紅毛219號","10000000","廢止","2022-01-01 03:30:43.68"
"80484576","酒軒酒莊生物科技股份有限公司","","新北市淡水區中正東路一段三巷九號五樓","3880000","廢止","2022-01-01 03:30:43.68"
"80486238","北台灣麥酒有限公司","温O國","桃園市大園區中山北路270號","null","核准設立","2022-01-01 03:30:43.68"
"80531037","金門太武山酒品事業股份有限公司","","臺北市信義區松隆路１０２號１７樓","10000000","廢止","2022-01-01 03:30:43.68"
"80552617","雪山醇有限公司","","臺中市東勢區北興里中正路３７６號","null","廢止","2022-01-01 03:30:43.68"
"80556851","苗強酒業有限公司","","苗栗縣頭份市蘆竹里2鄰永貞路1段145巷16號","null","解散","2022-01-01 03:30:43.68"
"80563305","神仙府酒廠實業股份有限公司","李O德","新北市新莊區五權一路5號4樓之10","3000000","核准設立","2022-01-01 03:30:43.68"
"80570657","國際引藻生物科技股份有限公司","許O貞","彰化縣二林鎮萬興里功湖北路一段18號","42800000","核准設立","2022-01-01 03:30:43.68"
"80572661","泉怡實業有限公司","吳O珠","雲林縣虎尾鎮頂溪里崁腳廿六號","null","核准設立","2022-01-01 03:30:43.68"
"80573417","長虹國際事業有限公司","","屏東縣佳冬鄉玉光村中山路57號","0","解散","2022-01-01 03:30:43.68"
"80576580","台灣官田興業國際股份有限公司","","臺南市官田區二鎮里工業西路29號","20000000","解散","2022-01-01 03:30:43.68"
"80576815","久得洋酒業股份有限公司","周O文","高雄市燕巢區安招里安林三街四十九號","5000000","核准設立","2022-01-01 03:30:43.68"
"80577526","鼎昌製酒廠股份有限公司","劉O紅","臺東縣臺東市豐樂里大忠路12號1樓","2000000","核准設立","2022-01-01 03:30:43.68"
"80580037","嘉南酒業有限公司","","高雄市燕巢區安招里安林二街36號","0","廢止","2022-01-01 03:30:43.68"
"80580515","大富酒業股份有限公司","","新竹縣新豐鄉埔和村埔頂156號","1500000","解散","2022-01-01 03:30:43.68"
"80591772","誠善食品工業股份有限公司","","高雄市燕巢區安招里安林四街二二號一樓","10000000","廢止","2022-01-01 03:30:43.68"
"80596684","優米企業股份有限公司","陳O姿","新北市新莊區五權二路二○號四樓之一","5000000","核准設立","2022-01-01 03:30:43.68"
"80608915","增上農埔企業股份有限公司","","臺中市大肚區王田里沙田路一段320巷32之5號","5000000","解散","2022-01-01 03:30:43.68"
"80610476","麥晶生物科技股份有限公司","王O榮","桃園市龜山區大華里頂湖二街58號","8000000","核准設立","2022-01-01 03:30:43.68"
"80610898","三燁酒業股份有限公司","羅O平","苗栗縣頭份市民權里10鄰民族路285號","2990000","核准設立","2022-01-01 03:30:43.68"
"80618076","匯泉酒廠股份有限公司","","彰化縣社頭鄉廣興村中山路一段四五七巷六號","5000000","廢止","2022-01-01 03:30:43.68"
"80622450","日月潭製酒股份有限公司","王O蓮","屏東縣屏東市清溪里建國路360巷14號1樓","15874500","核准設立","2022-01-01 03:30:43.68"
"80633225","德三酒廠股份有限公司","","桃園市蘆竹區長興里南崁路二段二二八巷十二號二樓","5000000","解散","2022-01-01 03:30:43.68"
"80635949","家緣食品有限公司","羅O梅","高雄市林園區中門里中門路三三九巷五十弄二九號","null","核准設立","2022-01-01 03:30:43.68"
"80645263","台一酒廠股份有限公司","","臺中市太平區鵬儀路３４２巷６弄２號","10000000","解散","2022-01-01 03:30:43.68"
"80660159","笠宇國際酒業股份有限公司","","桃園市楊梅區高上里高青路22巷18號","15000000","解散","2022-01-01 03:30:43.68"
"80701692","五旭食品有限公司","","新北市汐止區康寧街三四○號六樓","null","解散","2022-01-01 03:30:43.68"
"80706417","開運食品企業股份有限公司","","新北市新莊區建國二路83之12號","5000000","解散","2022-01-01 03:30:43.68"
"80713472","九龍興股份有限公司","","新北市汐止區大同路1段111巷11號1樓","5000000","解散","2022-01-01 03:30:43.68"
"80716082","汯洋製酒股份有限公司","","雲林縣元長鄉潭西村潭內143號","3000000","解散","2022-01-01 03:30:43.68"
"80720797","滿吉財有限公司","","桃園市平鎮區南東路五○巷五號","null","解散","2022-01-01 03:30:43.68"
"80745360","尚豪製酒股份有限公司","林O揚","臺中市后里區墩北里月湖路76-1號　　","2500000","核准設立","2022-01-01 03:30:43.68"
"82868850","草澤精釀股份有限公司","蔡O琙","高雄市湖內區民族街372巷22號","10000000","核准設立","2022-01-01 03:30:43.68"
"82914334","若森科技股份有限公司","高O裕","臺中市南屯區永春路11之9號2樓","133860000","核准設立","2022-01-01 03:30:43.68"
"82915684","三点水實業股份有限公司","高O裕","臺中市南屯區永春路11之9號2樓","20000000","核准設立","2022-01-01 03:30:43.68"
"82936225","烏鶖啤酒有限公司","NOIL DEVIN GABRIEL","宜蘭縣礁溪鄉吳沙村5鄰礁溪路一段126號","0","核准設立","2022-01-01 03:30:43.68"
"82966070","沙連堡酒業有限公司","張O芳","南投縣埔里鎮水頭里中正路101號","0","核准設立","2022-01-01 03:30:43.68"
"83123302","艾何精釀國際股份有限公司","陳O希","新北市板橋區中山路1段279號","13000000","核准設立","2022-01-01 03:30:43.68"
"83199457","酷萬精釀股份有限公司","朱O德","臺北市大安區光復南路330號1樓","7000000","核准設立","2022-01-01 03:30:43.68"
"83371273","三喜產業股份有限公司","吳O春","屏東縣內埔鄉中林村大同路五段88號","76000000","核准設立","2022-01-01 03:30:43.68"
"83375209","優得沛酒業股份有限公司","譚O駿","苗栗縣通霄鎮通西里漁港路42號","3000000","核准設立","2022-01-01 03:30:43.68"
"83399785","真口味食品企業股份有限公司","葉O榮","高雄市苓雅區中正二路175號24樓之1、2","301000000","核准設立","2022-01-01 03:30:43.68"
"83402769","威世得國際股份有限公司","謝O豪","桃園市蘆竹區安中街20巷8號","30000000","核准設立","2022-01-01 03:30:43.68"
"83421359","日星冷凍食品股份有限公司","羅O榮","高雄市鹽埕區大禮街45號","12000000","核准設立","2022-01-01 03:30:43.68"
"83578957","米來旺生技有限公司","許O芬","桃園市八德區茄苳里寶豐街15巷2弄11衖11號(1樓)","0","核准設立","2022-01-01 03:30:43.68"
"84074700","啟銘實業股份有限公司","黃O勝玉","臺南市將軍區忠興里忠興132之18號","9000000","核准設立","2022-01-01 03:30:43.68"
"84208378","埔里甘泉有限公司","","南投縣埔里鎮南村里中山路四段一七七號","null","廢止","2022-01-01 03:30:43.68"
"84255483","協龍工業股份有限公司","","金門縣金湖鎮新湖村信義新村七號","29400000","廢止","2022-01-01 03:30:43.68"
"84433591","義記啤酒釀造廠有限公司","黃O彬","新北市新莊區五權一路5號3樓之4","0","核准設立","2022-01-01 03:30:43.68"
"84478111","京華堂實業股份有限公司","唐O文","臺北市內湖區瑞光路258巷52號","235460320","核准設立","2022-01-01 03:30:43.68"
"84547216","四方乳品工業股份有限公司","蔡O","苗栗縣竹南鎮大厝里大厝59之13號","24750000","核准設立","2022-01-01 03:30:43.68"
"84774577","中華日新生化產業股份有限公司","","新北市汐止區環河街一二二巷一０號一樓","6000000","廢止","2022-01-01 03:30:43.68"
"85105407","祥鼎國際有限公司","曾O娟","新竹縣竹北市尚義里16鄰鳳岡路五段648-1號","0","核准設立","2022-01-01 03:30:43.68"
"85783813","萬安農牧股份有限公司","楊O茂","高雄市大樹區竹寮路75號","28000000","核准設立","2022-01-01 03:30:43.68"
"86421233","轉寫企業股份有限公司","","桃園市桃園區勇一街42巷16號1樓","5000000","廢止","2022-01-01 03:30:43.68"
"86721230","瓏舌蘭開發股份有限公司","林O發","新北市泰山區明志路2段87號1樓","25000000","核准設立","2022-01-01 03:30:43.68"
"86831314","大鵰生技股份有限公司","温O洲","屏東縣長治鄉德和村研發一路2號","120000000","核准設立","2022-01-01 03:30:43.68"
"86977963","北成生物科技股份有限公司","劉O良","南投縣竹山鎮延平里東鄉路3之7號","26000000","核准設立","2022-01-01 03:30:43.68"
"89797959","青春泉食品股份有限公司","黃O光","新北市三重區中正北路20巷21號1樓","192400000","核准設立","2022-01-01 03:30:43.68"
"91123017","開川酒業有限公司","王O民","苗栗縣頭份市蘆竹里5鄰蘆竹路281號","0","核准設立","2022-01-01 03:30:43.68"
"92364111","廣明產業股份有限公司","劉O坤","屏東縣萬巒鄉泗溝村永全路2號","10000000","核准設立","2022-01-01 03:30:43.68"
"94811468","榮新佳潁酒業股份有限公司","林O珠","花蓮縣花蓮市國盛里國盛一街60號","13000000","核准設立","2022-01-01 03:30:43.68"
"97012312","珍喜食品股份有限公司","謝O樹","高雄市燕巢區安招里安林六街二一號","5500000","核准設立","2022-01-01 03:30:43.68"
"97056508","百味香食品工業股份有限公司","莊O美","臺南市白河區馬稠後里草店1之16號","10000000","核准設立","2022-01-01 03:30:43.68"
"97274363","萬灃股份有限公司","簡O枝","雲林縣斗六市榴南里斗工三路3號1樓","60000000","核准設立","2022-01-01 03:30:43.68"
"97308639","金門浯江酒廠實業股份有限公司","陳O怡","金門縣金湖鎮料羅里料羅151號","10000000","核准設立","2022-01-01 03:30:43.68"
"97352022","百碩工業股份有限公司","","南投縣南投市永豐里工業北二路１０號","3600000","解散","2022-01-01 03:30:43.68"
