﻿"統一編號","公司名稱","公司地址","實收資本額","公司狀態","產製日期"
"42917291","順昌當舖有限公司","臺南市新化區中正路1165號1樓","0","核准設立","2022-01-01 02:45:00.29"
"64934490","東東當舖有限公司","臺南市北區東興里小東路295之3號1樓","0","核准設立","2022-01-01 02:45:00.29"
"65022800","慶華當舖有限公司","臺南市中西區青年里民權路一段248號1樓","0","核准設立","2022-01-01 02:45:00.29"
"79984980","玉山當舖企業有限公司","新北市林口區仁愛路2段636號(1樓)","0","核准設立","2022-01-01 02:45:00.29"
